gp_lgd_code,district_name,block_name,gp_name,rwi_score
14010028,Anugul,Anugul,Angarbandha,0.2948
14010019,Anugul,Anugul,Antulia,-0.4502142857142857
14010006,Anugul,Anugul,Bada Kantakula,-0.3922
14010021,Anugul,Anugul,Badakera,-0.0197999999999999
14010029,Anugul,Anugul,Balanga,-0.418
14010030,Anugul,Anugul,Balasinga,0.0454444444444444
14010023,Anugul,Anugul,Baluakata Hq.Sabalabhanga,-0.108
14010031,Anugul,Anugul,Bantala,0.0777142857142857
14010005,Anugul,Anugul,Bara Gaunia,-0.1074
14010010,Anugul,Anugul,Basala,-0.0138571428571428
14010009,Anugul,Anugul,Beda Sasan,0.0013333333333333
14010026,Anugul,Anugul,Chheliapada,0.2816666666666667
14010032,Anugul,Anugul,Dhokuta,-0.0653333333333333
14010007,Anugul,Anugul,Gadataras,-0.2451111111111111
14010011,Anugul,Anugul,Inkar Bandha,0.1257142857142857
14010015,Anugul,Anugul,Jaganathpur,-0.6018888888888889
14010027,Anugul,Anugul,Kangula Bentapur,0.1694666666666666
14010025,Anugul,Anugul,Khalari,0.6442
14010008,Anugul,Anugul,Khinda,-0.055
14010014,Anugul,Anugul,Kothabhuin,-0.5378999999999999
14010022,Anugul,Anugul,Kumurisingha,-0.1282727272727273
14010016,Anugul,Anugul,Manika Jodi,-0.4780833333333333
14010020,Anugul,Anugul,Matiasahi,-0.1501666666666666
14010003,Anugul,Anugul,Nandapur,-0.3493846153846153
14010034,Anugul,Anugul,Nuamouza,0.190625
14010013,Anugul,Anugul,Pokatunga,-0.1732857142857143
14010002,Anugul,Anugul,Purunakote,-0.5559166666666667
14010024,Anugul,Anugul,Rantalei,0.1138333333333333
14010012,Anugul,Anugul,Sankhapur,0.25825
14010017,Anugul,Anugul,Saradhapur,-0.3644
14010033,Anugul,Anugul,Susuda,0.4133333333333333
14010018,Anugul,Anugul,Tainsi,-0.4596923076923077
14010004,Anugul,Anugul,Talagada,-0.40925
14010001,Anugul,Anugul,Tikarpada,-0.5241428571428571
14020009,Anugul,Atthamallik,Aida,-0.4371333333333334
14020017,Anugul,Atthamallik,Ambasara Mund,-0.4707368421052631
14020023,Anugul,Atthamallik,Basudevpur,-0.3145
14020011,Anugul,Atthamallik,Jamudoli,-0.4003333333333334
14020003,Anugul,Atthamallik,Kampala,-0.2499090909090909
14020002,Anugul,Atthamallik,Kandhapada,-0.2527368421052631
14020013,Anugul,Atthamallik,Kantapada,-0.5113076923076924
14020001,Anugul,Atthamallik,Kiakata,-0.2374117647058823
14020018,Anugul,Atthamallik,Krutibaspur,-0.4826666666666667
14020005,Anugul,Atthamallik,Kudagaon,-0.258
14020024,Anugul,Atthamallik,Kurumtap,-0.4171249999999999
14020010,Anugul,Atthamallik,Luhasinga,-0.4458999999999999
14020004,Anugul,Atthamallik,Lunahandi,-0.28
14020006,Anugul,Atthamallik,Madhapur,-0.0848181818181818
14020012,Anugul,Atthamallik,Maimura,-0.5926428571428571
14020008,Anugul,Atthamallik,Nagaon,-0.5042857142857143
14020020,Anugul,Atthamallik,Paikasahi,-0.4844736842105263
14020021,Anugul,Atthamallik,Pedi Pathar,-0.3480833333333333
14020007,Anugul,Atthamallik,Puruna Manitri,-0.3525999999999999
14020019,Anugul,Atthamallik,Sanahula,-0.4633529411764706
14020022,Anugul,Atthamallik,Sapaghera,-0.5052666666666666
14020014,Anugul,Atthamallik,Tapdhol,-0.3804166666666667
14020015,Anugul,Atthamallik,Thakurgarh,-0.4875294117647059
14020016,Anugul,Atthamallik,Tusar,-0.2885555555555555
14060026,Anugul,Banarpal,Badahinda Hinsara,-0.1043333333333333
14060021,Anugul,Banarpal,Badakerjang,-0.087
14060018,Anugul,Banarpal,Balaram Prasad,0.4841111111111111
14060035,Anugul,Banarpal,Banarpal,0.361
14060022,Anugul,Banarpal,Bauligarh,-0.0338333333333333
14060033,Anugul,Banarpal,Benagadia,0.2795
14060024,Anugul,Banarpal,Bhogoberini,0.3962857142857143
14060023,Anugul,Banarpal,Bonda,0.393875
14060017,Anugul,Banarpal,Budhapanka,0.4063076923076923
14060011,Anugul,Banarpal,Fulpada,-0.0694545454545454
14060014,Anugul,Banarpal,Gadasantri,0.094125
14060032,Anugul,Banarpal,Giranga,0.541
14060016,Anugul,Banarpal,Gotamara,0.526
14060030,Anugul,Banarpal,Jamunali,0.1076999999999999
14060027,Anugul,Banarpal,Jarada,0.0525
14060005,Anugul,Banarpal,Jarasingha,0.5023333333333334
14060008,Anugul,Banarpal,Kanda Sara,0.3683333333333333
14060001,Anugul,Banarpal,Kanjara,-0.1338333333333333
14060004,Anugul,Banarpal,Karada Gadia,0.367875
14060019,Anugul,Banarpal,Kukudanga,0.5348333333333333
14060009,Anugul,Banarpal,Kulad,0.53325
14060006,Anugul,Banarpal,Kumanda,0.68025
14060020,Anugul,Banarpal,Kurudola,0.37775
14060013,Anugul,Banarpal,Mahidharpur,-0.0261111111111111
14060015,Anugul,Banarpal,Nuahata,0.3021818181818182
14060028,Anugul,Banarpal,Ranigoda Jungle,0.7408333333333333
14060007,Anugul,Banarpal,Sakosingha,0.333875
14060025,Anugul,Banarpal,Sankerjang,0.2587272727272727
14060034,Anugul,Banarpal,Santarapur,-0.015125
14060002,Anugul,Banarpal,Santrapur,0.09
14060012,Anugul,Banarpal,Talamul,-0.0926
14060031,Anugul,Banarpal,Talamulsasan,-0.011625
14060003,Anugul,Banarpal,Tube,0.043
14060010,Anugul,Banarpal,Tulasipal,0.1876666666666666
14060029,Anugul,Banarpal,Turanga,0.5988571428571429
14030022,Anugul,Chhendipada,Bagedia,-0.0001666666666666
14030033,Anugul,Chhendipada,Bahalasahi,-0.2285555555555555
14030012,Anugul,Chhendipada,Balipata,-0.2928461538461538
14030031,Anugul,Chhendipada,Barapada,-0.3180909090909091
14030024,Anugul,Chhendipada,Barasahi,-0.1881428571428571
14030032,Anugul,Chhendipada,Basantapur,-0.3592
14030018,Anugul,Chhendipada,Brahman Bila,-0.2059090909090908
14030019,Anugul,Chhendipada,Changudia,-0.3250909090909091
14030021,Anugul,Chhendipada,Chhendipada,-0.0515454545454545
14030002,Anugul,Chhendipada,Durgapur,-0.1933333333333333
14030004,Anugul,Chhendipada,Jarapada,0.0574999999999999
14030005,Anugul,Chhendipada,Jeranga Dehuri Sahi,-0.241875
14030020,Anugul,Chhendipada,Kampasala,-0.3125
14030034,Anugul,Chhendipada,Kanaloi,-0.2221
14030030,Anugul,Chhendipada,Kankarei,0.0091666666666666
14030001,Anugul,Chhendipada,Katada,-0.3358571428571428
14030003,Anugul,Chhendipada,Korada,-0.27075
14030011,Anugul,Chhendipada,Kosala,-0.2133333333333333
14030015,Anugul,Chhendipada,Kukurpeta,-0.0104999999999999
14030013,Anugul,Chhendipada,Kusakila,-0.1906666666666666
14030014,Anugul,Chhendipada,Machhakuta,-0.2792727272727273
14030029,Anugul,Chhendipada,Natada,0.121875
14030009,Anugul,Chhendipada,Nisa Kankarei,0.27875
14030025,Anugul,Chhendipada,Nuagaon,-0.1986
14030006,Anugul,Chhendipada,Para,-0.285375
14030008,Anugul,Chhendipada,Paranga,0.3926
14030027,Anugul,Chhendipada,Pata Kumunda,-0.2506153846153846
14030023,Anugul,Chhendipada,Patrapada,-0.1394615384615384
14030010,Anugul,Chhendipada,Raijharana,-0.143375
14030017,Anugul,Chhendipada,Similipala,-0.32425
14030026,Anugul,Chhendipada,Tangiri,-0.1714375
14030016,Anugul,Chhendipada,Tentulei Kodasahi,-0.0926666666666666
14030007,Anugul,Chhendipada,Tukuda,-0.0027499999999999
14030028,Anugul,Chhendipada,Ugi,-0.1955555555555555
14070019,Anugul,Kaniha,Arakil,-0.3389090909090909
14070013,Anugul,Kaniha,Bada Gunduri,-0.2812857142857142
14070002,Anugul,Kaniha,Bada Tribida,-0.17025
14070020,Anugul,Kaniha,Bajrakota,-0.2447142857142857
14070023,Anugul,Kaniha,Balipasi,-0.434952380952381
14070004,Anugul,Kaniha,Bijigol,0.0562727272727272
14070025,Anugul,Kaniha,Biru,-0.1937499999999999
14070010,Anugul,Kaniha,Burukuna,-0.1878333333333333
14070016,Anugul,Kaniha,Dalaka,-0.184
14070015,Anugul,Kaniha,Deranga,-0.1879166666666666
14070027,Anugul,Kaniha,Gadasila,-0.119
14070017,Anugul,Kaniha,Gandamala,-0.253
14070007,Anugul,Kaniha,Hanumanpur,-0.335
14070024,Anugul,Kaniha,Hariharpur,0.0005
14070003,Anugul,Kaniha,Jarada,0.0564
14070014,Anugul,Kaniha,Kakudia,-0.2877692307692307
14070005,Anugul,Kaniha,Kamarei,0.14225
14070006,Anugul,Kaniha,Kaniha,-0.0148333333333333
14070012,Anugul,Kaniha,Karnapala,-0.216076923076923
14070009,Anugul,Kaniha,Kulei,-0.1615454545454545
14070022,Anugul,Kaniha,Kuluma,-0.1321818181818181
14070011,Anugul,Kaniha,Parabila,-0.0733076923076923
14070021,Anugul,Kaniha,Rengali,-0.0029090909090909
14070008,Anugul,Kaniha,Samal,-0.095
14070001,Anugul,Kaniha,Sana Tribida,-0.1564545454545454
14070018,Anugul,Kaniha,Susuba,-0.1248571428571428
14070026,Anugul,Kaniha,Talapada,-0.2142499999999999
14080017,Anugul,Kishorenagar,Ambapal,-0.267
14080005,Anugul,Kishorenagar,Angapada,-0.4320769230769231
14080016,Anugul,Kishorenagar,Bamur,-0.1532666666666667
14080008,Anugul,Kishorenagar,Bileinali,-0.4788571428571428
14080018,Anugul,Kishorenagar,Dhaura Palli,-0.282
14080019,Anugul,Kishorenagar,Dhudurapal,-0.4125999999999999
14080010,Anugul,Kishorenagar,Gaon Bainda,-0.0603999999999999
14080009,Anugul,Kishorenagar,Handapa,-0.3145
14080004,Anugul,Kishorenagar,Himitira,-0.4288125
14080021,Anugul,Kishorenagar,Jairat,-0.3568461538461538
14080012,Anugul,Kishorenagar,Jamunali,-0.2967333333333333
14080006,Anugul,Kishorenagar,Jharabereni,-0.2744666666666667
14080002,Anugul,Kishorenagar,Kadali Munda,-0.3833125
14080013,Anugul,Kishorenagar,Kantei Kolia,-0.3432352941176471
14080020,Anugul,Kishorenagar,Kataranga,-0.3017999999999999
14080023,Anugul,Kishorenagar,Luha Munda,-0.1405555555555555
14080014,Anugul,Kishorenagar,Nakchi,-0.3903888888888889
14080011,Anugul,Kishorenagar,Nunuka Pasi,-0.0123333333333333
14080015,Anugul,Kishorenagar,Oskapali,-0.2697058823529412
14080001,Anugul,Kishorenagar,Raniakata,-0.4711999999999999
14080003,Anugul,Kishorenagar,Sanjamura,-0.4574444444444444
14080022,Anugul,Kishorenagar,Thelkonali,-0.262875
14080007,Anugul,Kishorenagar,Urukula,-0.4926923076923077
14040022,Anugul,Pallahara,Allori,-0.4065
14040012,Anugul,Pallahara,Badasada,-0.3516315789473684
14040017,Anugul,Pallahara,Balipasi,-0.0775
14040019,Anugul,Pallahara,Bandhabuin,-0.427
14040027,Anugul,Pallahara,Baradiha,-0.4699285714285715
14040014,Anugul,Pallahara,Batisuan,-0.295578947368421
14040015,Anugul,Pallahara,Chasagurujang,-0.1832727272727272
14040018,Anugul,Pallahara,Dimiriai,-0.1749285714285714
14040008,Anugul,Pallahara,Injidi,-0.3097857142857143
14040024,Anugul,Pallahara,Iswarnagar,-0.2057692307692307
14040011,Anugul,Pallahara,Jharabeda,-0.4967333333333333
14040004,Anugul,Pallahara,Karadapal,-0.3802272727272727
14040003,Anugul,Pallahara,Khamara,-0.144
14040005,Anugul,Pallahara,Khemala,-0.4009375
14040007,Anugul,Pallahara,Kunjam,-0.2045882352941176
14040010,Anugul,Pallahara,Munduribeda,-0.2950833333333333
14040021,Anugul,Pallahara,Nagira,-0.4686666666666667
14040023,Anugul,Pallahara,Namaposhi,-0.5055
14040016,Anugul,Pallahara,Nijigada,-0.0139999999999999
14040013,Anugul,Pallahara,Pabitrapur,-0.3985833333333333
14040002,Anugul,Pallahara,Parachhata,-0.3292857142857143
14040026,Anugul,Pallahara,Pechamundi,-0.3978235294117647
14040006,Anugul,Pallahara,Rajadang,-0.16275
14040009,Anugul,Pallahara,Rohila,-0.4059411764705882
14040020,Anugul,Pallahara,Saida,-0.3705
14040001,Anugul,Pallahara,Sankhamur,-0.3370714285714286
14040025,Anugul,Pallahara,Seegarh,-0.2766363636363636
14050006,Anugul,Talchar,Badajoraja,0.4878571428571429
14050011,Anugul,Talchar,Bantol,0.4611666666666666
14050018,Anugul,Talchar,Brajanathapur,-0.0624166666666666
14050005,Anugul,Talchar,Danra,0.1355625
14050016,Anugul,Talchar,Dharampur,0.100090909090909
14050009,Anugul,Talchar,Ghantapada,0.6042857142857143
14050007,Anugul,Talchar,Gobara,0.57875
14050001,Anugul,Talchar,Gopal Prasad,0.0637272727272727
14050019,Anugul,Talchar,Gurujang (Radharamanpur),-0.1788888888888889
14050012,Anugul,Talchar,Gurujanguli,0.4187142857142857
14050014,Anugul,Talchar,Hensamula,0.1921111111111111
14050010,Anugul,Talchar,Jaganathpur,0.5038333333333334
14050003,Anugul,Talchar,Kalamchuin,0.1536153846153846
14050015,Anugul,Talchar,Kandhala,0.4095555555555555
14050017,Anugul,Talchar,Kankili,0.0721428571428571
14050020,Anugul,Talchar,Karnapur,-0.002
14050002,Anugul,Talchar,Kumunda,0.1513333333333333
14050004,Anugul,Talchar,Padmabati Pur,0.0481428571428571
14050013,Anugul,Talchar,Santhapada,0.46825
14050008,Anugul,Talchar,Tentulei,0.7074
1120004,Baleswar,Bahanaga,Abhana,-0.1788333333333333
1120018,Baleswar,Bahanaga,Anji,-0.1193999999999999
1120009,Baleswar,Bahanaga,Aruhabada,-0.186
1120012,Baleswar,Bahanaga,Bahanaga,-0.0508
1120008,Baleswar,Bahanaga,Baripada,-0.1908571428571428
1120005,Baleswar,Bahanaga,Bishnupur,-0.0686666666666666
1120021,Baleswar,Bahanaga,Chakajaganathpur,-0.1701428571428571
1120001,Baleswar,Bahanaga,Chitola,-0.0144999999999999
1120007,Baleswar,Bahanaga,Dandaharipur,0.015875
1120011,Baleswar,Bahanaga,Gopalpur,-0.2332142857142856
1120010,Baleswar,Bahanaga,Kalyani,-0.16675
1120015,Baleswar,Bahanaga,Kashabajayapur,-0.0354
1120016,Baleswar,Bahanaga,Khantapada,-0.0611111111111111
1120003,Baleswar,Bahanaga,Kharasahapur,-0.1474166666666666
1120017,Baleswar,Bahanaga,Kochiakoili,-0.0281999999999999
1120002,Baleswar,Bahanaga,Kuruda(Mahayanist),-0.0991666666666666
1120023,Baleswar,Bahanaga,Nuapur,-0.2935999999999999
1120024,Baleswar,Bahanaga,Odasal,-0.1485714285714285
1120014,Baleswar,Bahanaga,Panapana,-0.1563636363636363
1120022,Baleswar,Bahanaga,Pandasuni,-0.1254285714285714
1120013,Baleswar,Bahanaga,Patharapentha,0.005625
1120019,Baleswar,Bahanaga,Sahaspur,-0.135
1120006,Baleswar,Bahanaga,Sauda,-0.0965999999999999
1120020,Baleswar,Bahanaga,Talakurunia,-0.1491428571428571
1010032,Baleswar,Baleswar,Alumeda,-0.21325
1010034,Baleswar,Baleswar,Anko,-0.0742
1010011,Baleswar,Baleswar,Bahabalapur,-0.2031111111111111
1010036,Baleswar,Baleswar,Baincha,0.1909999999999999
1010031,Baleswar,Baleswar,Bardhanpur,-0.14925
1010018,Baleswar,Baleswar,Buanla,0.185625
1010037,Baleswar,Baleswar,Chandipur,0.4783333333333333
1010013,Baleswar,Baleswar,Chhanua,-0.0556249999999999
1010028,Baleswar,Baleswar,Dubulagadi,-0.4164
1010005,Baleswar,Baleswar,Genguti,0.1227272727272727
1010012,Baleswar,Baleswar,Gopinathapur,-0.2512999999999999
1010006,Baleswar,Baleswar,Guda,0.1107272727272727
1010019,Baleswar,Baleswar,Haladipada,-0.08775
1010025,Baleswar,Baleswar,Hidigaon,0.3128
1010003,Baleswar,Baleswar,Joydebkasaba,-0.192
1010022,Baleswar,Baleswar,Kashaphala,-0.1562222222222222
1010020,Baleswar,Baleswar,Kashipada,-0.1532
1010029,Baleswar,Baleswar,Khannagar,-0.1004285714285714
1010027,Baleswar,Baleswar,Kuradiha,-0.1738888888888888
1010017,Baleswar,Baleswar,Nagram,0.174375
1010015,Baleswar,Baleswar,Olandasaragaon,-0.2501
1010016,Baleswar,Baleswar,Orangi,-0.0355555555555555
1010007,Baleswar,Baleswar,Padmapur,-0.1135
1010033,Baleswar,Baleswar,Panchapada,-0.0008333333333333
1010010,Baleswar,Baleswar,Parikhi,-0.2511428571428571
1010009,Baleswar,Baleswar,Patrapada,0.1495
1010030,Baleswar,Baleswar,Rainsuan,-0.0201666666666666
1010008,Baleswar,Baleswar,Ranasahi,0.1428571428571428
1010001,Baleswar,Baleswar,Rasalpur,-0.1565454545454545
1010024,Baleswar,Baleswar,Rasulpur,-0.206625
1010035,Baleswar,Baleswar,Rupasa Samil Hasanpur,-0.0844999999999999
1010004,Baleswar,Baleswar,Saragaon,0.22125
1010021,Baleswar,Baleswar,Sartha,-0.0142142857142857
1010002,Baleswar,Baleswar,Shasanga,-0.3511428571428571
1010014,Baleswar,Baleswar,Sindhia,-0.1537142857142857
1010026,Baleswar,Baleswar,Srikona,0.0352666666666666
1010023,Baleswar,Baleswar,Sriramapur,-0.2257272727272727
1070024,Baleswar,Baliapal,Anladiha,-0.173
1070019,Baleswar,Baliapal,Asti,0.04
1070008,Baleswar,Baliapal,Badas,-0.2263333333333333
1070027,Baleswar,Baliapal,Balarampur,-0.4864444444444444
1070017,Baleswar,Baliapal,Baliapal,0.104625
1070011,Baleswar,Baliapal,Balikuti,-0.3339166666666667
1070003,Baleswar,Baliapal,Baniadiha,-0.1068571428571428
1070023,Baleswar,Baliapal,Betagadia,-0.2701428571428571
1070018,Baleswar,Baliapal,"Bishnupur,Hq.-Nayabali",0.0711666666666666
1070001,Baleswar,Baliapal,Bolanga,-0.2197
1070026,Baleswar,Baliapal,Choumukha,-0.0983333333333333
1070025,Baleswar,Baliapal,Dagara,-0.0415714285714285
1070020,Baleswar,Baliapal,Debhoga,-0.0381428571428571
1070012,Baleswar,Baliapal,Deula,-0.4603333333333333
1070021,Baleswar,Baliapal,Ghantua,-0.0277999999999999
1070007,Baleswar,Baliapal,Jagatipur,-0.27275
1070006,Baleswar,Baliapal,Jambhirai,-0.1204444444444444
1070013,Baleswar,Baliapal,Jamukunda,-0.0105999999999999
1070015,Baleswar,Baliapal,Kumbhari,-0.145875
1070002,Baleswar,Baliapal,Kundali,-0.2512857142857143
1070010,Baleswar,Baliapal,Madhupura,-0.0607777777777777
1070016,Baleswar,Baliapal,Nikhira,-0.0425714285714285
1070004,Baleswar,Baliapal,Nuagaon,-0.2301818181818181
1070022,Baleswar,Baliapal,Panchupali,-0.15075
1070009,Baleswar,Baliapal,Pratappur,-0.269
1070005,Baleswar,Baliapal,Ratei,-0.1555714285714285
1070028,Baleswar,Baliapal,Saudi,-0.2835714285714286
1070014,Baleswar,Baliapal,"Srirampur,Hq.-Remu",-0.2033333333333333
1020007,Baleswar,Basta,Baharda,0.1101428571428571
1020026,Baleswar,Basta,Barunagadia,-0.0034166666666666
1020029,Baleswar,Basta,Basuchakurai,-0.3098333333333333
1020009,Baleswar,Basta,Bramhanada,0.1767142857142857
1020015,Baleswar,Basta,Churamara,-0.3353333333333333
1020021,Baleswar,Basta,Darada,-0.1923636363636363
1020028,Baleswar,Basta,Dudhahansa,0.02225
1020019,Baleswar,Basta,Gadapada,-0.1983333333333333
1020020,Baleswar,Basta,Idida,-0.1864444444444444
1020023,Baleswar,Basta,Kadarayan,-0.25425
1020030,Baleswar,Basta,Kainagari,-0.1234
1020031,Baleswar,Basta,Karua,-0.1731666666666666
1020024,Baleswar,Basta,Kudia,0.0213333333333333
1020091,Baleswar,Basta,Kudia,0.1256666666666666
1020013,Baleswar,Basta,Kulida(Gudikhala),0.082875
1020002,Baleswar,Basta,Mathani,-0.0033
1020006,Baleswar,Basta,Mukulishi,-0.1935454545454545
1020022,Baleswar,Basta,Nabara,-0.1807777777777778
1020004,Baleswar,Basta,Naikudi,-0.131
1020010,Baleswar,Basta,Natakata,0.134625
1020025,Baleswar,Basta,Patharajhara,0.11075
1020016,Baleswar,Basta,Paunsakuli,-0.2743333333333333
1020011,Baleswar,Basta,Purushottampur,-0.111
1020005,Baleswar,Basta,Putura,-0.1046
1020014,Baleswar,Basta,Raghunathpur,-0.2584444444444445
1020001,Baleswar,Basta,Rautpala,-0.159
1020008,Baleswar,Basta,Sadanandapur,0.258
1020003,Baleswar,Basta,Sahada,-0.2327999999999999
1020012,Baleswar,Basta,Santoshapur,0.028
1020018,Baleswar,Basta,Singala,-0.1341666666666666
1020017,Baleswar,Basta,Tadada,-0.202375
1020027,Baleswar,Basta,Velora,-0.0568571428571428
1080020,Baleswar,Bhogarai,Analia,-0.1038571428571428
1080033,Baleswar,Bhogarai,Aruhabrutti-1,-0.0443999999999999
1080006,Baleswar,Bhogarai,Bajitpur,0.3012
1080029,Baleswar,Bhogarai,Balim,-0.154125
1080010,Baleswar,Bhogarai,Barabatia,0.1167499999999999
1080022,Baleswar,Bhogarai,Baunsadiha,0.04
1080014,Baleswar,Bhogarai,Bhograi,0.0762857142857142
1080017,Baleswar,Bhogarai,Dahunada,-0.1193999999999999
1080038,Baleswar,Bhogarai,Daruha,0.2133999999999999
1080030,Baleswar,Bhogarai,Dehurda,0.2372
1080019,Baleswar,Bhogarai,Deula,0.047
1080035,Baleswar,Bhogarai,Durpal,0.158
1080034,Baleswar,Bhogarai,Gabgaon,-0.116
1080048,Baleswar,Bhogarai,Gochhidateghari,0.197
1080012,Baleswar,Bhogarai,Gopinathapur,0.2299999999999999
1080031,Baleswar,Bhogarai,Gunasartha,-0.1493749999999999
1080016,Baleswar,Bhogarai,Guneibasana,0.2233999999999999
1080005,Baleswar,Bhogarai,Huguli,0.2535
1080049,Baleswar,Bhogarai,Jagannathpur,0.3902
1080042,Baleswar,Bhogarai,Jaleswarapur,0.177375
1080044,Baleswar,Bhogarai,Jalsoharia,0.17625
1080011,Baleswar,Bhogarai,Jayaramapur,0.0906363636363636
1080036,Baleswar,Bhogarai,Kachuadi,0.0385555555555555
1080007,Baleswar,Bhogarai,Kakhada,0.2546666666666666
1080032,Baleswar,Bhogarai,Kanthibhaunri,-0.05
1080028,Baleswar,Bhogarai,Kashabakamarddha,-0.104
1080026,Baleswar,Bhogarai,Kharidpimpal,-0.1793333333333333
1080039,Baleswar,Bhogarai,Kulida,-0.1895
1080045,Baleswar,Bhogarai,Kumbharmuli (K.N. Patna),0.06825
1080047,Baleswar,Bhogarai,Kumbhiragadi,-0.09
1080024,Baleswar,Bhogarai,Kusuda,-0.1043333333333333
1080041,Baleswar,Bhogarai,Maheshpur,0.0662499999999999
1080018,Baleswar,Bhogarai,Mandarsahi,0.12725
1080021,Baleswar,Bhogarai,Mohagab,-0.185
1080025,Baleswar,Bhogarai,Nachinda,-0.11
1080027,Baleswar,Bhogarai,Nahara,-0.0228571428571428
1080002,Baleswar,Bhogarai,Naranamohantypadia,-0.1001428571428571
1080009,Baleswar,Bhogarai,Nimatapur,0.0475
1080043,Baleswar,Bhogarai,Panisanda,0.0205
1080046,Baleswar,Bhogarai,Pasarbindha,0.004
1080023,Baleswar,Bhogarai,Putina,-0.0474285714285714
1080013,Baleswar,Bhogarai,Rasalpur,0.2085
1080008,Baleswar,Bhogarai,Sahuria,0.0549999999999999
1080050,Baleswar,Bhogarai,Shahabajipur,0.30525
1080004,Baleswar,Bhogarai,Shankhari,0.078
1080003,Baleswar,Bhogarai,Sharadhapur,0.0588333333333333
1080037,Baleswar,Bhogarai,Sianroi,-0.1336666666666666
1080015,Baleswar,Bhogarai,Sultanpur,0.4216666666666666
1080040,Baleswar,Bhogarai,Sunadharabasan,0.2656666666666666
1080001,Baleswar,Bhogarai,Tukurihajira,-0.0173076923076923
1030007,Baleswar,Jaleswar,"Aruha,Hq.-Shalikotha",0.1164999999999999
1030005,Baleswar,Jaleswar,Baiganabadia,0.0426666666666666
1030019,Baleswar,Jaleswar,Baradiha,-0.1874545454545454
1030025,Baleswar,Jaleswar,Barahampur(Olamara),-0.2588
1030002,Baleswar,Jaleswar,Barttana,-0.4422857142857143
1030016,Baleswar,Jaleswar,Chamargaon,-0.14975
1030017,Baleswar,Jaleswar,Dakhina Praharajpur,0.0888
1030035,Baleswar,Jaleswar,Gadasahi_Baliapal,-0.1732
1030028,Baleswar,Jaleswar,Gobarghata,0.2086666666666666
1030006,Baleswar,Jaleswar,Gopimohanpur,-0.104
1030033,Baleswar,Jaleswar,Jharpipal,-0.0205
1030030,Baleswar,Jaleswar,Kalama,-0.2473333333333333
1030024,Baleswar,Jaleswar,Kalika,-0.156
1030010,Baleswar,Jaleswar,Khalina,-0.3645714285714286
1030020,Baleswar,Jaleswar,Khuad,-0.4172499999999999
1030022,Baleswar,Jaleswar,Khudia Majhisahi,-0.0784444444444444
1030034,Baleswar,Jaleswar,Khuluda,-0.40125
1030031,Baleswar,Jaleswar,Kotsahi,-0.3286666666666666
1030014,Baleswar,Jaleswar,Laxmananath,0.0995714285714285
1030029,Baleswar,Jaleswar,Mahammadnagarpatna,0.1064285714285714
1030026,Baleswar,Jaleswar,Mankidia,-0.0725
1030013,Baleswar,Jaleswar,Nachhimpur,0.0965714285714285
1030009,Baleswar,Jaleswar,Nampo,-0.3821666666666667
1030012,Baleswar,Jaleswar,Netua,-0.1592
1030001,Baleswar,Jaleswar,Paiksida,-0.2705
1030004,Baleswar,Jaleswar,Paschimabada,0.0276666666666666
1030023,Baleswar,Jaleswar,Raibania,-0.2851
1030008,Baleswar,Jaleswar,Rajapur,0.393
1030003,Baleswar,Jaleswar,Rayramchandrapur,-0.0873333333333333
1030032,Baleswar,Jaleswar,Sampatia,-0.1048571428571428
1030027,Baleswar,Jaleswar,Sardharbandha,-0.3485833333333333
1030021,Baleswar,Jaleswar,Shyamanagar,-0.3797142857142857
1030015,Baleswar,Jaleswar,Sikharapur,0.1064444444444444
1030018,Baleswar,Jaleswar,Srirampur,-0.0413333333333333
1030011,Baleswar,Jaleswar,Sugo,-0.0747272727272727
1090017,Baleswar,Khaira,Achhyutapur,-0.0566666666666666
1090034,Baleswar,Khaira,Amaria-Agnipur,-0.3892857142857143
1090001,Baleswar,Khaira,Antara,-0.5038571428571429
1090024,Baleswar,Khaira,Badajaypur,-0.3405714285714286
1090032,Baleswar,Khaira,Badanugaon,-0.433
1090002,Baleswar,Khaira,Barada,-0.256
1090009,Baleswar,Khaira,Bartana,-0.2109166666666666
1090026,Baleswar,Khaira,Baunsagadia,-0.2191111111111111
1090028,Baleswar,Khaira,Dagarapada,-0.3573333333333333
1090036,Baleswar,Khaira,Dalanga-Ii,-0.007
1090006,Baleswar,Khaira,Dungura,-0.35
1090011,Baleswar,Khaira,Gadapokhari,-0.3324444444444444
1090005,Baleswar,Khaira,Gaganadhuli,-0.16025
1090003,Baleswar,Khaira,Garasankha,-0.5558333333333333
1090019,Baleswar,Khaira,Gobindapur,-0.214
1090035,Baleswar,Khaira,Goliha,-0.299625
1090010,Baleswar,Khaira,Haripur,-0.2711
1090029,Baleswar,Khaira,Jalada,-0.0742857142857142
1090007,Baleswar,Khaira,Jhinkiria,-0.2719999999999999
1090027,Baleswar,Khaira,Kaithagadia,-0.4086666666666667
1090022,Baleswar,Khaira,Khaira,-0.0868333333333333
1090012,Baleswar,Khaira,Kupari,-0.1905
1090008,Baleswar,Khaira,Kurunta,-0.0084285714285714
1090014,Baleswar,Khaira,Mahatipur,-0.145625
1090016,Baleswar,Khaira,Makhanapur,-0.2433
1090004,Baleswar,Khaira,Manitri,-0.27225
1090033,Baleswar,Khaira,Nahanga,-0.3425
1090030,Baleswar,Khaira,Nandor,-0.0521428571428571
1090021,Baleswar,Khaira,Nayakhandi,-0.147
1090013,Baleswar,Khaira,Palasa,-0.2008571428571428
1090023,Baleswar,Khaira,Rapaya,-0.2754285714285714
1090025,Baleswar,Khaira,Ratina,-0.2952
1090015,Baleswar,Khaira,Saradanga,-0.22325
1090031,Baleswar,Khaira,Sarkona,-0.1218571428571428
1090020,Baleswar,Khaira,Sarugaon,-0.2884285714285714
1090018,Baleswar,Khaira,Shyamasunderpur,-0.1289
1090037,Baleswar,Khaira,Sundiragandibed,-0.1649999999999999
1040013,Baleswar,Nilagiri,Arabandha,-0.384
1040016,Baleswar,Nilagiri,Ayodhya,-0.0676666666666666
1040011,Baleswar,Nilagiri,Barahampur,-0.2485714285714285
1040025,Baleswar,Nilagiri,Begunia,-0.1183333333333333
1040010,Baleswar,Nilagiri,Bhaunriabada,-0.0685833333333333
1040003,Baleswar,Nilagiri,Chhatrapur,-0.244
1040023,Baleswar,Nilagiri,Dharampur,-0.2007499999999999
1040019,Baleswar,Nilagiri,Dhobashila,-0.2563333333333333
1040005,Baleswar,Nilagiri,"Garada,Hq-Kalakada",-0.30525
1040007,Baleswar,Nilagiri,Jadida,0.02375
1040008,Baleswar,Nilagiri,Jamudiha,-0.0694285714285714
1040017,Baleswar,Nilagiri,Kansha,-0.2405714285714285
1040004,Baleswar,Nilagiri,Kishorechandrapur,-0.4821999999999999
1040020,Baleswar,Nilagiri,Kuanrapurlakharaj,-0.1544444444444444
1040021,Baleswar,Nilagiri,Machhua,-0.102
1040018,Baleswar,Nilagiri,Mahinshapata,-0.1372222222222222
1040015,Baleswar,Nilagiri,Matiala,-0.1942222222222222
1040012,Baleswar,Nilagiri,Naranpur,-0.2188888888888889
1040022,Baleswar,Nilagiri,Narasinghpur,-0.193625
1040001,Baleswar,Nilagiri,Pithahata,-0.3771111111111111
1040024,Baleswar,Nilagiri,Radhakishorpur,-0.3394285714285714
1040009,Baleswar,Nilagiri,Sajanagada,-0.3153333333333333
1040006,Baleswar,Nilagiri,Siadimala,-0.2842
1040002,Baleswar,Nilagiri,Telipala,-0.1315714285714285
1040014,Baleswar,Nilagiri,Tentulia,-0.2515
1100005,Baleswar,Oupada,Aghirapada,-0.486
1100006,Baleswar,Oupada,Badapokhari,-0.3525714285714286
1100010,Baleswar,Oupada,Baunshabania,-0.157375
1100019,Baleswar,Oupada,Dakhinanarasinghpur,0.067
1100002,Baleswar,Oupada,Gadasahi,-0.44325
1100007,Baleswar,Oupada,Iswarapur,-0.0375
1100008,Baleswar,Oupada,Kandagaradi,-0.1947333333333333
1100001,Baleswar,Oupada,Phatepur,-0.31275
1100003,Baleswar,Oupada,Rayramachandrapur,-0.2932857142857142
1100009,Baleswar,Oupada,Shyamasunderpur,-0.2989285714285714
1100004,Baleswar,Oupada,Talakia,-0.307625
1110024,Baleswar,Remuna,Badapala,0.0975714285714285
1110029,Baleswar,Remuna,Balia,0.88
1110007,Baleswar,Remuna,Barunasing,-0.0096666666666666
1110031,Baleswar,Remuna,Bhimapura,0.57825
1110010,Baleswar,Remuna,Biruhan,-0.0487999999999999
1110022,Baleswar,Remuna,Chashakhanda,-0.0325
1110030,Baleswar,Remuna,Dahapada,0.2952
1110036,Baleswar,Remuna,Gandarda,-0.1173
1110032,Baleswar,Remuna,Ganeswarapur,0.57825
1110016,Baleswar,Remuna,Ganipur,0.189125
1110026,Baleswar,Remuna,Gududa,-0.1951111111111111
1110020,Baleswar,Remuna,Haripur,0.5171428571428571
1110004,Baleswar,Remuna,Inchudi,-0.1196
1110023,Baleswar,Remuna,Kalyanapur,-0.1664
1110035,Baleswar,Remuna,Karanjia,0.44725
1110012,Baleswar,Remuna,Kharidamukhura,-0.2032
1110006,Baleswar,Remuna,Kuligaon,-0.1757777777777777
1110011,Baleswar,Remuna,Kuruda,0.2826
1110003,Baleswar,Remuna,Maharajapur,-0.2314285714285714
1110019,Baleswar,Remuna,Mandarpur,0.3293333333333333
1110028,Baleswar,Remuna,Mangalpur,0.42425
1110013,Baleswar,Remuna,Naraharipur,-0.0911
1110021,Baleswar,Remuna,Nizampur,0.0343076923076923
1110008,Baleswar,Remuna,"Nuagaon,Hq.-Bahala",-0.0247777777777777
1110014,Baleswar,Remuna,Nuapadhi,0.027
1110017,Baleswar,Remuna,Patripala,0.2094285714285714
1110018,Baleswar,Remuna,Remuna,0.4558
1110027,Baleswar,Remuna,Saraswatipur,0.536
1110009,Baleswar,Remuna,Seragada,0.0330909090909091
1110002,Baleswar,Remuna,Srijanga,-0.1544444444444444
1110033,Baleswar,Remuna,Srikrushnapur,0.265
1110025,Baleswar,Remuna,Sutanati(Durgadevi),-0.27
1110034,Baleswar,Remuna,Sutei,0.1641428571428571
1110001,Baleswar,Remuna,Talapada,-0.2323333333333333
1110015,Baleswar,Remuna,Tentulida,-0.1945
1110005,Baleswar,Remuna,Tundara,-0.1286999999999999
1060016,Baleswar,Simulia,Abjhuna,-0.146125
1060011,Baleswar,Simulia,Ada,-0.20175
1060019,Baleswar,Simulia,Anandapur,-0.1746666666666666
1060005,Baleswar,Simulia,Andarai,-0.3371666666666666
1060018,Baleswar,Simulia,Bangalpur,-0.0107499999999999
1060021,Baleswar,Simulia,Bangarkhandigadia (Hq.-Bana),-0.0341666666666666
1060006,Baleswar,Simulia,Bari,-0.2214285714285714
1060013,Baleswar,Simulia,Bati,-0.1437
1060010,Baleswar,Simulia,Bauripada,-0.1468749999999999
1060015,Baleswar,Simulia,Chalunigaon,-0.1457142857142857
1060017,Baleswar,Simulia,Iswarpur,-0.2324999999999999
1060012,Baleswar,Simulia,Jamajhadi,0.1577142857142857
1060004,Baleswar,Simulia,Kanchapada,-0.2254285714285714
1060007,Baleswar,Simulia,Kanheibindha,-0.2868
1060014,Baleswar,Simulia,Khirakona,-0.194875
1060001,Baleswar,Simulia,Maitapur,0.080875
1060009,Baleswar,Simulia,Markona,0.036
1060002,Baleswar,Simulia,Muruna,-0.0858333333333333
1060022,Baleswar,Simulia,Pahitorana,-0.0558571428571428
1060003,Baleswar,Simulia,Purushottampur,-0.3012
1060008,Baleswar,Simulia,Sabanga,-0.2234285714285714
1060020,Baleswar,Simulia,Shyamsundarpur,-0.2555714285714285
1050007,Baleswar,Soro,Anantapur,-0.0812499999999999
1050002,Baleswar,Soro,Atapur,-0.12575
1050023,Baleswar,Soro,Balanga,-0.1905714285714285
1050013,Baleswar,Soro,Dahisada,0.06025
1050016,Baleswar,Soro,Gopinathapur,-0.1331666666666666
1050006,Baleswar,Soro,Gudu,-0.1438
1050020,Baleswar,Soro,Jadida,-0.16025
1050009,Baleswar,Soro,Kedarpur,-0.1456666666666667
1050024,Baleswar,Soro,Kesharipur,-0.0422
1050001,Baleswar,Soro,Madhusudanpur,-0.2152222222222222
1050017,Baleswar,Soro,Mahumuhana,-0.1038888888888888
1050015,Baleswar,Soro,Manipur,-0.1231111111111111
1050014,Baleswar,Soro,Manitri,0.07475
1050012,Baleswar,Soro,Mulisingh,-0.1332222222222222
1050010,Baleswar,Soro,Nadigaon,-0.0265555555555555
1050011,Baleswar,Soro,Natapada,0.0219999999999999
1050022,Baleswar,Soro,Nischintapur,-0.108
1050008,Baleswar,Soro,Pakhara,-0.138375
1050019,Baleswar,Soro,Sabira,-0.146875
1050003,Baleswar,Soro,Sajanpur,-0.023625
1050021,Baleswar,Soro,Sarasankha,0.0417142857142857
1050018,Baleswar,Soro,Singakhunta,-0.413875
1050004,Baleswar,Soro,Talanagar,-0.0451428571428571
1050005,Baleswar,Soro,Tentei,-0.1695714285714285
15110001,Baragarh,Ambabhana,Ambabhana,-0.1765
15110011,Baragarh,Ambabhana,Banjhipali,-0.2988571428571429
15110004,Baragarh,Ambabhana,Bhaintora,-0.1318
15110003,Baragarh,Ambabhana,Bhukta,-0.1101111111111111
15110012,Baragarh,Ambabhana,Bungapali,-0.46375
15110015,Baragarh,Ambabhana,Danga Khola,-0.1758
15110007,Baragarh,Ambabhana,Dunguri,-0.432
15110013,Baragarh,Ambabhana,Dwari,-0.2212222222222222
15110005,Baragarh,Ambabhana,Kandapala,-0.3668888888888889
15110010,Baragarh,Ambabhana,Kapasira,-0.195
15110014,Baragarh,Ambabhana,Karala,-0.422
15110009,Baragarh,Ambabhana,Kumbho,-0.4289166666666666
15110008,Baragarh,Ambabhana,Lakhanapur,-0.3014285714285714
15110002,Baragarh,Ambabhana,Ruchida,-0.2548571428571428
15110006,Baragarh,Ambabhana,Uttam,-0.4201666666666666
15010022,Baragarh,Atabira,Amalipali,-0.2230909090909091
15010007,Baragarh,Atabira,Bugbuga,-0.19925
15010024,Baragarh,Atabira,Chakuli,0.1455714285714285
15010025,Baragarh,Atabira,Dulampur,0.0498
15010016,Baragarh,Atabira,Godabhaga,0.1957777777777777
15010003,Baragarh,Atabira,Hirlipali,-0.1129999999999999
15010012,Baragarh,Atabira,Jangeda,-0.1921111111111111
15010002,Baragarh,Atabira,Janhapara,0.0393749999999999
15010006,Baragarh,Atabira,Jhilamenda,-0.0181818181818181
15010015,Baragarh,Atabira,Kadobahal,-0.0717142857142857
15010019,Baragarh,Atabira,Kharamunda,-0.3626923076923077
15010009,Baragarh,Atabira,Kulunda,-0.159125
15010014,Baragarh,Atabira,Kulutatukura,-0.08625
15010021,Baragarh,Atabira,Kumelsingha,0.0868333333333333
15010026,Baragarh,Atabira,Lachida,-0.2728
15010017,Baragarh,Atabira,Lahanda,0.0142727272727272
15010010,Baragarh,Atabira,Larambha,-0.12825
15010008,Baragarh,Atabira,Larasara,0.1256363636363636
15010001,Baragarh,Atabira,Manapara,-0.1305
15010013,Baragarh,Atabira,Pahadasrigida,-0.1816363636363636
15010018,Baragarh,Atabira,Silet,-0.0906666666666666
15010011,Baragarh,Atabira,Tampersara,-0.0992
15010023,Baragarh,Atabira,Tangarpali,-0.3246666666666666
15010004,Baragarh,Atabira,Topa,0.0084285714285714
15020007,Baragarh,Bargarh,Adagaon,-0.0095
15020016,Baragarh,Bargarh,Baradola,0.3059090909090909
15020002,Baragarh,Bargarh,Baragaon,0.0001428571428571
15020020,Baragarh,Bargarh,Barahaguda,0.107875
15020012,Baragarh,Bargarh,Biramala,-0.0515555555555555
15020027,Baragarh,Bargarh,Bonda,-0.243
15020023,Baragarh,Bargarh,Chakarkend,-0.0209285714285714
15020019,Baragarh,Bargarh,Degaon,0.0146666666666666
15020004,Baragarh,Bargarh,Dhanger,0.1416666666666666
15020005,Baragarh,Bargarh,Gaisama,-0.0943333333333333
15020014,Baragarh,Bargarh,Gobindapur,0.0404444444444444
15020015,Baragarh,Bargarh,Gudesira,0.2062999999999999
15020001,Baragarh,Bargarh,Jamurda,0.201
15020024,Baragarh,Bargarh,Kalapani,-0.05725
15020017,Baragarh,Bargarh,Katapali,-0.0934
15020022,Baragarh,Bargarh,Khaliapali,0.5556666666666666
15020006,Baragarh,Bargarh,Khandahata,-0.1651111111111111
15020008,Baragarh,Bargarh,Khuntapali,-0.0256999999999999
15020025,Baragarh,Bargarh,Kuruan,-0.0765555555555555
15020011,Baragarh,Bargarh,Nileswar,0.0162727272727272
15020018,Baragarh,Bargarh,Nuniajamapali,-0.4141428571428571
15020026,Baragarh,Bargarh,Partharla,0.0648333333333333
15020013,Baragarh,Bargarh,S.Dumberpali,-0.0843749999999999
15020010,Baragarh,Bargarh,Sarasara,0.1123333333333333
15020021,Baragarh,Bargarh,Talasrigida,-0.0098333333333333
15020003,Baragarh,Bargarh,Tora,0.181
15020009,Baragarh,Bargarh,Tumagaon,-0.23675
15050005,Baragarh,Barpali,Agalpur,-0.1227777777777777
15050014,Baragarh,Barpali,Bagbadi,-0.097
15050016,Baragarh,Barpali,Bandhapali,-0.1988888888888889
15050010,Baragarh,Barpali,Baramkela,-0.284625
15050003,Baragarh,Barpali,Barguda,-0.1234285714285714
15050004,Baragarh,Barpali,Bhatigaon,-0.1557142857142857
15050023,Baragarh,Barpali,Gopeipali,0.0021999999999999
15050007,Baragarh,Barpali,Kainsira,-0.0714285714285714
15050022,Baragarh,Barpali,Kanbar,-0.071125
15050017,Baragarh,Barpali,Katapali,-0.0274615384615384
15050002,Baragarh,Barpali,Khemasara,-0.027
15050008,Baragarh,Barpali,Kumbhari,-0.2692
15050013,Baragarh,Barpali,Kusanpuri,0.068
15050012,Baragarh,Barpali,Lenda,0.0628888888888888
15050001,Baragarh,Barpali,Mahada,-0.1523333333333333
15050018,Baragarh,Barpali,Mahulapali,-0.0025714285714285
15050015,Baragarh,Barpali,Patakulunda,-0.3223333333333333
15050009,Baragarh,Barpali,Remata,-0.0248571428571428
15050020,Baragarh,Barpali,Roxa,-0.1254285714285714
15050006,Baragarh,Barpali,Satalma,-0.2445714285714285
15050011,Baragarh,Barpali,Tileimal,-0.14825
15050021,Baragarh,Barpali,Tinkani,-0.101
15050019,Baragarh,Barpali,Tulandi,-0.226125
15070004,Baragarh,Bhatali,Bhadigaon,-0.27125
15070007,Baragarh,Bhatali,Bhatali,-0.0263
15070001,Baragarh,Bhatali,Chadeigaon,-0.13025
15070006,Baragarh,Bhatali,Dumalpali,-0.10625
15070003,Baragarh,Bhatali,Halupali,-0.2244666666666666
15070013,Baragarh,Bhatali,Hatisar,-0.1531538461538461
15070005,Baragarh,Bhatali,Kamagaon,-0.2857692307692308
15070008,Baragarh,Bhatali,Kelendapali,-0.1242142857142857
15070014,Baragarh,Bhatali,Kesaipali,-0.0858181818181818
15070012,Baragarh,Bhatali,Kharmunda,-0.1501111111111111
15070002,Baragarh,Bhatali,Mulabar,-0.432
15070011,Baragarh,Bhatali,Narangapur,-0.3349411764705882
15070010,Baragarh,Bhatali,Nuagarh,-0.0855714285714285
15070016,Baragarh,Bhatali,Sukuda,-0.256
15070015,Baragarh,Bhatali,Tejagola,-0.1802222222222222
15070009,Baragarh,Bhatali,Urdhuna,-0.1502
15060011,Baragarh,Bheden,Ainlapali,-0.2438571428571428
15060006,Baragarh,Bheden,Areigudi,-0.302125
15060016,Baragarh,Bheden,Arjunda,-0.2404444444444444
15060002,Baragarh,Bheden,Bakti,-0.0155454545454545
15060001,Baragarh,Bheden,Bheden,-0.1619
15060004,Baragarh,Bheden,Chichinda,-0.0991666666666666
15060020,Baragarh,Bheden,Dalab,-0.0085555555555555
15060012,Baragarh,Bheden,Desabhatali,-0.0637
15060014,Baragarh,Bheden,Kubedega,-0.2154444444444444
15060005,Baragarh,Bheden,Luhakhandi,-0.3566666666666667
15060021,Baragarh,Bheden,Lupursingha,-0.0241111111111111
15060003,Baragarh,Bheden,Mahulapali,-0.1642857142857143
15060009,Baragarh,Bheden,Manpur,-0.091
15060019,Baragarh,Bheden,Papanga,-0.251
15060018,Baragarh,Bheden,Remunda,-0.0519090909090909
15060007,Baragarh,Bheden,Resam,-0.1573
15060008,Baragarh,Bheden,Rusuda,-0.1248333333333333
15060017,Baragarh,Bheden,Sankrida,-0.0522
15060010,Baragarh,Bheden,Sialkhandahata,-0.3059
15060013,Baragarh,Bheden,Sunalarambha,-0.3035
15060015,Baragarh,Bheden,Talamenda,-0.1539230769230769
15090010,Baragarh,Bijepur,Badabaunsen,-0.1827692307692307
15090001,Baragarh,Bijepur,Badabramhani,-0.3859999999999999
15090023,Baragarh,Bijepur,Bairakhpali,-0.0787142857142857
15090019,Baragarh,Bijepur,Barmunda,-0.2347999999999999
15090021,Baragarh,Bijepur,Beniachal,-0.276
15090007,Baragarh,Bijepur,Bhatigaon,-0.3338
15090006,Baragarh,Bijepur,Bijepur,0.0026249999999999
15090004,Baragarh,Bijepur,Budapali,-0.3271
15090017,Baragarh,Bijepur,Charpali,-0.202375
15090003,Baragarh,Bijepur,Ganthiapali,-0.2035714285714285
15090005,Baragarh,Bijepur,Jaring,-0.175625
15090008,Baragarh,Bijepur,Jokhipali,-0.2868571428571428
15090012,Baragarh,Bijepur,Kharamunda,-0.1795714285714285
15090016,Baragarh,Bijepur,Labhamunda,-0.2408999999999999
15090014,Baragarh,Bijepur,M.Srigida,-0.25125
15090013,Baragarh,Bijepur,Pada,-0.1811818181818181
15090011,Baragarh,Bijepur,Pahandi,-0.1096363636363636
15090009,Baragarh,Bijepur,Parthala,-0.0698749999999999
15090002,Baragarh,Bijepur,Saipali,-0.29175
15090018,Baragarh,Bijepur,Samelipadar,-0.1044545454545454
15090020,Baragarh,Bijepur,Sanbausen,-0.2873333333333333
15090022,Baragarh,Bijepur,Surubali,-0.196
15090024,Baragarh,Bijepur,T.Gandapali,-0.2517777777777777
15090015,Baragarh,Bijepur,Talapadar,-0.312
15100019,Baragarh,Gaisilat,Buromunda,-0.2646
15100003,Baragarh,Gaisilat,Chantipali,-0.3119090909090909
15100015,Baragarh,Gaisilat,Chikhili,-0.3173846153846153
15100004,Baragarh,Gaisilat,Dangbahal,-0.455875
15100001,Baragarh,Gaisilat,Gaisilat,-0.2855999999999999
15100016,Baragarh,Gaisilat,Ganiapali,-0.3405833333333333
15100017,Baragarh,Gaisilat,Gaurenmunda,-0.4574
15100005,Baragarh,Gaisilat,Gidhamal,-0.2858823529411765
15100013,Baragarh,Gaisilat,Gujerpali,-0.3531428571428571
15100002,Baragarh,Gaisilat,Jagalpat,-0.457
15100014,Baragarh,Gaisilat,Jamutpali,-0.3476363636363637
15100006,Baragarh,Gaisilat,Kandagad,-0.3694166666666666
15100008,Baragarh,Gaisilat,Kathaumal,-0.4089333333333333
15100012,Baragarh,Gaisilat,Kundakhai,-0.3761
15100007,Baragarh,Gaisilat,Phiringmal,-0.4092857142857143
15100011,Baragarh,Gaisilat,Raisalpadar,-0.2928
15100018,Baragarh,Gaisilat,Sandhibahal,-0.437
15100010,Baragarh,Gaisilat,Saradhapali,-0.3518461538461538
15100009,Baragarh,Gaisilat,Talpali,-0.2814285714285714
15120008,Baragarh,Jharabandh,Amathi,-0.337625
15120010,Baragarh,Jharabandh,Bhainsadarha,-0.4267272727272727
15120012,Baragarh,Jharabandh,Bilaspur,-0.4274285714285715
15120004,Baragarh,Jharabandh,Chandibhata,-0.453
15120014,Baragarh,Jharabandh,Chhotanki,-0.2982857142857143
15120006,Baragarh,Jharabandh,Dabha,-0.3906875
15120007,Baragarh,Jharabandh,Gothaguda,-0.2116875
15120002,Baragarh,Jharabandh,Jagadalpur,-0.214
15120009,Baragarh,Jharabandh,Jharabandha,-0.29825
15120001,Baragarh,Jharabandh,Kandadunguri,-0.3867692307692308
15120011,Baragarh,Jharabandh,Kumir,-0.4956153846153847
15120013,Baragarh,Jharabandh,Kurlupali,-0.325
15120003,Baragarh,Jharabandh,Laudidarha,-0.47535
15120005,Baragarh,Jharabandh,Undapuri(Bhandarpuri),-0.3820833333333333
15030014,Baragarh,Padmapur (Rajabudasambar),Barihapali,-0.3404
15030002,Baragarh,Padmapur (Rajabudasambar),Barikel,0.1133333333333333
15030003,Baragarh,Padmapur (Rajabudasambar),Bheounria,-0.109090909090909
15030007,Baragarh,Padmapur (Rajabudasambar),Budamal,-0.3281111111111111
15030001,Baragarh,Padmapur (Rajabudasambar),Buden,-0.2882727272727272
15030020,Baragarh,Padmapur (Rajabudasambar),Charpali,-0.4134
15030008,Baragarh,Padmapur (Rajabudasambar),Dahigaon,-0.2652727272727272
15030009,Baragarh,Padmapur (Rajabudasambar),Dahita,-0.3285
15030021,Baragarh,Padmapur (Rajabudasambar),Dangaghat,-0.3777
15030012,Baragarh,Padmapur (Rajabudasambar),Gyan,-0.097625
15030015,Baragarh,Padmapur (Rajabudasambar),Jamarla,-0.3776363636363636
15030018,Baragarh,Padmapur (Rajabudasambar),Jamartala,-0.348
15030006,Baragarh,Padmapur (Rajabudasambar),Kanasingha,-0.4282
15030017,Baragarh,Padmapur (Rajabudasambar),Kansar,-0.1966428571428571
15030016,Baragarh,Padmapur (Rajabudasambar),Khaliapali,-0.1961538461538461
15030019,Baragarh,Padmapur (Rajabudasambar),Luharpali,-0.3312727272727273
15030004,Baragarh,Padmapur (Rajabudasambar),Mahulapali,-0.2561
15030010,Baragarh,Padmapur (Rajabudasambar),Melchhamunda,-0.3135454545454545
15030011,Baragarh,Padmapur (Rajabudasambar),Palasapali,-0.202
15030005,Baragarh,Padmapur (Rajabudasambar),Purena,-0.2742727272727273
15030013,Baragarh,Padmapur (Rajabudasambar),Sargibahal,-0.3359375
15030022,Baragarh,Padmapur (Rajabudasambar),Tal (Diptipur),-0.1849999999999999
15080013,Baragarh,Paikmal,Badikata,-0.3120833333333333
15080021,Baragarh,Paikmal,Bakuramunda,-0.3345555555555555
15080017,Baragarh,Paikmal,Baratunda,-0.1112857142857143
15080004,Baragarh,Paikmal,Bhengrajapur,-0.4312307692307692
15080022,Baragarh,Paikmal,Bhubaneswarpur,-0.3254705882352941
15080014,Baragarh,Paikmal,Charadapali,-0.33
15080018,Baragarh,Paikmal,Chhatagaon,-0.2123999999999999
15080009,Baragarh,Paikmal,Chhindeikela,-0.3316923076923077
15080007,Baragarh,Paikmal,Jamaseth,-0.1559
15080010,Baragarh,Paikmal,Jharabandha,-0.4125454545454545
15080008,Baragarh,Paikmal,Jhitiki,-0.1941111111111111
15080006,Baragarh,Paikmal,Kanasanpa,-0.168076923076923
15080015,Baragarh,Paikmal,Kechhodadar,-0.4121111111111111
15080002,Baragarh,Paikmal,Keremelibahal,-0.143125
15080011,Baragarh,Paikmal,Lakhamara,-0.3358461538461538
15080020,Baragarh,Paikmal,Mandiadhipa,-0.2349285714285714
15080005,Baragarh,Paikmal,Mandosil,-0.005625
15080016,Baragarh,Paikmal,Mithapali,0.0245714285714285
15080001,Baragarh,Paikmal,Paikmal,-0.2003
15080003,Baragarh,Paikmal,Palsada,-0.3352307692307693
15080019,Baragarh,Paikmal,Sareikela,-0.3177272727272727
15080012,Baragarh,Paikmal,Temeri,-0.3937777777777778
15040011,Baragarh,Sohela,Baunsenmura,-0.1825294117647058
15040004,Baragarh,Sohela,Beherapali,-0.3187272727272727
15040026,Baragarh,Sohela,Bijapali,-0.30075
15040003,Baragarh,Sohela,Birajam,-0.2495555555555555
15040019,Baragarh,Sohela,Chhuriapali,-0.2582142857142857
15040022,Baragarh,Sohela,Dumberpali,-0.1879473684210526
15040013,Baragarh,Sohela,Garbhana,0.0545
15040008,Baragarh,Sohela,Ghensh,-0.2431
15040027,Baragarh,Sohela,Jatla,-0.0705714285714285
15040010,Baragarh,Sohela,Jhar,-0.3115
15040005,Baragarh,Sohela,Kalangapali,-0.2875555555555555
15040014,Baragarh,Sohela,Kanagaon,-0.0953333333333333
15040024,Baragarh,Sohela,Kanapali,-0.1856153846153846
15040015,Baragarh,Sohela,Karandola,-0.2545714285714285
15040007,Baragarh,Sohela,Kuchipali,-0.2485
15040025,Baragarh,Sohela,Lebidi,-0.24775
15040021,Baragarh,Sohela,Pandakipali,-0.2679999999999999
15040012,Baragarh,Sohela,Panimura,-0.1267142857142857
15040009,Baragarh,Sohela,Petupali,-0.2147142857142857
15040018,Baragarh,Sohela,Rengali,-0.2786875
15040002,Baragarh,Sohela,Salhepali,-0.4318888888888889
15040016,Baragarh,Sohela,Sarkanda,-0.1149999999999999
15040006,Baragarh,Sohela,Senimal,-0.3278571428571428
15040001,Baragarh,Sohela,Sohela,-0.00625
15040017,Baragarh,Sohela,Srigida,0.0581111111111111
15040020,Baragarh,Sohela,Tabada,-0.3163846153846154
15040023,Baragarh,Sohela,Tungibandhli,-0.2698333333333333
16010023,Bhadrak,Basudevpur,"Adhuan
",-0.0484444444444444
16010002,Bhadrak,Basudevpur,Andola,-0.106
16010017,Bhadrak,Basudevpur,Arandua,-0.191
16010032,Bhadrak,Basudevpur,Artung,-0.0716
16010019,Bhadrak,Basudevpur,"Aruha,Hq.-Tulamitula",-0.15875
16010006,Bhadrak,Basudevpur,Balimeda,-0.0935833333333333
16010003,Bhadrak,Basudevpur,Balimunda,-0.2639230769230769
16010018,Bhadrak,Basudevpur,Barandua,-0.1445714285714285
16010004,Bhadrak,Basudevpur,Bideipur,0.0438666666666666
16010030,Bhadrak,Basudevpur,Biras,0.193
16010016,Bhadrak,Basudevpur,Brahmangan,-0.175090909090909
16010022,Bhadrak,Basudevpur,Chudamani,-0.0911
16010024,Bhadrak,Basudevpur,Eram,-0.0148571428571428
16010010,Bhadrak,Basudevpur,Ertal,0.0274
16010029,Bhadrak,Basudevpur,Gobindapur,0.1341666666666666
16010015,Bhadrak,Basudevpur,Guagadia,-0.1595714285714285
16010007,Bhadrak,Basudevpur,Jagannathprasad,-0.0897272727272727
16010028,Bhadrak,Basudevpur,Jagannathpur,-0.08925
16010033,Bhadrak,Basudevpur,Karanjadiha,-0.2202
16010014,Bhadrak,Basudevpur,Kharidabinayakpur,-0.0306666666666666
16010013,Bhadrak,Basudevpur,Kismatkrushnapur,-0.107625
16010026,Bhadrak,Basudevpur,Kumarpur,-0.08575
16010012,Bhadrak,Basudevpur,Laxmidaspur,-0.1368888888888889
16010011,Bhadrak,Basudevpur,Lunga,-0.1352
16010001,Bhadrak,Basudevpur,Naikanidihi,-0.1108888888888888
16010020,Bhadrak,Basudevpur,Narasinghapur,0.0535714285714285
16010025,Bhadrak,Basudevpur,Nuagaon,-0.0011999999999999
16010027,Bhadrak,Basudevpur,Padhuan,-0.0843
16010008,Bhadrak,Basudevpur,Padmapur,-0.1546666666666666
16010005,Bhadrak,Basudevpur,Rajagharpokhari,0.0938888888888888
16010031,Bhadrak,Basudevpur,Sanakrushnapur,-0.0688181818181818
16010021,Bhadrak,Basudevpur,Sudarsanpur,-0.0155999999999999
16010009,Bhadrak,Basudevpur,Sugo,-0.0866666666666666
16020025,Bhadrak,Bhadrak,Ambaroli,-0.2257
16020009,Bhadrak,Bhadrak,Andheipally,-0.032
16020002,Bhadrak,Bhadrak,Arnapal,0.1401666666666667
16020008,Bhadrak,Bhadrak,Bahudarada,0.0593333333333333
16020026,Bhadrak,Bhadrak,Bandhagaon,-0.2125
16020031,Bhadrak,Bhadrak,Bania,-0.0704285714285714
16020024,Bhadrak,Bhadrak,Banitia,-0.2516666666666667
16020033,Bhadrak,Bhadrak,Baudpur,0.47225
16020004,Bhadrak,Bhadrak,Bentala,0.315
16020010,Bhadrak,Bhadrak,Betara,0.0784444444444444
16020029,Bhadrak,Bhadrak,Bishnupurbindha,0.176625
16020015,Bhadrak,Bhadrak,Brahmapur,0.1706666666666666
16020019,Bhadrak,Bhadrak,Chandigaon,-0.1391428571428571
16020023,Bhadrak,Bhadrak,Charampa,0.0217142857142857
16020030,Bhadrak,Bhadrak,Daising,-0.0907142857142857
16020020,Bhadrak,Bhadrak,Erada,-0.2878
16020021,Bhadrak,Bhadrak,Erein,0.341
16020007,Bhadrak,Bhadrak,Gelpur,0.138625
16020014,Bhadrak,Bhadrak,Geltua,-0.011375
16020034,Bhadrak,Bhadrak,Goramati,-0.0302
16020003,Bhadrak,Bhadrak,Gujidarada,0.18
16020032,Bhadrak,Bhadrak,Haripur,0.186
16020028,Bhadrak,Bhadrak,Jagadalpur,-0.066625
16020001,Bhadrak,Bhadrak,Kalei,-0.1102222222222222
16020013,Bhadrak,Bhadrak,Kaupur,-0.1615
16020016,Bhadrak,Bhadrak,Kedarpur (Jitanaga),0.0332857142857142
16020005,Bhadrak,Bhadrak,Khandatada,0.427
16020035,Bhadrak,Bhadrak,Kodabaruan,-0.06725
16020006,Bhadrak,Bhadrak,Korkora,0.220625
16020012,Bhadrak,Bhadrak,Olanga,-0.0841
16020036,Bhadrak,Bhadrak,Parasinga,0.4193333333333333
16020011,Bhadrak,Bhadrak,Rahandia,0.0434166666666666
16020027,Bhadrak,Bhadrak,Rahanja,0.0905714285714285
16020022,Bhadrak,Bhadrak,Rambhila,-0.0685
16020018,Bhadrak,Bhadrak,Sabarang,-0.1825714285714285
16020017,Bhadrak,Bhadrak,Sahada (Basudebpur),-0.2833333333333333
16070005,Bhadrak,Bhandaripokhari,Balipokhari,-0.0321
16070021,Bhadrak,Bhandaripokhari,Bandala-Madhiali,-0.1127999999999999
16070020,Bhadrak,Bhandaripokhari,Bayabanapur,0.1235
16070018,Bhadrak,Bhandaripokhari,Bishnupur,-0.016
16070012,Bhadrak,Bhandaripokhari,Dakshinabad,-0.0121999999999999
16070015,Bhadrak,Bhandaripokhari,Jalamandua,0.012
16070023,Bhadrak,Bhandaripokhari,Jhutuna,-0.327125
16070009,Bhadrak,Bhandaripokhari,Kurigaon,-0.3754
16070008,Bhadrak,Bhandaripokhari,Malada,-0.2863
16070001,Bhadrak,Bhandaripokhari,Naami,0.008625
16070014,Bhadrak,Bhandaripokhari,Naguan,0.0136666666666666
16070016,Bhadrak,Bhandaripokhari,Napanga,-0.1831666666666666
16070004,Bhadrak,Bhandaripokhari,Nerada,-0.073375
16070019,Bhadrak,Bhandaripokhari,Nirgundi,0.2184285714285714
16070013,Bhadrak,Bhandaripokhari,Patuli,-0.0851666666666666
16070010,Bhadrak,Bhandaripokhari,Rahania,-0.3452222222222222
16070002,Bhadrak,Bhandaripokhari,Rajendrapur,-0.3049166666666666
16070007,Bhadrak,Bhandaripokhari,Ramachandrapur,-0.1916666666666666
16070006,Bhadrak,Bhandaripokhari,Ranjit,-0.186
16070022,Bhadrak,Bhandaripokhari,Sanasasan,-0.1121428571428571
16070011,Bhadrak,Bhandaripokhari,Sarasada,0.0141111111111111
16070017,Bhadrak,Bhandaripokhari,Solampur,-0.1437777777777777
16070003,Bhadrak,Bhandaripokhari,Tesinga,-0.327875
16060012,Bhadrak,Bonth,Adia,-0.3329
16060016,Bhadrak,Bonth,Anijo,-0.3028
16060023,Bhadrak,Bonth,Badabarchikayan,-0.3165714285714286
16060024,Bhadrak,Bonth,Badahat Trilochanpur,-0.108625
16060022,Bhadrak,Bonth,Badamahisagoth,0.0065
16060001,Bhadrak,Bonth,Basantia,-0.0452857142857142
16060003,Bhadrak,Bonth,Bonth,-0.0066
16060025,Bhadrak,Bonth,Charigaon(Hq.-Chakrapadhi),-0.1117999999999999
16060009,Bhadrak,Bonth,Chhualsing,-0.2786666666666667
16060010,Bhadrak,Bonth,Ganijang,-0.07525
16060004,Bhadrak,Bonth,Gobindapur,-0.0665833333333333
16060019,Bhadrak,Bonth,Gopinathpur,-0.19375
16060014,Bhadrak,Bonth,Kadabaranga,-0.39475
16060006,Bhadrak,Bonth,Kenduapada,-0.1143333333333333
16060018,Bhadrak,Bonth,Mahantipada,-0.1059999999999999
16060020,Bhadrak,Bonth,Nilok,-0.052
16060015,Bhadrak,Bonth,Odanga,-0.3695555555555556
16060002,Bhadrak,Bonth,Padhanpada,0.0418571428571428
16060017,Bhadrak,Bonth,Purusandha,-0.0501428571428571
16060013,Bhadrak,Bonth,Ramachandrapur,-0.0903333333333333
16060008,Bhadrak,Bonth,Ramakrushnapur,-0.1525
16060021,Bhadrak,Bonth,Rampur,-0.0841111111111111
16060005,Bhadrak,Bonth,Sendhatira,-0.1339
16060011,Bhadrak,Bonth,Tillo,-0.091625
16060007,Bhadrak,Bonth,Todagaon,0.1322
16030002,Bhadrak,Chandbali,Aradi,0.112375
16030028,Bhadrak,Chandbali,Badaostia,-0.0511666666666666
16030035,Bhadrak,Chandbali,Bajarapur,-0.0604999999999999
16030013,Bhadrak,Chandbali,Bansada,-0.2484545454545454
16030018,Bhadrak,Chandbali,Bhatapada,-0.1589999999999999
16030004,Bhadrak,Chandbali,Bhuinbruti,-0.3105454545454545
16030008,Bhadrak,Chandbali,Bijayanagar,-0.2115
16030009,Bhadrak,Chandbali,Charadia,-0.2012857142857143
16030011,Bhadrak,Chandbali,Dhamara,-0.0786363636363636
16030012,Bhadrak,Chandbali,Dosinga,0.1772727272727272
16030019,Bhadrak,Chandbali,Ghatapur,-0.3501818181818182
16030027,Bhadrak,Chandbali,Gopinathpur,0.1316
16030029,Bhadrak,Chandbali,Jagula,0.0141666666666666
16030022,Bhadrak,Chandbali,Jaleswarpur,0.06075
16030016,Bhadrak,Chandbali,Jashipur,-0.1051111111111111
16030014,Bhadrak,Chandbali,Kaithkhola,-0.0181249999999999
16030037,Bhadrak,Chandbali,Kandagaradi,-0.2752
16030025,Bhadrak,Chandbali,Karanapalli,-0.1658888888888888
16030015,Bhadrak,Chandbali,Karanjamal,-0.1903076923076923
16030039,Bhadrak,Chandbali,Khadalpokhari,-0.0229999999999999
16030036,Bhadrak,Chandbali,Kheranga,-0.1637777777777777
16030020,Bhadrak,Chandbali,Madhapur,-0.3313333333333333
16030034,Bhadrak,Chandbali,Mahulia,-0.1155
16030017,Bhadrak,Chandbali,Motto,-0.013375
16030023,Bhadrak,Chandbali,Mousudha,0.0058888888888888
16030010,Bhadrak,Chandbali,Nalagohira,-0.1874615384615384
16030021,Bhadrak,Chandbali,Nalgunda,-0.2195555555555556
16030030,Bhadrak,Chandbali,Nandapur,-0.0480833333333333
16030031,Bhadrak,Chandbali,Nuagaon,-0.148
16030038,Bhadrak,Chandbali,Olaga,0.11825
16030007,Bhadrak,Chandbali,Orasahi,-0.1846666666666666
16030024,Bhadrak,Chandbali,Panchutikri,-0.1360714285714285
16030001,Bhadrak,Chandbali,Sundarpur,0.0978749999999999
16030003,Bhadrak,Chandbali,Tentulidihi,-0.0964166666666666
16030026,Bhadrak,Chandbali,Totapada,0.1145
16030033,Bhadrak,Chandbali,Uttukuda,-0.0707
1603,Bhadrak,Chandbali,,-0.0166666666666666
16040001,Bhadrak,Dhamanagar,Anandpur,-0.2033333333333333
16040027,Bhadrak,Dhamanagar,Arjunpur,0.0813333333333333
16040020,Bhadrak,Dhamanagar,Asurali,0.3096666666666667
16040009,Bhadrak,Dhamanagar,Bamkura,-0.1352857142857143
16040013,Bhadrak,Dhamanagar,Bayangadihi,-0.0852499999999999
16040026,Bhadrak,Dhamanagar,Bhagabanpur,-0.2363749999999999
16040028,Bhadrak,Dhamanagar,Bhattasahi,-0.0013333333333333
16040030,Bhadrak,Dhamanagar,Daipur,-0.0525714285714285
16040012,Bhadrak,Dhamanagar,Dalanga,-0.133
16040015,Bhadrak,Dhamanagar,Dhamnagar,-0.1246
16040010,Bhadrak,Dhamanagar,Dhusuri,0.0564999999999999
16040014,Bhadrak,Dhamanagar,Dobal,0.1048
16040019,Bhadrak,Dhamanagar,Fatepur,0.0251666666666666
16040031,Bhadrak,Dhamanagar,Gadiali,0.511
16040023,Bhadrak,Dhamanagar,Gobindapur,0.2724
16040006,Bhadrak,Dhamanagar,Hasanabad,0.0415999999999999
16040024,Bhadrak,Dhamanagar,Kalyani,0.294
16040005,Bhadrak,Dhamanagar,Karada,0.2342857142857143
16040029,Bhadrak,Dhamanagar,Kasimpur,-0.4091666666666667
16040021,Bhadrak,Dhamanagar,Katasahi,0.0301666666666666
16040002,Bhadrak,Dhamanagar,Khadipada,0.0465714285714285
16040022,Bhadrak,Dhamanagar,Khaparpada,0.374
16040018,Bhadrak,Dhamanagar,Kothar,0.174
16040032,Bhadrak,Dhamanagar,Mustafapur,-0.1904999999999999
16040011,Bhadrak,Dhamanagar,Nadigaon,0.0415
16040004,Bhadrak,Dhamanagar,Padhani,0.0428333333333333
16040007,Bhadrak,Dhamanagar,Palasahi,-0.1093333333333333
16040017,Bhadrak,Dhamanagar,Radhaballavpur,-0.1088571428571428
16040008,Bhadrak,Dhamanagar,Raipur,-0.1326
16040033,Bhadrak,Dhamanagar,Sahaspur (Hq.-Jagannathsahi),0.0267499999999999
16040025,Bhadrak,Dhamanagar,Sareichudakuti,0.0141666666666666
16040003,Bhadrak,Dhamanagar,Sohada,0.2021666666666667
16050021,Bhadrak,Tihidi,Achak,0.0495714285714285
16050018,Bhadrak,Tihidi,Bahabalpur,-0.0691428571428571
16050006,Bhadrak,Tihidi,Bamanbindha,-0.036
16050003,Bhadrak,Tihidi,Barasar,-0.3185
16050011,Bhadrak,Tihidi,Baro,-0.22325
16050016,Bhadrak,Tihidi,Bhatapada,0.0491428571428571
16050013,Bhadrak,Tihidi,Bilana,-0.0182499999999999
16050012,Bhadrak,Tihidi,Bodak,-0.2378181818181818
16050005,Bhadrak,Tihidi,Daulatpur,0.0088571428571428
16050020,Bhadrak,Tihidi,Dolasahi,0.23175
16050030,Bhadrak,Tihidi,Fatepur,-0.0213333333333333
16050004,Bhadrak,Tihidi,Gobindapur,-0.345
16050022,Bhadrak,Tihidi,Guamal,0.1798571428571428
16050028,Bhadrak,Tihidi,Harisinghpur,-0.0993333333333333
16050007,Bhadrak,Tihidi,Jamajodi,-0.1371818181818181
16050002,Bhadrak,Tihidi,Kanpada,-0.3047142857142857
16050010,Bhadrak,Tihidi,Kolha,-0.1067142857142856
16050014,Bhadrak,Tihidi,Kubera,0.0762222222222222
16050024,Bhadrak,Tihidi,Maharampur,-0.0179999999999999
16050029,Bhadrak,Tihidi,Mangalpur(Hq.-Kamaria),-0.0409999999999999
16050015,Bhadrak,Tihidi,Mukundapur,0.1118
16050027,Bhadrak,Tihidi,Narendrapur (Hq.-Chhatrapada),0.1463333333333333
16050031,Bhadrak,Tihidi,Nayananda,0.0317499999999999
16050019,Bhadrak,Tihidi,Paliabindha,0.1215
16050008,Bhadrak,Tihidi,Rajnagar,-0.1004444444444444
16050026,Bhadrak,Tihidi,Sahapur,-0.1064285714285714
16050017,Bhadrak,Tihidi,Saya,-0.29075
16050001,Bhadrak,Tihidi,Shyamsundarpur,-0.2896666666666667
16050009,Bhadrak,Tihidi,Sindol,-0.1503333333333333
16050025,Bhadrak,Tihidi,Talagopbindha,0.0184
16050023,Bhadrak,Tihidi,Talapada,0.1706666666666666
2080012,Bolangir,Agalpur,Agalapur,-0.2635
2080017,Bolangir,Agalpur,Babu Fasad,-0.2426
2080008,Bolangir,Agalpur,Badatika,-0.4816363636363636
2080002,Bolangir,Agalpur,Bakati,-0.18175
2080003,Bolangir,Agalpur,Bendra,-0.1548
2080007,Bolangir,Agalpur,Bharasuja,-0.2513846153846154
2080015,Bolangir,Agalpur,Budula,-0.3264285714285714
2080013,Bolangir,Agalpur,Duduka,-0.1131666666666666
2080010,Bolangir,Agalpur,Jharanipali,-0.4431
2080016,Bolangir,Agalpur,Kutasingha,-0.2076153846153846
2080019,Bolangir,Agalpur,Luhuramunda,-0.102
2080020,Bolangir,Agalpur,Mursundhi,-0.1156666666666666
2080014,Bolangir,Agalpur,Nagaon(A),-0.3393333333333333
2080009,Bolangir,Agalpur,Nagaon(B),-0.2241666666666666
2080006,Bolangir,Agalpur,Nunianpali,-0.3291111111111111
2080001,Bolangir,Agalpur,Patuapali,-0.3356666666666666
2080018,Bolangir,Agalpur,Rinbachan,-0.2854285714285714
2080004,Bolangir,Agalpur,Roth,-0.345625
2080011,Bolangir,Agalpur,Salebhata,-0.08975
2080005,Bolangir,Agalpur,Upparbahal,-0.3468571428571428
2090010,Bolangir,Bangomunda,Alanda,-0.2272857142857142
2090020,Bolangir,Bangomunda,Arsatula,-0.146375
2090019,Bolangir,Bangomunda,Baldha,-0.14975
2090015,Bolangir,Bangomunda,Bangomunda,0.0622222222222222
2090013,Bolangir,Bangomunda,Belapara,-0.1928461538461538
2090011,Bolangir,Bangomunda,Bhalumunda,0.0514999999999999
2090024,Bolangir,Bangomunda,Bhursaguda,-0.399
2090018,Bolangir,Bangomunda,Bhuslad,-0.2097777777777777
2090012,Bolangir,Bangomunda,Biripali,0.2633333333333333
2090003,Bolangir,Bangomunda,Chandutara,-0.3943333333333333
2090004,Bolangir,Bangomunda,Chuliphunka,-0.1217272727272727
2090016,Bolangir,Bangomunda,Deogaon,-0.2105
2090025,Bolangir,Bangomunda,Gandharabandha,-0.0179999999999999
2090001,Bolangir,Bangomunda,Gandharla,-0.3083
2090002,Bolangir,Bangomunda,Jamkhunta,-0.2347
2090021,Bolangir,Bangomunda,Jhalap,-0.249875
2090009,Bolangir,Bangomunda,Jhariyal,-0.2095714285714285
2090014,Bolangir,Bangomunda,Jurabandha,-0.3722857142857143
2090026,Bolangir,Bangomunda,Kansil,-0.2712857142857143
2090006,Bolangir,Bangomunda,Kapilabhata,-0.178
2090022,Bolangir,Bangomunda,Khaira,0.022
2090005,Bolangir,Bangomunda,Kundabutula,-0.3275
2090007,Bolangir,Bangomunda,Mundapadar,-0.106
2090017,Bolangir,Bangomunda,Sindhekela,-0.16025
2090008,Bolangir,Bangomunda,Themera,-0.2721666666666666
2090023,Bolangir,Bangomunda,Tureikela,0.0352222222222222
2100003,Bolangir,Belapada,Bagadol,-0.3903636363636364
2100008,Bolangir,Belapada,Bahabal,-0.4307777777777777
2100024,Bolangir,Belapada,Balikhamar,-0.380625
2100016,Bolangir,Belapada,Beheramunda (Dhungiamunda),-0.4389166666666667
2100012,Bolangir,Belapada,Belapara,-0.0895
2100004,Bolangir,Belapada,Bharuapali,-0.205875
2100023,Bolangir,Belapada,Darlipali,-0.27925
2100022,Bolangir,Belapada,Dhumabhata,-0.3342307692307692
2100011,Bolangir,Belapada,Gambhari,-0.4274999999999999
2100002,Bolangir,Belapada,Ghagurli,-0.2005833333333333
2100019,Bolangir,Belapada,Juba,-0.3288333333333333
2100015,Bolangir,Belapada,Kandhenajhula,-0.5498571428571429
2100010,Bolangir,Belapada,Kanuta,-0.323
2100013,Bolangir,Belapada,Kapani,-0.4656153846153846
2100020,Bolangir,Belapada,Madhyapur,-0.1949999999999999
2100017,Bolangir,Belapada,Mandal,-0.2316363636363636
2100014,Bolangir,Belapada,Nunuhad,-0.0472499999999999
2100007,Bolangir,Belapada,Pandarijor,-0.2403529411764706
2100001,Bolangir,Belapada,Paralimal,-0.2821
2100006,Bolangir,Belapada,Salandi,-0.1788333333333333
2100005,Bolangir,Belapada,Saramuhan,-0.1609230769230769
2100009,Bolangir,Belapada,Sihini,-0.1201428571428571
2100021,Bolangir,Belapada,Sulekela,-0.3993333333333334
2100018,Bolangir,Belapada,Tentulimunda,-0.3072307692307692
2010014,Bolangir,Bolangir,Badpudugia,-0.285
2010009,Bolangir,Bolangir,Baidipali,-0.3088181818181818
2010023,Bolangir,Bolangir,Barkani,-0.1601818181818181
2010020,Bolangir,Bolangir,Bhundimuhan,-0.1194285714285714
2010016,Bolangir,Bolangir,Bhutiarbahal,-0.1263333333333333
2010010,Bolangir,Bolangir,Bidighat,-0.332
2010019,Bolangir,Bolangir,Chandanbhati,-0.13
2010007,Bolangir,Bolangir,Chikalabahal,-0.3418
2010008,Bolangir,Bolangir,Chudapali,-0.15725
2010017,Bolangir,Bolangir,Jhankarpali,-0.2210833333333333
2010002,Bolangir,Bolangir,Khaliapali,-0.3426666666666667
2010021,Bolangir,Bolangir,Khujenapali,0.1266363636363636
2010006,Bolangir,Bolangir,Khuntapali,-0.1456666666666666
2010015,Bolangir,Bolangir,Kudusingha,-0.162
2010024,Bolangir,Bolangir,Kutumdola,-0.249
2010001,Bolangir,Bolangir,Madhiapali,0.230375
2010018,Bolangir,Bolangir,Manahira,-0.3477777777777777
2010025,Bolangir,Bolangir,Mayabarha,-0.2763333333333333
2010005,Bolangir,Bolangir,Mirdhapali,-0.0095384615384615
2010004,Bolangir,Bolangir,Sadaipali,0.1094999999999999
2010012,Bolangir,Bolangir,Sahajabahal,-0.3193333333333333
2010003,Bolangir,Bolangir,Sakama,-0.197375
2010013,Bolangir,Bolangir,Sibatala,-0.3617272727272727
2010011,Bolangir,Bolangir,Sikachhida,-0.2001875
2010022,Bolangir,Bolangir,Tusurabahal,-0.5186666666666667
2110014,Bolangir,Deogan,Arjunpur,-0.2731428571428571
2110002,Bolangir,Deogan,Badabahal,-0.2826666666666667
2110007,Bolangir,Deogan,Badabandha,-0.2502857142857143
2110012,Bolangir,Deogan,Bandhapara,-0.3270909090909091
2110023,Bolangir,Deogan,Brahmanijore,-0.3208333333333333
2110016,Bolangir,Deogan,Deogaon,-0.1501666666666666
2110008,Bolangir,Deogan,Desandha,-0.293
2110018,Bolangir,Deogan,Dhandamal,-0.4536666666666666
2110026,Bolangir,Deogan,Dumerapita,-0.5021
2110021,Bolangir,Deogan,Gaibahal,-0.1207857142857142
2110010,Bolangir,Deogan,Gaudagotha,-0.3365
2110024,Bolangir,Deogan,Gudkhapala,-0.2735555555555555
2110025,Bolangir,Deogan,Hatisara,-0.129
2110005,Bolangir,Deogan,Jarasingha,0.028
2110013,Bolangir,Deogan,Kulatapara,-0.3312
2110017,Bolangir,Deogan,Kuturla,-0.2779999999999999
2110022,Bolangir,Deogan,Landapathar,-0.4997499999999999
2110004,Bolangir,Deogan,Mahalei,-0.3481818181818182
2110001,Bolangir,Deogan,Mukundapur,-0.3245714285714285
2110009,Bolangir,Deogan,Ramachandrapur,-0.343076923076923
2110003,Bolangir,Deogan,Salepali,-0.1425555555555555
2110011,Bolangir,Deogan,Sarasamal,-0.3557777777777777
2110006,Bolangir,Deogan,Sikuan,-0.1732
2110020,Bolangir,Deogan,Singhanmunda,-0.3301764705882353
2110019,Bolangir,Deogan,Udar,-0.2257142857142857
2110015,Bolangir,Deogan,Uparajhar,-0.2558181818181818
2050002,Bolangir,Gudvella,Badangomunda,-0.0199999999999999
2050003,Bolangir,Gudvella,Biramunda,-0.2331111111111111
2050011,Bolangir,Gudvella,Chinched,-0.3345714285714286
2050013,Bolangir,Gudvella,Deulgudi,-0.2465454545454545
2050014,Bolangir,Gudvella,Gambhariguda,-0.4341538461538461
2050004,Bolangir,Gudvella,Ghuna,-0.295
2050010,Bolangir,Gudvella,Gudabhela,-0.2571428571428572
2050005,Bolangir,Gudvella,Jamut,-0.348375
2050012,Bolangir,Gudvella,Madhekela,-0.2444545454545454
2050007,Bolangir,Gudvella,Nuanpara,-0.1733636363636363
2050008,Bolangir,Gudvella,Rusuda,-0.2252
2050001,Bolangir,Gudvella,Samara,-0.1795
2050009,Bolangir,Gudvella,Tentulikhunti,-0.1527
2070016,Bolangir,Khaprakhol,Bagamunda,-0.3689
2070005,Bolangir,Khaprakhol,Bender,-0.471
2070001,Bolangir,Khaprakhol,Bhanapur,-0.344125
2070020,Bolangir,Khaprakhol,Changria,-0.4851
2070003,Bolangir,Khaprakhol,Dameipali,-0.3354
2070008,Bolangir,Khaprakhol,Dhandamunda,-0.2955333333333333
2070013,Bolangir,Khaprakhol,Ghunasar,-0.5098
2070017,Bolangir,Khaprakhol,Karuanjhar,-0.0455
2070006,Bolangir,Khaprakhol,Khaprakhol,-0.4155
2070004,Bolangir,Khaprakhol,Lathor,-0.0585555555555555
2070015,Bolangir,Khaprakhol,Luhasingha,-0.3437222222222222
2070012,Bolangir,Khaprakhol,Maharapadar,-0.3783999999999999
2070019,Bolangir,Khaprakhol,Malpara,-0.1611428571428571
2070002,Bolangir,Khaprakhol,Matiabhata,-0.2881428571428571
2070018,Bolangir,Khaprakhol,Nandupala,-0.2663333333333333
2070014,Bolangir,Khaprakhol,Padiabahal,-0.3689285714285714
2070009,Bolangir,Khaprakhol,Rengali,-0.4072307692307693
2070021,Bolangir,Khaprakhol,Sahajpani,-0.535
2070010,Bolangir,Khaprakhol,Tankapani,-0.2342307692307692
2070011,Bolangir,Khaprakhol,Telenapali,-0.406090909090909
2070007,Bolangir,Khaprakhol,Udiapali,-0.3084166666666667
2060004,Bolangir,Losingha,Badibahal,-0.3182307692307692
2060013,Bolangir,Losingha,Badimunda,-0.1486666666666666
2060020,Bolangir,Losingha,Banipali,-0.5137272727272727
2060016,Bolangir,Losingha,Budhipadar,0.0334444444444444
2060002,Bolangir,Losingha,Burda,-0.0065
2060010,Bolangir,Losingha,G.S. Dunguripali,-0.3919090909090909
2060005,Bolangir,Losingha,Hirapur,0.0363749999999999
2060017,Bolangir,Losingha,Jharmunda,-0.1452
2060003,Bolangir,Losingha,Jogisarda,-0.1591111111111111
2060006,Bolangir,Losingha,Kandhajuri,-0.1146666666666666
2060008,Bolangir,Losingha,Kusamel,-0.251
2060007,Bolangir,Losingha,Kusanga,-0.1938181818181817
2060015,Bolangir,Losingha,Kutenapali,-0.1871818181818181
2060001,Bolangir,Losingha,Loisingha,0.0002499999999999
2060019,Bolangir,Losingha,Magurbeda,-0.31
2060014,Bolangir,Losingha,Ratakhandi,-0.4703636363636364
2060011,Bolangir,Losingha,Rengali,-0.3462857142857142
2060012,Bolangir,Losingha,Saragad,-0.27575
2060009,Bolangir,Losingha,Taliudar,-0.27075
2060018,Bolangir,Losingha,Upparbahal,-0.4704615384615384
2120015,Bolangir,Muribahal,Badasaimara,-0.37
2120021,Bolangir,Muribahal,Bandhupala,-0.124
2120002,Bolangir,Muribahal,Bankel,-0.2621428571428571
2120018,Bolangir,Muribahal,Belpadar,-0.0381428571428571
2120019,Bolangir,Muribahal,Bitabandha,-0.0555
2120008,Bolangir,Muribahal,Chalaki,-0.2753846153846154
2120003,Bolangir,Muribahal,Chanabahal,-0.3090909090909091
2120017,Bolangir,Muribahal,Dangarpada,-0.1403636363636363
2120022,Bolangir,Muribahal,Gadagadabahal,-0.002
2120013,Bolangir,Muribahal,Goimunda,-0.158875
2120014,Bolangir,Muribahal,Gonrei,-0.2173999999999999
2120004,Bolangir,Muribahal,Gudighat,-0.307
2120010,Bolangir,Muribahal,Haladi,-0.158
2120007,Bolangir,Muribahal,Ichhapara,-0.187
2120016,Bolangir,Muribahal,Lakhana,-0.2862
2120001,Bolangir,Muribahal,Lebeda,-0.2928666666666666
2120012,Bolangir,Muribahal,Malisira,-0.2438
2120006,Bolangir,Muribahal,Muribahal,-0.0961999999999999
2120009,Bolangir,Muribahal,Patrapali,-0.0347
2120020,Bolangir,Muribahal,Patrapali (Kha),-0.1364999999999999
2120011,Bolangir,Muribahal,Tentelakhunti,-0.0559166666666666
2120005,Bolangir,Muribahal,Tupaudar,-0.25525
2020026,Bolangir,Patnagarh,Balipata,-0.3879999999999999
2020018,Bolangir,Patnagarh,Banaimunda,-0.354375
2020010,Bolangir,Patnagarh,Barapadar,-0.2468571428571428
2020022,Bolangir,Patnagarh,Batarla,-0.15175
2020008,Bolangir,Patnagarh,Bhainsa,-0.1980909090909091
2020029,Bolangir,Patnagarh,Bharatbahal,-0.33375
2020011,Bolangir,Patnagarh,Dangabahal,-0.4135294117647059
2020025,Bolangir,Patnagarh,Deolgaon,-0.2537
2020027,Bolangir,Patnagarh,Dhatuk,-0.6033333333333334
2020007,Bolangir,Patnagarh,Dhubalpara,-0.28925
2020015,Bolangir,Patnagarh,Fatamunda,-0.2887142857142857
2020006,Bolangir,Patnagarh,Gangasagar,-0.1322727272727272
2020023,Bolangir,Patnagarh,Gerada,-0.4355714285714285
2020014,Bolangir,Patnagarh,Ghasian,-0.2677
2020020,Bolangir,Patnagarh,Ghuchepali,-0.5750909090909091
2020005,Bolangir,Patnagarh,Jogimunda,-0.405
2020002,Bolangir,Patnagarh,Kendumundi,-0.4068947368421052
2020028,Bolangir,Patnagarh,Kerbeda,-0.3967857142857142
2020024,Bolangir,Patnagarh,Khuntsamalai,-0.2976666666666666
2020030,Bolangir,Patnagarh,Khursel,-0.3405999999999999
2020012,Bolangir,Patnagarh,Larambha,-0.3304705882352941
2020009,Bolangir,Patnagarh,Maruan,-0.2685
2020001,Bolangir,Patnagarh,Mundamahul,-0.3044615384615384
2020004,Bolangir,Patnagarh,Pandamunda,-0.3910833333333334
2020017,Bolangir,Patnagarh,Salabandha,-0.2323333333333333
2020019,Bolangir,Patnagarh,Salepali,-0.3888181818181818
2020016,Bolangir,Patnagarh,Sunamundi,-0.118875
2020013,Bolangir,Patnagarh,Tamian,-0.2928
2020003,Bolangir,Patnagarh,Tendapadar,-0.1543636363636363
2020021,Bolangir,Patnagarh,Uluba,0.0199999999999999
2130025,Bolangir,Puintala,Ainlasari,-0.025875
2130008,Bolangir,Puintala,Ankariapadar,-0.2216666666666666
2130020,Bolangir,Puintala,Atagaon,-0.1461538461538461
2130009,Bolangir,Puintala,Bahalapadar,-0.1121538461538461
2130007,Bolangir,Puintala,Bairasara,-0.06325
2130004,Bolangir,Puintala,Bandhapara,-0.2824444444444445
2130001,Bolangir,Puintala,Bhaler,-0.0211
2130011,Bolangir,Puintala,Bileisarda,-0.26075
2130010,Bolangir,Puintala,Bubel,-0.2708666666666666
2130014,Bolangir,Puintala,Chhatamakhana,0.0586999999999999
2130003,Bolangir,Puintala,Chhatapipal,-0.4231
2130018,Bolangir,Puintala,Dasapur,-0.2785
2130013,Bolangir,Puintala,Durgapali,0.2025999999999999
2130024,Bolangir,Puintala,Gaintala,0.0805714285714285
2130019,Bolangir,Puintala,Jamagaon,-0.1279090909090909
2130021,Bolangir,Puintala,Khaliapali,-0.2258888888888889
2130002,Bolangir,Puintala,Kurula,0.04725
2130022,Bolangir,Puintala,Lukapada,-0.3285
2130006,Bolangir,Puintala,Mahimunda,-0.2266
2130016,Bolangir,Puintala,Malamunda,-0.054
2130005,Bolangir,Puintala,Patharla,-0.3736666666666666
2130012,Bolangir,Puintala,Pipirda,-0.1625
2130017,Bolangir,Puintala,Puintala,0.2818333333333333
2130023,Bolangir,Puintala,Randa,-0.1397999999999999
2130015,Bolangir,Puintala,Sauntapur,-0.0038333333333333
2140003,Bolangir,Saintala,Ambapalli,-0.3651111111111111
2140017,Bolangir,Saintala,Belagaon,0.1240833333333333
2140005,Bolangir,Saintala,Bhadra,0.0354666666666666
2140021,Bolangir,Saintala,Bibina,0.07525
2140016,Bolangir,Saintala,Budhabahal,-0.2192
2140018,Bolangir,Saintala,Deng,-0.1793333333333333
2140008,Bolangir,Saintala,Dharapagad,-0.1482727272727272
2140004,Bolangir,Saintala,Dunguripali,-0.2535555555555555
2140007,Bolangir,Saintala,Gandapatrapalli,0.2016363636363636
2140010,Bolangir,Saintala,Ghunsara,-0.1051818181818181
2140001,Bolangir,Saintala,Jhinkidunguri(Jharabahali),-0.3808125
2140013,Bolangir,Saintala,Jurabandha,-0.418
2140011,Bolangir,Saintala,Kamartala,-0.3976842105263158
2140015,Bolangir,Saintala,Kandhakelagaon,-0.1715454545454545
2140019,Bolangir,Saintala,Kansar,-0.2709999999999999
2140020,Bolangir,Saintala,Kermeli,-0.1655454545454545
2140009,Bolangir,Saintala,Kumbhari,-0.3025
2140014,Bolangir,Saintala,Saintala,-0.1296999999999999
2140006,Bolangir,Saintala,Sikapatrapalli(Hq.Kuikeda,0.0343749999999999
2140012,Bolangir,Saintala,Sisakela,-0.0517857142857143
2140022,Bolangir,Saintala,Talbahal,-0.5537272727272727
2140002,Bolangir,Saintala,Tikrapara,-0.2316666666666666
2030011,Bolangir,Titilagarh,Adabahal,-0.365
2030004,Bolangir,Titilagarh,Bandupala,0.1337142857142857
2030021,Bolangir,Titilagarh,Banjipadar,-0.09325
2030020,Bolangir,Titilagarh,Bhalegaon,0.0406363636363636
2030016,Bolangir,Titilagarh,Bijepur,-0.2006153846153846
2030001,Bolangir,Titilagarh,Binekela,-0.1886
2030009,Bolangir,Titilagarh,Digasira,-0.0723
2030003,Bolangir,Titilagarh,Ghantabahali,-0.2836666666666667
2030005,Bolangir,Titilagarh,Ghodar,-0.310625
2030017,Bolangir,Titilagarh,Jagua,-0.0062222222222222
2030023,Bolangir,Titilagarh,Katarkela,-0.02375
2030010,Bolangir,Titilagarh,Kholan,-0.2699999999999999
2030007,Bolangir,Titilagarh,Kurasuda,-0.296
2030008,Bolangir,Titilagarh,Kusakela,-0.1795
2030013,Bolangir,Titilagarh,Luthurbandh,-0.0524444444444444
2030022,Bolangir,Titilagarh,Mahulpada,-0.2894615384615384
2030015,Bolangir,Titilagarh,Manigaon,-0.0385833333333333
2030002,Bolangir,Titilagarh,Marlada,-0.3459
2030014,Bolangir,Titilagarh,Naren,-0.1691428571428571
2030012,Bolangir,Titilagarh,Parasara,-0.2355999999999999
2030018,Bolangir,Titilagarh,Sagadaghata,-0.2089166666666666
2030006,Bolangir,Titilagarh,Sihini,-0.0586666666666666
2030019,Bolangir,Titilagarh,Siluan,-0.3025
2030024,Bolangir,Titilagarh,Surda,-0.186875
2040008,Bolangir,Tureikela,Badabanki,-0.3831666666666666
2040001,Bolangir,Tureikela,Badadakara,-0.6604
2040019,Bolangir,Tureikela,Buromal,-0.1297692307692307
2040014,Bolangir,Tureikela,Chatuananka,0.0858571428571428
2040009,Bolangir,Tureikela,Chaulasukha,-0.3172222222222222
2040010,Bolangir,Tureikela,Dhamandanga,-0.223
2040002,Bolangir,Tureikela,Dholamandal,-0.4737999999999999
2040003,Bolangir,Tureikela,Ghunesa,-0.545
2040016,Bolangir,Tureikela,Halanvata,-0.2975454545454545
2040007,Bolangir,Tureikela,Hial,-0.2686428571428571
2040004,Bolangir,Tureikela,Jharani,-0.3280714285714285
2040015,Bolangir,Tureikela,Kameimunda,-0.508
2040018,Bolangir,Tureikela,Kandel,-0.338125
2040017,Bolangir,Tureikela,Karuanmunda,-0.0458
2040012,Bolangir,Tureikela,Khagasa,-0.3525
2040006,Bolangir,Tureikela,Kuhibahal,-0.3243333333333333
2040013,Bolangir,Tureikela,Mahakhanda,-0.296
2040011,Bolangir,Tureikela,Mahulapati,-0.3023636363636364
2040005,Bolangir,Tureikela,Turekela,-0.2990769230769231
28010021,Boudh,Boudh,Ainlapali,-0.2578571428571428
28010003,Boudh,Boudh,Ambajhari,-0.3594193548387097
28010008,Boudh,Boudh,Badhigaon,-0.16155
28010005,Boudh,Boudh,Baghiapada,-0.3437647058823529
28010014,Boudh,Boudh,Bahira,-0.3735
28010015,Boudh,Boudh,Baunsuni,-0.2031428571428571
28010006,Boudh,Boudh,Brahmanipali,-0.2973333333333333
28010016,Boudh,Boudh,Gochhapada,-0.4328571428571429
28010002,Boudh,Boudh,Gundulia,-0.5126153846153846
28010023,Boudh,Boudh,Kasurbandha,-0.2630714285714285
28010022,Boudh,Boudh,Khaliapali (Purumunda),-0.4195
28010010,Boudh,Boudh,Khuntabandha,-0.2878
28010020,Boudh,Boudh,Laxmiprasad,-0.2988333333333333
28010017,Boudh,Boudh,Manupali,-0.3663
28010007,Boudh,Boudh,Mundapada,-0.3607
28010012,Boudh,Boudh,Mundipadar,-0.3552666666666667
28010009,Boudh,Boudh,Murusundhi,0.0847272727272727
28010019,Boudh,Boudh,Padmanpur,-0.3040909090909091
28010018,Boudh,Boudh,Roxa(Dahya),-0.2714615384615385
28010001,Boudh,Boudh,Sagada,-0.4378214285714286
28010013,Boudh,Boudh,Talasarada,-0.3147692307692307
28010011,Boudh,Boudh,Telibandha,-0.1547692307692307
28010004,Boudh,Boudh,Tikarpada,-0.389
28030001,Boudh,Harbhanga,Adhenigarh,-0.4130357142857143
28030015,Boudh,Harbhanga,Bamanda,-0.2530714285714285
28030017,Boudh,Harbhanga,Bandhapathar,-0.1533749999999999
28030007,Boudh,Harbhanga,Banibhusanpur,-0.356764705882353
28030018,Boudh,Harbhanga,Biranarasinghpur,-0.2415999999999999
28030005,Boudh,Harbhanga,Chhatranga,-0.4124666666666667
28030011,Boudh,Harbhanga,Dhalapur,-0.4517857142857143
28030004,Boudh,Harbhanga,Harabhanga,-0.4441052631578948
28030020,Boudh,Harbhanga,Karanjakata,-0.3773571428571429
28030003,Boudh,Harbhanga,Kusanga,-0.437
28030009,Boudh,Harbhanga,Lunibahal,-0.2928461538461538
28030019,Boudh,Harbhanga,Mahalikpada,-0.5274117647058824
28030014,Boudh,Harbhanga,Mathura,-0.0827142857142857
2803,Boudh,Harbhanga,Na,-0.18275
28030022,Boudh,Harbhanga,Pitambarpur,-0.3735
28030008,Boudh,Harbhanga,Purunakatak,-0.205
28030021,Boudh,Harbhanga,Radhanagar,-0.266
28030012,Boudh,Harbhanga,Ramgarh,-0.3401818181818182
28030013,Boudh,Harbhanga,Sampoch,-0.3211428571428572
28030006,Boudh,Harbhanga,Sankulei,-0.44385
28030016,Boudh,Harbhanga,Sarasara,-0.1953333333333333
28030002,Boudh,Harbhanga,Talagaon,-0.518047619047619
28030010,Boudh,Harbhanga,Tileswar,-0.4290666666666666
28020002,Boudh,Kantamala,Ambagaon,-0.3014545454545454
28020023,Boudh,Kantamala,Baragochha,-0.4076923076923077
28020008,Boudh,Kantamala,Bargaon,-0.4426363636363636
28020021,Boudh,Kantamala,Bilashapur,-0.3846875
28020014,Boudh,Kantamala,Dapala,-0.4304545454545455
28020001,Boudh,Kantamala,Ghantapada,-0.3504090909090909
28020024,Boudh,Kantamala,Ghikundi,-0.3554285714285714
28020020,Boudh,Kantamala,Gudvelipadar,-0.3268461538461539
28020018,Boudh,Kantamala,Jogendrapur,-0.4199375
28020009,Boudh,Kantamala,Kantamal,-0.2941428571428571
28020010,Boudh,Kantamala,Khaliapali,-0.3904444444444444
28020004,Boudh,Kantamala,Khamanmunda,-0.3837692307692307
28020016,Boudh,Kantamala,Khatakhatia,-0.3095
28020005,Boudh,Kantamala,Khuntigora,-0.3767692307692307
28020003,Boudh,Kantamala,Kultajor,-0.4290555555555555
28020013,Boudh,Kantamala,Lambasari,-0.3913478260869565
28020019,Boudh,Kantamala,Manamunda,-0.0960833333333333
28020007,Boudh,Kantamala,Narayanprasad,-0.3388095238095238
28020015,Boudh,Kantamala,Palasagora,-0.2188823529411764
28020011,Boudh,Kantamala,Rengali,-0.2749999999999999
28020012,Boudh,Kantamala,Rundimahul,-0.290076923076923
28020017,Boudh,Kantamala,Similipadar,-0.292
28020022,Boudh,Kantamala,Sundhipadar,-0.40545
28020006,Boudh,Kantamala,Uma,-0.3092727272727273
3010032,Cuttack,Athagarh,Anantapur,0.0618333333333333
3010009,Cuttack,Athagarh,Badbhuin,0.0792
3010026,Cuttack,Athagarh,Bentapada,0.0365
3010030,Cuttack,Athagarh,Bhogara,0.0832857142857142
3010020,Cuttack,Athagarh,Chhagaon,0.09825
3010029,Cuttack,Athagarh,Dalabhaga,0.0885
3010001,Cuttack,Athagarh,Dhaipur,0.1738333333333333
3010021,Cuttack,Athagarh,Dhurusia,0.06025
3010014,Cuttack,Athagarh,Dorada,0.012125
3010028,Cuttack,Athagarh,Ghantikhal,0.0774615384615384
3010018,Cuttack,Athagarh,Gobara,-0.1764
3010017,Cuttack,Athagarh,Gurudijhatia,0.023
3010007,Cuttack,Athagarh,Ichhapur,0.3801666666666667
3010006,Cuttack,Athagarh,Jenapadadesh,0.2676666666666666
3010011,Cuttack,Athagarh,Joranda,-0.0786666666666666
3010024,Cuttack,Athagarh,Kandarei,-0.137
3010002,Cuttack,Athagarh,Kandarpur,0.0048333333333333
3010005,Cuttack,Athagarh,Katikiasahi,0.083
3010010,Cuttack,Athagarh,Khuntakata,0.1145
3010016,Cuttack,Athagarh,Khuntuni,0.0423333333333333
3010015,Cuttack,Athagarh,Kulailo,-0.0256666666666666
3010019,Cuttack,Athagarh,Kumarpur,-0.2082857142857143
3010034,Cuttack,Athagarh,Kuspangi,0.16825
3010012,Cuttack,Athagarh,Mahakalbasta,-0.032
3010023,Cuttack,Athagarh,Mancheswar,0.1349333333333333
3010004,Cuttack,Athagarh,Megha,0.0281428571428571
3010022,Cuttack,Athagarh,Oranda,0.0962
3010033,Cuttack,Athagarh,Radhagovindapur,0.1471999999999999
3010025,Cuttack,Athagarh,Radhakishorepur,0.0377777777777777
3010031,Cuttack,Athagarh,Radhakrushnapur,-0.147
3010003,Cuttack,Athagarh,Rajnagar,0.0278
3010008,Cuttack,Athagarh,Samsarpur,0.251
3010027,Cuttack,Athagarh,Sathilo,0.2315
3010013,Cuttack,Athagarh,Taradinga,-0.0464
3030015,Cuttack,Badamba,Abhimanpur,0.29525
3030018,Cuttack,Badamba,Badambagad,0.0456666666666666
3030008,Cuttack,Badamba,Badbarsingh,0.0734999999999999
3030016,Cuttack,Badamba,Badkambilo,-0.3914615384615384
3030013,Cuttack,Badamba,Baliapal,-0.0427999999999999
3030012,Cuttack,Badamba,Banamalipur,0.101
3030017,Cuttack,Badamba,Bangirsinga,-0.1432857142857142
3030038,Cuttack,Badamba,Bhattarika,-0.1473333333333333
3030019,Cuttack,Badamba,Dasarathipur,-0.25
3030033,Cuttack,Badamba,Diniari,0.1378571428571428
3030007,Cuttack,Badamba,Gadapokhari,0.1818333333333333
3030028,Cuttack,Badamba,Gopalpur,-0.1108333333333333
3030006,Cuttack,Badamba,Gopamathura,0.2955
3030011,Cuttack,Badamba,Gopapur,-0.0159999999999999
3030002,Cuttack,Badamba,Gopinathpur,-0.0706666666666666
3030029,Cuttack,Badamba,Janisahi,-0.0512
3030036,Cuttack,Badamba,Jhajia,-0.007
3030020,Cuttack,Badamba,Jodamuhan,-0.079
3030022,Cuttack,Badamba,Kankadajodi,0.0537499999999999
3030021,Cuttack,Badamba,Karadibandha,0.06
3030004,Cuttack,Badamba,Kasikiari,-0.035875
3030003,Cuttack,Badamba,Khuntakata,0.0499999999999999
3030014,Cuttack,Badamba,Krushnachandrapur,-0.0182857142857142
3030027,Cuttack,Badamba,Kuleswar,0.00375
3030030,Cuttack,Badamba,Kunarpal,-0.0397499999999999
3030010,Cuttack,Badamba,Mahulia,0.1485
3030032,Cuttack,Badamba,Malati,0.009
3030034,Cuttack,Badamba,Manapur,-0.22725
3030035,Cuttack,Badamba,Mangarajpur,-0.01025
3030023,Cuttack,Badamba,Maniabandha,0.0691666666666666
3030001,Cuttack,Badamba,Mugagahir (New),0.0879999999999999
3030024,Cuttack,Badamba,Parajapada,0.1251666666666666
3030009,Cuttack,Badamba,Ragadipada,-0.1071666666666666
3030025,Cuttack,Badamba,Ratapat,0.015
3030026,Cuttack,Badamba,Sanabarsingh,-0.1685555555555555
3030005,Cuttack,Badamba,Sankhamari,-0.0832
3030037,Cuttack,Badamba,Santarabali,0.174
3030031,Cuttack,Badamba,Talamunduli,0.145
3020008,Cuttack,Banki,Anuari,0.0185416666666666
3020012,Cuttack,Banki,Baideswar,-0.1362857142857143
3020014,Cuttack,Banki,Balabhadrapur,-0.138
3020007,Cuttack,Banki,Bandal,-0.18125
3020004,Cuttack,Banki,Barput,-0.171875
3020016,Cuttack,Banki,Baunsaput,-0.1475
3020006,Cuttack,Banki,Brahmapura,-0.0325
3020017,Cuttack,Banki,Golaganda,-0.1071666666666666
3020010,Cuttack,Banki,Jagannathpur,-0.123375
3020015,Cuttack,Banki,Kadalibadi,-0.0045
3020009,Cuttack,Banki,Kalapathar,-0.0768888888888888
3020011,Cuttack,Banki,Kalipoi,-0.1558571428571428
3020001,Cuttack,Banki,Kantpahanra,0.030125
3020018,Cuttack,Banki,Kendupalli,-0.236
3020005,Cuttack,Banki,Kiapala,-0.1351
3020019,Cuttack,Banki,Nuagaon,-0.0191999999999999
3020003,Cuttack,Banki,Ostia,-0.0146086956521739
3020013,Cuttack,Banki,Puincha,-0.2615384615384615
3020020,Cuttack,Banki,Ratagada-Govindpur,-0.0853333333333333
3020002,Cuttack,Banki,Subarnpur,0.0683333333333333
3120003,Cuttack,Baranga,Belagachia,0.423
3120001,Cuttack,Baranga,Dadhapatna,0.3037999999999999
3120009,Cuttack,Baranga,Harianta,-0.1105714285714285
3120014,Cuttack,Baranga,Kanheipada,0.4040000000000001
3120010,Cuttack,Baranga,Khalarda,0.0561249999999999
3120011,Cuttack,Baranga,Korkora,0.037
3120012,Cuttack,Baranga,Kurangapradhan,0.110125
3120013,Cuttack,Baranga,Kurangasasan,0.0308888888888888
3120002,Cuttack,Baranga,Madhupur,0.41
3120016,Cuttack,Baranga,Mundali,0.2017142857142857
3120006,Cuttack,Baranga,Nagari,0.24225
3120004,Cuttack,Baranga,Narajamarthapur,0.3443333333333333
3120005,Cuttack,Baranga,Ramdaspur,0.3068
3120008,Cuttack,Baranga,Sainso,0.0288
3120015,Cuttack,Baranga,Sribantapur,0.41
3120007,Cuttack,Baranga,Ushuma,0.2482857142857142
3040010,Cuttack,Cuttack Sadar,Aitipur,0.0684999999999999
3040012,Cuttack,Cuttack Sadar,Amana,0.3989999999999999
3040016,Cuttack,Cuttack Sadar,Arilo,0.0732857142857142
3040021,Cuttack,Cuttack Sadar,Barada,-0.1935
3040023,Cuttack,Cuttack Sadar,Barahmpur,0.4918
3040008,Cuttack,Cuttack Sadar,Bentkar,0.3051666666666666
3040014,Cuttack,Cuttack Sadar,Bodhapur,0.1097142857142857
3040005,Cuttack,Cuttack Sadar,Dadhibamanpur,0.2928333333333333
3040018,Cuttack,Cuttack Sadar,Dharina,0.03475
3040002,Cuttack,Cuttack Sadar,Fakirpada,0.5345
3040009,Cuttack,Cuttack Sadar,Gatiroutpatna,0.2533999999999999
3040019,Cuttack,Cuttack Sadar,Jasapada,-0.0388571428571428
3040022,Cuttack,Cuttack Sadar,Jharkata,0.421
3040007,Cuttack,Cuttack Sadar,Kalpada,0.2739999999999999
3040001,Cuttack,Cuttack Sadar,Kandarpur,0.2727142857142857
3040013,Cuttack,Cuttack Sadar,Khandeita,0.3074285714285714
3040020,Cuttack,Cuttack Sadar,Kishan Nagar,-0.0574999999999999
3040006,Cuttack,Cuttack Sadar,Kulasarichuan,0.17675
3040004,Cuttack,Cuttack Sadar,Nimeinshapur,0.5096
3040003,Cuttack,Cuttack Sadar,Paramhans,0.4508749999999999
3040015,Cuttack,Cuttack Sadar,Praharajpur,0.2014
3040017,Cuttack,Cuttack Sadar,Somapur,0.159
3040011,Cuttack,Cuttack Sadar,Urali,0.6485714285714286
3130016,Cuttack,Dampada,Banra,0.0011666666666666
3130012,Cuttack,Dampada,Bhagipur,-0.0847142857142857
3130013,Cuttack,Dampada,Bilapada,-0.127875
3130009,Cuttack,Dampada,Dampada,-0.1634545454545454
3130006,Cuttack,Dampada,Dhansar,-0.0882
3130014,Cuttack,Dampada,Dulanapur,-0.13575
3130002,Cuttack,Dampada,Durgapur,0.0966666666666666
3130008,Cuttack,Dampada,Gobindapur,0.0151666666666666
3130003,Cuttack,Dampada,Gopalpur,0.0386363636363636
3130017,Cuttack,Dampada,Harirajpur,-0.1137499999999999
3130010,Cuttack,Dampada,Kusapangi,-0.007375
3130004,Cuttack,Dampada,Nargang,-0.2057777777777777
3130011,Cuttack,Dampada,Pathapur,-0.0028571428571428
3130015,Cuttack,Dampada,Ragadi,0.0428333333333333
3130001,Cuttack,Dampada,Similipur,0.0318333333333333
3130007,Cuttack,Dampada,Talbasta,-0.0865833333333333
3130005,Cuttack,Dampada,Tulasipur,0.058
3140006,Cuttack,Kantapada,Adaspur,0.0532222222222222
3140007,Cuttack,Kantapada,Badpatsunderpur,-0.0403749999999999
3140008,Cuttack,Kantapada,Bagalpur,0.1161111111111111
3140013,Cuttack,Kantapada,Brahmanbati,-0.1605
3140003,Cuttack,Kantapada,Brahmansailo,-0.0485714285714285
3140014,Cuttack,Kantapada,Dimiri,-0.0062
3140001,Cuttack,Kantapada,Gobindapur,0.0307777777777777
3140004,Cuttack,Kantapada,Jharpada,0.0223333333333333
3140005,Cuttack,Kantapada,Kantapada,0.1105
3140002,Cuttack,Kantapada,Nahalpur,-0.1162857142857143
3140012,Cuttack,Kantapada,Nuagaongram,-0.0433999999999999
3140010,Cuttack,Kantapada,Postal,-0.1024285714285714
3140011,Cuttack,Kantapada,Urad,0.16625
3140009,Cuttack,Kantapada,Uttaran,0.0252
3110030,Cuttack,Mahanga,Anandapur,-0.0586666666666666
3110028,Cuttack,Mahanga,Bajapur,0.0502857142857142
3110033,Cuttack,Mahanga,Barahipur,1.040834085586084e-17
3110011,Cuttack,Mahanga,Basudevpur,0.0668571428571428
3110026,Cuttack,Mahanga,Bhadreswar,-0.037
3110022,Cuttack,Mahanga,Bhaunria,-0.1818333333333333
3110029,Cuttack,Mahanga,Bheda,0.0252
3110009,Cuttack,Mahanga,Chahapada,-0.1283333333333333
3110032,Cuttack,Mahanga,Gokan,0.0652499999999999
3110025,Cuttack,Mahanga,Gopalpur,-0.04825
3110006,Cuttack,Mahanga,Gotara,-0.1562857142857143
3110003,Cuttack,Mahanga,Haladia,-0.0257142857142857
3110031,Cuttack,Mahanga,Jaleswarpur,0.307
3110016,Cuttack,Mahanga,Kaitha,0.102
3110027,Cuttack,Mahanga,Koliatha,0.1713333333333333
3110013,Cuttack,Mahanga,Kuhunda,0.2243333333333333
3110017,Cuttack,Mahanga,Kundi,0.0225
3110034,Cuttack,Mahanga,Kurujanga,0.0786
3110004,Cuttack,Mahanga,Kusupur,0.128
3110005,Cuttack,Mahanga,Lalitgiri,0.2044285714285714
3110012,Cuttack,Mahanga,Madhupur,0.0205714285714285
3110010,Cuttack,Mahanga,Mahanga,0.047
3110018,Cuttack,Mahanga,Mauda,0.0606
3110014,Cuttack,Mahanga,Mulabasanta,0.213125
3110024,Cuttack,Mahanga,Nahanga,-0.0958
3110019,Cuttack,Mahanga,Nurtanga,0.07025
3110021,Cuttack,Mahanga,Osanga,0.1064
3110002,Cuttack,Mahanga,Paikerapur,-0.1426666666666666
3110023,Cuttack,Mahanga,Pallisahi,-0.2193333333333333
3110035,Cuttack,Mahanga,Panaspur,0.2476
3110001,Cuttack,Mahanga,Podamarei,-0.0307142857142857
3110008,Cuttack,Mahanga,Rahania,0.1465
3110036,Cuttack,Mahanga,Sahapur,0.1473333333333333
3110015,Cuttack,Mahanga,Samsarpur,-0.0528571428571428
3110020,Cuttack,Mahanga,Srikrushnapur,0.4395
3110007,Cuttack,Mahanga,Umar,-0.1973333333333333
3110037,Cuttack,Mahanga,Usuma,0.1003333333333333
3050030,Cuttack,Narasinghpur,Adheigundi,-0.2259
3050014,Cuttack,Narasinghpur,Alara,-0.0204285714285714
3050009,Cuttack,Narasinghpur,Badabhuin,-0.4168
3050019,Cuttack,Narasinghpur,Balijhari,0.0594285714285714
3050005,Cuttack,Narasinghpur,Balisahi,-0.3438571428571428
3050013,Cuttack,Narasinghpur,Bandhahuda,0.09725
3050003,Cuttack,Narasinghpur,Basantapur,-0.2928333333333333
3050020,Cuttack,Narasinghpur,Baselihata,0.1634999999999999
3050037,Cuttack,Narasinghpur,Bokoda,-0.300125
3050027,Cuttack,Narasinghpur,Chakamunda,-0.297
3050026,Cuttack,Narasinghpur,Champeswar,0.0983333333333333
3050016,Cuttack,Narasinghpur,Debhuin,-0.3783999999999999
3050023,Cuttack,Narasinghpur,Ekadal,0.03675
3050017,Cuttack,Narasinghpur,Godibandha,-0.2068
3050033,Cuttack,Narasinghpur,Jayamangal,-0.1988
3050006,Cuttack,Narasinghpur,Judumu,-0.1865555555555555
3050028,Cuttack,Narasinghpur,Kakudia,-0.074
3050001,Cuttack,Narasinghpur,Kamaladihi,-0.395
3050032,Cuttack,Narasinghpur,Kanjiapada,0.236
3050024,Cuttack,Narasinghpur,Kanpur,0.1176
3050035,Cuttack,Narasinghpur,Kathakhuntha,-0.131
3050007,Cuttack,Narasinghpur,Kokolaba,-0.2081428571428571
3050011,Cuttack,Narasinghpur,Nijigad,0.26
3050034,Cuttack,Narasinghpur,Nijigad-East (Hq.-Paikapadapatna),0.0303333333333333
3050008,Cuttack,Narasinghpur,Nimasahi,-0.1404999999999999
3050010,Cuttack,Narasinghpur,Nuapatna,-0.0528333333333333
3050012,Cuttack,Narasinghpur,Nukhapada,0.1133333333333333
3050018,Cuttack,Narasinghpur,Olaba,-0.4451428571428572
3050025,Cuttack,Narasinghpur,Paikabarbati,0.075
3050029,Cuttack,Narasinghpur,Phulapada,0.0513333333333333
3050031,Cuttack,Narasinghpur,Podamal,0.05275
3050036,Cuttack,Narasinghpur,Ranasinghpur,-0.2938571428571429
3050002,Cuttack,Narasinghpur,Regada,-0.4228461538461538
3050022,Cuttack,Narasinghpur,Rusipada,0.1648
3050015,Cuttack,Narasinghpur,Sagar,-0.1854545454545454
3050004,Cuttack,Narasinghpur,Saradhapur,-0.292375
3050021,Cuttack,Narasinghpur,Siaria,0.2023333333333333
3060021,Cuttack,Niali,Alana,-0.157625
3060011,Cuttack,Niali,Analo,-0.070875
3060008,Cuttack,Niali,Baharana,0.00975
3060010,Cuttack,Niali,Bilasuni,-0.1741111111111111
3060016,Cuttack,Niali,Binishipur,0.268
3060019,Cuttack,Niali,Ekbaruan,0.1058333333333333
3060004,Cuttack,Niali,Erancha,-0.0605714285714285
3060020,Cuttack,Niali,Jalarpur,0.0082222222222222
3060015,Cuttack,Niali,Kapasi,0.1392857142857143
3060002,Cuttack,Niali,Kasarda,-0.03975
3060017,Cuttack,Niali,Krushnaprasad,0.0827272727272727
3060014,Cuttack,Niali,Madhab,0.008875
3060012,Cuttack,Niali,Niali,0.0699999999999999
3060023,Cuttack,Niali,Nibaran,0.1118333333333333
3060013,Cuttack,Niali,Nuagaon,-0.1038333333333333
3060003,Cuttack,Niali,Pahanga,0.135
3060007,Cuttack,Niali,Pokharigaon,0.0018333333333333
3060005,Cuttack,Niali,Raniola,0.0584999999999999
3060022,Cuttack,Niali,Ratanpur,0.12275
3060001,Cuttack,Niali,Sadansh,0.0869090909090909
3060009,Cuttack,Niali,Sagadailo,0.0523749999999999
3060006,Cuttack,Niali,Sithalo,0.116
3060018,Cuttack,Niali,Tihudi,0.172
3150008,Cuttack,Nischintakoili,Asureswar,0.1668
3150025,Cuttack,Nischintakoili,Babujang,0.1055714285714285
3150041,Cuttack,Nischintakoili,Badkhira,0.0327499999999999
3150007,Cuttack,Nischintakoili,Baliapada(Khandasahi),0.0822499999999999
3150013,Cuttack,Nischintakoili,Bandhakatia,0.043375
3150036,Cuttack,Nischintakoili,Bandhupur,-0.1995
3150031,Cuttack,Nischintakoili,Barada,0.13
3150006,Cuttack,Nischintakoili,Buhal,0.2355
3150011,Cuttack,Nischintakoili,Daudpur,0.3429999999999999
3150023,Cuttack,Nischintakoili,Isani Berhampur,-0.0117999999999999
3150028,Cuttack,Nischintakoili,Jairampur,0.117
3150017,Cuttack,Nischintakoili,Jamara,0.10375
3150010,Cuttack,Nischintakoili,Janardanpur,0.192
3150035,Cuttack,Nischintakoili,Jhadeswarpur,0.2068
3150004,Cuttack,Nischintakoili,Jiginipur,0.1079999999999999
3150009,Cuttack,Nischintakoili,Kalamisree Jayantpur,0.1225
3150038,Cuttack,Nischintakoili,Katarpada,0.051
3150033,Cuttack,Nischintakoili,Katikata,0.2228333333333333
3150005,Cuttack,Nischintakoili,Kendupatna,0.3678333333333333
3150020,Cuttack,Nischintakoili,Kentalo,0.191
3150039,Cuttack,Nischintakoili,Kerilo,0.15225
3150030,Cuttack,Nischintakoili,Kolanpur,0.4433333333333333
3150040,Cuttack,Nischintakoili,Mahamadapur,0.364
3150022,Cuttack,Nischintakoili,Manapur,0.1413333333333333
3150027,Cuttack,Nischintakoili,Manijanga,0.5225
3150015,Cuttack,Nischintakoili,Nagaspur,0.2064
3150012,Cuttack,Nischintakoili,Narendrapur,0.2432
3150029,Cuttack,Nischintakoili,Natkei,0.1372
3150014,Cuttack,Nischintakoili,Nemalo,0.1655
3150003,Cuttack,Nischintakoili,Nischintakoili,0.1493333333333333
3150018,Cuttack,Nischintakoili,Orati,0.081
3150037,Cuttack,Nischintakoili,Palada,0.0105
3150001,Cuttack,Nischintakoili,Phogal,0.04175
3150002,Cuttack,Nischintakoili,Ramakrushnapur,-0.02175
3150016,Cuttack,Nischintakoili,Saantpur,0.0163333333333333
3150032,Cuttack,Nischintakoili,Sarapada,0.1718333333333333
3150024,Cuttack,Nischintakoili,Sirilo,0.008
3150019,Cuttack,Nischintakoili,Sukerpada,0.2062
3150021,Cuttack,Nischintakoili,Tarat Sasan,0.04325
3150034,Cuttack,Nischintakoili,Tilakana,0.0533333333333333
3150026,Cuttack,Nischintakoili,Uttarkul,0.2302222222222222
3070022,Cuttack,Salipur,Bahugram,0.1507142857142857
3070028,Cuttack,Salipur,Balisahi,0.3058571428571429
3070015,Cuttack,Salipur,Barigol,-0.0043999999999999
3070016,Cuttack,Salipur,Bhimdaspur,0.0046
3070002,Cuttack,Salipur,Champati,0.235625
3070012,Cuttack,Salipur,Chandradeipur,0.15775
3070008,Cuttack,Salipur,Chhanipur,-0.0535999999999999
3070021,Cuttack,Salipur,Gopinathpur,0.078
3070034,Cuttack,Salipur,Gunjarpur,0.4515
3070030,Cuttack,Salipur,Katarapa,-0.0149999999999999
3070003,Cuttack,Salipur,Madhyakachha,0.0786428571428571
3070004,Cuttack,Salipur,Mahajanpur,0.3321666666666666
3070006,Cuttack,Salipur,Mahan,0.0416666666666666
3070009,Cuttack,Salipur,Malshasan,-0.0645
3070018,Cuttack,Salipur,Mirzapur,-0.1564
3070001,Cuttack,Salipur,Mutarifa,0.086
3070007,Cuttack,Salipur,Naiguan,0.2238
3070023,Cuttack,Salipur,Nandol,0.2164
3070027,Cuttack,Salipur,Narda,-0.0111999999999999
3070017,Cuttack,Salipur,Odsingh,0.0322857142857142
3070033,Cuttack,Salipur,Paschimakachha,0.099
3070014,Cuttack,Salipur,Pikol,0.0576
3070025,Cuttack,Salipur,Purunahat,-0.192125
3070013,Cuttack,Salipur,Raisunguda,-0.0081428571428571
3070019,Cuttack,Salipur,Ramakrushnapur,-0.0169999999999999
3070005,Cuttack,Salipur,Rameswar,-0.2301428571428571
3070031,Cuttack,Salipur,Ratilo,0.1125714285714285
3070035,Cuttack,Salipur,Satyabhamapur,0.0538571428571428
3070020,Cuttack,Salipur,Sauri,0.0782857142857142
3070029,Cuttack,Salipur,Sidho,-0.1508
3070011,Cuttack,Salipur,Sisua,0.1791428571428571
3070032,Cuttack,Salipur,Sudukhanda,-0.260375
3070024,Cuttack,Salipur,Tarito,-0.0614999999999999
3070010,Cuttack,Salipur,Tentola,0.1375
3070026,Cuttack,Salipur,Trilochanpur,0.224
3090018,Cuttack,Tangi Choudwar,Agrahat,0.23825
3090015,Cuttack,Tangi Choudwar,Badsamntarapur,-0.0641666666666666
3090023,Cuttack,Tangi Choudwar,Banipada,0.532
3090019,Cuttack,Tangi Choudwar,Berhampur,-0.212
3090009,Cuttack,Tangi Choudwar,Bhatimunda,-0.052
3090007,Cuttack,Tangi Choudwar,Garudagaon,-0.146076923076923
3090012,Cuttack,Tangi Choudwar,Gobindpur,-0.2063333333333333
3090010,Cuttack,Tangi Choudwar,Harianta,0.4241818181818182
3090013,Cuttack,Tangi Choudwar,Indranipatana,0.3478
3090011,Cuttack,Tangi Choudwar,Jaripada,-0.0228888888888888
3090001,Cuttack,Tangi Choudwar,Kakhadi,0.0097142857142857
3090006,Cuttack,Tangi Choudwar,Kanheipur,0.1845
3090014,Cuttack,Tangi Choudwar,Kayalpada,0.3424285714285714
3090003,Cuttack,Tangi Choudwar,Kotsahi,-0.1001363636363636
3090021,Cuttack,Tangi Choudwar,Maguradhanmandal,-0.0032857142857142
3090024,Cuttack,Tangi Choudwar,Mahisalanda,-0.2424444444444444
3090016,Cuttack,Tangi Choudwar,Mangarajpur,-0.2547
3090004,Cuttack,Tangi Choudwar,Nakhara,0.475
3090008,Cuttack,Tangi Choudwar,Napanga,0.193375
3090005,Cuttack,Tangi Choudwar,Salgaon,0.0251666666666666
3090017,Cuttack,Tangi Choudwar,Sankarpur,0.0223333333333333
3090020,Cuttack,Tangi Choudwar,Sapha,-0.18475
3090002,Cuttack,Tangi Choudwar,Uchapada,0.1207142857142857
3080001,Cuttack,Tigiria,Achalkot,-0.075
3080010,Cuttack,Tigiria,Badnauput,-0.060625
3080014,Cuttack,Tigiria,Baliput,0.3286666666666666
3080002,Cuttack,Tigiria,Bhiruda,0.0628333333333333
3080012,Cuttack,Tigiria,Bhogada,-0.0316363636363636
3080007,Cuttack,Tigiria,Bindhania,0.2987499999999999
3080009,Cuttack,Tigiria,Gadadharpur,-0.0154285714285714
3080013,Cuttack,Tigiria,Hetamal,-0.0953333333333333
3080006,Cuttack,Tigiria,Jemadeipur,0.35025
3080004,Cuttack,Tigiria,Nijigad,0.1167999999999999
3080008,Cuttack,Tigiria,Nuapatna,0.4165
3080003,Cuttack,Tigiria,Panchagaon,-0.045125
3080005,Cuttack,Tigiria,Purunatigiria,0.0084285714285714
3080011,Cuttack,Tigiria,Somapada,0.0161666666666666
29030021,Deogarh,Barkot,Balam,-0.2782
29030017,Deogarh,Barkot,Balanda,-0.0533333333333333
29030003,Deogarh,Barkot,Bampaparda,-0.2696666666666666
29030014,Deogarh,Barkot,Basaloi,-0.3603846153846153
29030010,Deogarh,Barkot,Bijayanagar,-0.2963
29030013,Deogarh,Barkot,Dandasingha,-0.3179090909090909
29030009,Deogarh,Barkot,Danra,-0.1989333333333333
29030022,Deogarh,Barkot,Dhantaribahal,-0.4711
29030023,Deogarh,Barkot,Golabandha,-0.1683333333333333
29030001,Deogarh,Barkot,Gurusanga,-0.3637777777777777
29030020,Deogarh,Barkot,Jharakandhal,-0.3178461538461538
29030007,Deogarh,Barkot,Kadopada,-0.373
29030005,Deogarh,Barkot,Kala,-0.0187999999999999
29030004,Deogarh,Barkot,Kaliapal,-0.4004615384615384
29030011,Deogarh,Barkot,Kandhal,-0.176
29030012,Deogarh,Barkot,Kantapali,-0.6073999999999999
29030019,Deogarh,Barkot,Kaunsibahal,-0.3385333333333333
29030008,Deogarh,Barkot,Kelada,-0.5086
29030015,Deogarh,Barkot,Madhypur,-0.2939230769230769
29030016,Deogarh,Barkot,Raitabahal,-0.4476428571428572
29030018,Deogarh,Barkot,Rambei,-0.4276666666666667
29030024,Deogarh,Barkot,Saida,-0.1935833333333333
29030002,Deogarh,Barkot,Saruali,-0.4532666666666666
29030006,Deogarh,Barkot,Singhasala,-0.2221818181818181
29020016,Deogarh,Reamal,Adasa,-0.4613076923076923
29020020,Deogarh,Reamal,Baghabar,-0.4948181818181819
29020008,Deogarh,Reamal,Budhapal,-0.4093888888888888
29020018,Deogarh,Reamal,Budhido,-0.2927272727272727
29020009,Deogarh,Reamal,Chadheimara,-0.3865294117647058
29020019,Deogarh,Reamal,Gundiapali,-0.4827777777777777
29020003,Deogarh,Reamal,Kantabahal,-0.431
29020005,Deogarh,Reamal,Karalaga,-0.3249999999999999
29020002,Deogarh,Reamal,Khilei,-0.2913636363636364
29020026,Deogarh,Reamal,Kolabasa,-0.4521666666666666
29020010,Deogarh,Reamal,Kundheigola,-0.5013333333333334
29020021,Deogarh,Reamal,Lulang,-0.4751
29020014,Deogarh,Reamal,Malehipada,-0.3813333333333333
29020012,Deogarh,Reamal,Naulipada,-0.332375
29020001,Deogarh,Reamal,Nuadihi,-0.3682857142857142
29020025,Deogarh,Reamal,Nuapada,-0.268375
29020006,Deogarh,Reamal,Palasama,-0.242625
29020007,Deogarh,Reamal,Para,-0.335125
29020015,Deogarh,Reamal,Riamal,-0.23525
29020017,Deogarh,Reamal,Tabada,-0.3711428571428571
29020013,Deogarh,Reamal,Taranga,-0.413578947368421
29020023,Deogarh,Reamal,Tentalabahal,-0.48975
29020011,Deogarh,Reamal,Tinkabira,-0.4016842105263157
29020022,Deogarh,Reamal,Tuhilamal,-0.4787777777777778
29020024,Deogarh,Reamal,Turungamal,-0.3676363636363637
29020004,Deogarh,Reamal,Utunia,-0.31
29010015,Deogarh,Tileibeni,Badachhapal,-0.2682
29010016,Deogarh,Tileibeni,Baniakilinda,-0.3715833333333333
29010008,Deogarh,Tileibeni,Chhepilipali,-0.4283888888888889
29010004,Deogarh,Tileibeni,Dholapada,-0.411
29010003,Deogarh,Tileibeni,Dimirikuda,-0.5142142857142857
29010011,Deogarh,Tileibeni,Dudhianali,-0.3882941176470588
29010017,Deogarh,Tileibeni,Gandam,-0.5181111111111112
29010009,Deogarh,Tileibeni,Jharagogua,-0.4276666666666666
29010019,Deogarh,Tileibeni,Jharmunda,-0.4938571428571428
29010018,Deogarh,Tileibeni,Kalanda,-0.1857142857142857
29010005,Deogarh,Tileibeni,Kansar,-0.4269374999999999
29010010,Deogarh,Tileibeni,Kendeijuri,-0.421235294117647
29010006,Deogarh,Tileibeni,Laimura,-0.5667407407407408
29010020,Deogarh,Tileibeni,Palakudar,-0.3853571428571429
29010013,Deogarh,Tileibeni,Paraposi,-0.6119
29010001,Deogarh,Tileibeni,Sado,-0.4036875
29010007,Deogarh,Tileibeni,Suguda,-0.3609375
29010002,Deogarh,Tileibeni,Tainsar,-0.2566111111111111
29010012,Deogarh,Tileibeni,Talakundi,-0.4351666666666666
29010014,Deogarh,Tileibeni,Tileibani,-0.41225
4040012,Dhenkanal,Bhuban,Arkhapal,0.11775
4040017,Dhenkanal,Bhuban,Balibo,-0.2258333333333333
4040014,Dhenkanal,Bhuban,Baruan,-0.204
4040003,Dhenkanal,Bhuban,Bhusal,-0.0834
4040008,Dhenkanal,Bhuban,Dayanabila,-0.138375
4040015,Dhenkanal,Bhuban,Dhalpada,-0.1553333333333333
4040001,Dhenkanal,Bhuban,Dighi,-0.1215833333333333
4040006,Dhenkanal,Bhuban,Ektali,-0.2204444444444444
4040007,Dhenkanal,Bhuban,Gadanrusinghprasad,0.1008181818181818
4040009,Dhenkanal,Bhuban,Jamunakota,0.1465714285714285
4040011,Dhenkanal,Bhuban,Jirala,0.0008
4040016,Dhenkanal,Bhuban,Kuninda,-0.0946666666666666
4040004,Dhenkanal,Bhuban,Mahulpal,-0.2818571428571428
4040002,Dhenkanal,Bhuban,Marthapur,0.0107142857142857
4040013,Dhenkanal,Bhuban,Mathakargola,0.0023636363636363
4040005,Dhenkanal,Bhuban,Mrudanga,-0.3053636363636363
4040018,Dhenkanal,Bhuban,Odisha,-0.21125
4040010,Dhenkanal,Bhuban,Surapratappur,-0.0387272727272727
4010014,Dhenkanal,Dhenkanal Sadar,Baladiabandha,-0.0551
4010003,Dhenkanal,Dhenkanal Sadar,Baliamba,-0.0884
4010023,Dhenkanal,Dhenkanal Sadar,Bansingh,0.0201428571428571
4010020,Dhenkanal,Dhenkanal Sadar,Barda,0.1843999999999999
4010017,Dhenkanal,Dhenkanal Sadar,Beltigiri,-0.1094
4010011,Dhenkanal,Dhenkanal Sadar,Bhaliabolkateni,-0.347
4010002,Dhenkanal,Dhenkanal Sadar,Bhapur,-0.0459
4010001,Dhenkanal,Dhenkanal Sadar,Chandrasekharprasad,-0.0996
4010022,Dhenkanal,Dhenkanal Sadar,Chaulia,-0.1144166666666666
4010004,Dhenkanal,Dhenkanal Sadar,Dhirapatna,-0.116875
4010019,Dhenkanal,Dhenkanal Sadar,Gengutia,0.079375
4010015,Dhenkanal,Dhenkanal Sadar,Gobindapur,0.0674166666666666
4010016,Dhenkanal,Dhenkanal Sadar,Kaimati,-0.011
4010010,Dhenkanal,Dhenkanal Sadar,Kakudibhaga,-0.1644
4010012,Dhenkanal,Dhenkanal Sadar,Kankadahad,-0.0955999999999999
4010018,Dhenkanal,Dhenkanal Sadar,Kankadpal,0.0644545454545454
4010024,Dhenkanal,Dhenkanal Sadar,Madhusahupatana,-0.2891249999999999
4010013,Dhenkanal,Dhenkanal Sadar,Mangalpur,0.1896666666666666
4010006,Dhenkanal,Dhenkanal Sadar,Manipur,-0.3014285714285714
4010009,Dhenkanal,Dhenkanal Sadar,Nadiali,-0.0125714285714285
4010025,Dhenkanal,Dhenkanal Sadar,Nagiaposhi,0.0169
4010030,Dhenkanal,Dhenkanal Sadar,Nuagaon,-0.0171666666666666
4010029,Dhenkanal,Dhenkanal Sadar,Radhadeipur,-0.0548333333333333
4010005,Dhenkanal,Dhenkanal Sadar,Sankerpur,-0.10575
4010026,Dhenkanal,Dhenkanal Sadar,Sankulei,0.14375
4010007,Dhenkanal,Dhenkanal Sadar,Saptasajya,-0.2409333333333333
4010027,Dhenkanal,Dhenkanal Sadar,Sogarposhi,-0.1784999999999999
4010028,Dhenkanal,Dhenkanal Sadar,Suakhiakateni,0.0032
4010008,Dhenkanal,Dhenkanal Sadar,Talbarkote,-0.0612222222222222
4010021,Dhenkanal,Dhenkanal Sadar,Tarbha,0.0636666666666666
4050021,Dhenkanal,Gondia,Bainsia,-0.2274444444444444
4050029,Dhenkanal,Gondia,Barada,-0.39125
4050006,Dhenkanal,Gondia,Bega,-0.3249999999999999
4050003,Dhenkanal,Gondia,Bidharpur,-0.273
4050010,Dhenkanal,Gondia,Dasmanpatna,-0.1496
4050001,Dhenkanal,Gondia,Deogaon,-0.1096
4050027,Dhenkanal,Gondia,Digambarpur,-0.172625
4050015,Dhenkanal,Gondia,Gandia,-0.1686666666666666
4050028,Dhenkanal,Gondia,Gundurapasi,-0.2977999999999999
4050019,Dhenkanal,Gondia,Joranda,-0.2536
4050018,Dhenkanal,Gondia,Kabera,-0.2535
4050020,Dhenkanal,Gondia,Kaluria,-0.2683333333333333
4050017,Dhenkanal,Gondia,Karmula,-0.1481111111111111
4050023,Dhenkanal,Gondia,Kasipur,-0.2941818181818181
4050011,Dhenkanal,Gondia,Khandabandha,-0.1763333333333333
4050004,Dhenkanal,Gondia,Khankira,-0.4195714285714285
4050005,Dhenkanal,Gondia,Laulai,-0.41275
4050007,Dhenkanal,Gondia,Lethaka,-0.0051666666666666
4050022,Dhenkanal,Gondia,Mandar,-0.2799999999999999
4050013,Dhenkanal,Gondia,Mathatentulia,-0.2508333333333333
4050025,Dhenkanal,Gondia,Neulpoi,-0.2775454545454545
4050009,Dhenkanal,Gondia,Nihalprasad,-0.1775
4050024,Dhenkanal,Gondia,Pingua,-0.1147142857142857
4050014,Dhenkanal,Gondia,Poruhakhoja,-0.1459
4050026,Dhenkanal,Gondia,Raitala,-0.193
4050008,Dhenkanal,Gondia,Ratanpur,-0.0971666666666666
4050012,Dhenkanal,Gondia,Sadhangi,-0.2841999999999999
4050016,Dhenkanal,Gondia,Santhapur,-0.2194545454545454
4050002,Dhenkanal,Gondia,Sorisiapada,-0.3444285714285714
4020034,Dhenkanal,Hindol,Asarada,-0.066
4020029,Dhenkanal,Hindol,Babandha,-0.1877142857142857
4020001,Dhenkanal,Hindol,Baunsapokhari,-0.2468
4020013,Dhenkanal,Hindol,Bompha,-0.3507777777777778
4020030,Dhenkanal,Hindol,Buhalipal,-0.2034285714285714
4020015,Dhenkanal,Hindol,Chitalpur,0.19375
4020007,Dhenkanal,Hindol,Dandiri,-0.5499166666666667
4020019,Dhenkanal,Hindol,Dudurakote,-0.1423333333333333
4020025,Dhenkanal,Hindol,Galpada,-0.0383
4020011,Dhenkanal,Hindol,Gandanali,-0.3263333333333333
4020028,Dhenkanal,Hindol,Giridharprasad,-0.156
4020021,Dhenkanal,Hindol,Gulehi,-0.2364285714285714
4020020,Dhenkanal,Hindol,Hatura,-0.0505555555555555
4020014,Dhenkanal,Hindol,Jarada,-0.1637142857142857
4020018,Dhenkanal,Hindol,Kadala,-0.1933
4020032,Dhenkanal,Hindol,Kalinga,0.2809999999999999
4020003,Dhenkanal,Hindol,Kansara,-0.182076923076923
4020002,Dhenkanal,Hindol,Kantamila,-0.2887
4020017,Dhenkanal,Hindol,Kantamili,-0.1622727272727273
4020027,Dhenkanal,Hindol,Karanda,0.0210999999999999
4020008,Dhenkanal,Hindol,Khaliborei,-0.5115000000000001
4020012,Dhenkanal,Hindol,Konua,-0.1997777777777777
4020033,Dhenkanal,Hindol,Kukuta,0.1577142857142857
4020031,Dhenkanal,Hindol,Kutunia,-0.2416875
4020005,Dhenkanal,Hindol,Madhapur,-0.2431818181818181
4020022,Dhenkanal,Hindol,Mahalunda,-0.1322857142857142
4020010,Dhenkanal,Hindol,Nabakisorepur,-0.3875
4020006,Dhenkanal,Hindol,Nuabaga,-0.0725
4020035,Dhenkanal,Hindol,Nuagan,-0.050875
4020024,Dhenkanal,Hindol,Paikapurunakota,-0.0792
4020023,Dhenkanal,Hindol,Patla,-0.0756666666666666
4020016,Dhenkanal,Hindol,Ranjagol,-0.00475
4020009,Dhenkanal,Hindol,Rasol,-0.1288181818181818
4020026,Dhenkanal,Hindol,Sanjapada,-0.133625
4020036,Dhenkanal,Hindol,Thokara,-0.1855
4030021,Dhenkanal,Kamakhyanagar,Anlabereni,-0.2208571428571428
4030014,Dhenkanal,Kamakhyanagar,Badsuanla,-0.143
4030013,Dhenkanal,Kamakhyanagar,Baligorada,-0.1129999999999999
4030020,Dhenkanal,Kamakhyanagar,Bankuala,-0.098
4030009,Dhenkanal,Kamakhyanagar,Baruan,-0.291090909090909
4030017,Dhenkanal,Kamakhyanagar,Baunsapal,-0.2120666666666666
4030010,Dhenkanal,Kamakhyanagar,Bhairepurguneibila,-0.1444
4030015,Dhenkanal,Kamakhyanagar,Bisingha,-0.0692222222222222
4030019,Dhenkanal,Kamakhyanagar,Budhibil,-0.1751666666666666
4030011,Dhenkanal,Kamakhyanagar,Jagannathpur,-0.0186666666666666
4030016,Dhenkanal,Kamakhyanagar,Kadua,-0.0556999999999999
4030018,Dhenkanal,Kamakhyanagar,Kanpura,-0.1651538461538461
4030001,Dhenkanal,Kamakhyanagar,Kantapal,-0.1377499999999999
4030002,Dhenkanal,Kamakhyanagar,Kantiokateni,-0.1695384615384615
4030004,Dhenkanal,Kamakhyanagar,Kantioputasahi,-0.139625
4030005,Dhenkanal,Kamakhyanagar,Kotgara,-0.0815999999999999
4030008,Dhenkanal,Kamakhyanagar,Kusumajodi,-0.2505
4030012,Dhenkanal,Kamakhyanagar,Mahulpal,-0.1886666666666666
4030006,Dhenkanal,Kamakhyanagar,Rainrusinghpur,-0.0222857142857142
4030022,Dhenkanal,Kamakhyanagar,Saruali,-0.293
4030007,Dhenkanal,Kamakhyanagar,Sogar,-0.0537777777777777
4030003,Dhenkanal,Kamakhyanagar,Tumusingha,-0.197375
4070009,Dhenkanal,Kankadahad,Balikumbha,-0.313375
4070006,Dhenkanal,Kankadahad,Bam,-0.3455555555555555
4070008,Dhenkanal,Kankadahad,Batgaon,-0.32625
4070011,Dhenkanal,Kankadahad,Birasala,-0.2323076923076923
4070001,Dhenkanal,Kankadahad,Biribolei,-0.3502222222222222
4070002,Dhenkanal,Kankadahad,Chandapur,-0.3401666666666667
4070018,Dhenkanal,Kankadahad,Dasipur,-0.2781111111111111
4070017,Dhenkanal,Kankadahad,Gadpalasuni,-0.424625
4070003,Dhenkanal,Kankadahad,Ghagaramunda,-0.3625238095238095
4070005,Dhenkanal,Kankadahad,Jhilli,-0.313
4070007,Dhenkanal,Kankadahad,Kankadahad,-0.3760555555555556
4070015,Dhenkanal,Kankadahad,Kantapal,-0.365125
4070014,Dhenkanal,Kankadahad,Kantole,-0.328
4070013,Dhenkanal,Kankadahad,Karagola,-0.2325555555555555
4070016,Dhenkanal,Kankadahad,Kerajodi,-0.3375263157894737
4070020,Dhenkanal,Kankadahad,Kuturia,-0.3401666666666667
4070004,Dhenkanal,Kankadahad,Mahabirod,-0.2924285714285714
4070010,Dhenkanal,Kankadahad,Makuakateni,-0.2582
4070012,Dhenkanal,Kankadahad,Maruabila,-0.3586470588235294
4070019,Dhenkanal,Kankadahad,Pangatira,-0.4017142857142857
4070021,Dhenkanal,Kankadahad,Raibola,-0.2694117647058823
4080015,Dhenkanal,Odapada,Badalo,-0.2788333333333333
4080011,Dhenkanal,Odapada,Balaramprasad,0.0081818181818181
4080007,Dhenkanal,Odapada,Balarampur,-0.37
4080012,Dhenkanal,Odapada,Bangurusinga,0.083875
4080017,Dhenkanal,Odapada,Bido,-0.1594999999999999
4080008,Dhenkanal,Odapada,Gadasila,0.0115714285714285
4080002,Dhenkanal,Odapada,Ghitipiri,-0.0322857142857142
4080003,Dhenkanal,Odapada,Gobindaprasad,-0.1877777777777777
4080005,Dhenkanal,Odapada,Gundichapada,-0.0066
4080024,Dhenkanal,Odapada,Gunudei,-0.1872222222222222
4080004,Dhenkanal,Odapada,Indipur,-0.133
4080001,Dhenkanal,Odapada,Kalanga,-0.2644444444444444
4080026,Dhenkanal,Odapada,Kamalanga,0.2012857142857143
4080006,Dhenkanal,Odapada,Kandabindha,-0.41475
4080028,Dhenkanal,Odapada,Kasiadiha,-0.2044285714285714
4080018,Dhenkanal,Odapada,Khadagaprasad,-0.0715555555555555
4080022,Dhenkanal,Odapada,Khuntujhari,-0.3144
4080021,Dhenkanal,Odapada,Kottam,-0.1347142857142857
4080019,Dhenkanal,Odapada,Kusapanga,0.20225
4080020,Dhenkanal,Odapada,Mangalpur,0.2872
4080016,Dhenkanal,Odapada,Motanga,-0.0524999999999999
4080014,Dhenkanal,Odapada,Nadhara,0.1908
4080013,Dhenkanal,Odapada,Nayabhagirathipur,-0.0206999999999999
4080025,Dhenkanal,Odapada,Nimidha,-0.1162222222222222
4080010,Dhenkanal,Odapada,Odapada,0.02275
4080009,Dhenkanal,Odapada,Sadasibapur,0.1484444444444444
4080027,Dhenkanal,Odapada,Sibapur,0.2085
4080023,Dhenkanal,Odapada,Siminai,0.17375
4060021,Dhenkanal,Parjang,Akhuapal,-0.3513333333333333
4060028,Dhenkanal,Parjang,Ambapalas,-0.1982
4060005,Dhenkanal,Parjang,Badajhara,-0.0657142857142857
4060010,Dhenkanal,Parjang,Barihapur,-0.189375
4060004,Dhenkanal,Parjang,Basoi,-0.3406
4060026,Dhenkanal,Parjang,Basulei,-0.3163846153846154
4060002,Dhenkanal,Parjang,Chandapur,-0.1603333333333333
4060027,Dhenkanal,Parjang,Damala,0.1214
4060015,Dhenkanal,Parjang,Gadapagang,0.0314444444444444
4060020,Dhenkanal,Parjang,Gengutia,-0.1604545454545454
4060012,Dhenkanal,Parjang,Jayapurkateni,-0.2779999999999999
4060025,Dhenkanal,Parjang,Kalada,-0.0905555555555555
4060009,Dhenkanal,Parjang,Kandersingha,0.0166666666666666
4060014,Dhenkanal,Parjang,Kankadasoda,-0.1623076923076923
4060024,Dhenkanal,Parjang,Kankili,-0.1088
4060013,Dhenkanal,Parjang,Kantore,-0.0794444444444444
4060019,Dhenkanal,Parjang,Kualu,0.1729999999999999
4060006,Dhenkanal,Parjang,Kumusi,-0.242125
4060008,Dhenkanal,Parjang,Lodhani,-0.023
4060022,Dhenkanal,Parjang,Manikmara,-0.3886666666666666
4060011,Dhenkanal,Parjang,Muktapasi,-0.061
4060016,Dhenkanal,Parjang,Mundeilo,0.1795714285714285
4060007,Dhenkanal,Parjang,Patarpada,-0.2627142857142857
4060029,Dhenkanal,Parjang,Patharkhumba,-0.1342307692307692
4060018,Dhenkanal,Parjang,Pitiri,0.34075
4060023,Dhenkanal,Parjang,Renthapat,-0.2155555555555555
4060001,Dhenkanal,Parjang,Roda,-0.2416249999999999
4060003,Dhenkanal,Parjang,Sanda,-0.2542307692307692
4060017,Dhenkanal,Parjang,Saranga,0.2860999999999999
24050014,Gajapati,Gumma,Ajayagad,-0.4344
24050003,Gajapati,Gumma,Badakalakot,-0.3056666666666666
24050001,Gajapati,Gumma,Baijhola,-0.4192
24050004,Gajapati,Gumma,Bhubani,-0.4332
24050017,Gajapati,Gumma,Brushava,-0.4245384615384615
24050020,Gajapati,Gumma,Dumbada,-0.3805
24050007,Gajapati,Gumma,Gaiba,-0.4202666666666667
24050006,Gajapati,Gumma,Gumma,-0.2168
24050013,Gajapati,Gumma,Jammi,0.1191
24050012,Gajapati,Gumma,Jeeba,-0.2325555555555555
24050016,Gajapati,Gumma,Kujasing,-0.3886
24050008,Gajapati,Gumma,Munising,-0.2381818181818182
24050015,Gajapati,Gumma,Namanagada,-0.5277647058823529
24050010,Gajapati,Gumma,Parida,-0.3349285714285714
24050018,Gajapati,Gumma,Regidi,-0.4966666666666666
24050005,Gajapati,Gumma,Serang,-0.3737777777777777
24050011,Gajapati,Gumma,Taranggada,-0.2699444444444444
24050019,Gajapati,Gumma,Tarava,-0.3364545454545454
24050002,Gajapati,Gumma,Tumul,-0.363
24050009,Gajapati,Gumma,Ukhura,-0.3212777777777778
24060002,Gajapati,Kasinagar,Alada,-0.4242
24060005,Gajapati,Kasinagar,Budura,-0.2756666666666666
24060004,Gajapati,Kasinagar,Goribandha,-0.2959166666666666
24060006,Gajapati,Kasinagar,Hadubhangi,-0.1424444444444444
24060007,Gajapati,Kasinagar,Kanigoan,-0.3285
24060001,Gajapati,Kasinagar,Khandaba,-0.3478666666666666
24060008,Gajapati,Kasinagar,Kharada,-0.2566428571428571
24060012,Gajapati,Kasinagar,Partada,-0.2476666666666666
24060011,Gajapati,Kasinagar,Ranipeta,-0.0935714285714285
24060003,Gajapati,Kasinagar,Siali,-0.4282941176470588
24060010,Gajapati,Kasinagar,Sidhamadanga,-0.2257142857142857
24060009,Gajapati,Kasinagar,Sitapur,-0.2900714285714286
24030006,Gajapati,Mohana,Adabha,-0.2989375
24030024,Gajapati,Mohana,Aliganda,-0.3584444444444444
24030011,Gajapati,Mohana,Antarba,-0.4444615384615385
24030013,Gajapati,Mohana,Badasindhiba,-0.4059166666666667
24030036,Gajapati,Mohana,Badeguda,-0.516
24030034,Gajapati,Mohana,Badkhani,-0.3703571428571429
24030018,Gajapati,Mohana,Baghmari,-0.3727647058823529
24030004,Gajapati,Mohana,Birikote,-0.45965
24030017,Gajapati,Mohana,Chandiput,-0.3785
24030020,Gajapati,Mohana,Chandragiri,-0.2366153846153846
24030012,Gajapati,Mohana,Chudangpur,-0.3518571428571428
24030003,Gajapati,Mohana,Damadua,-0.4706923076923077
24030027,Gajapati,Mohana,Dambaguda,-0.3507777777777778
24030026,Gajapati,Mohana,Dengasakhal,-0.4191
24030032,Gajapati,Mohana,Dhadiamba,-0.17025
24030030,Gajapati,Mohana,Dhepaguda,-0.5038571428571429
24030021,Gajapati,Mohana,Garadanga,-0.5132631578947369
24030009,Gajapati,Mohana,Govindpur,-0.5354705882352941
24030005,Gajapati,Mohana,Guluba,-0.4054999999999999
24030035,Gajapati,Mohana,Gurujhuli,-0.5467000000000001
24030037,Gajapati,Mohana,Jarrow,-0.4386153846153846
24030019,Gajapati,Mohana,Jirang,-0.3420714285714285
24030028,Gajapati,Mohana,Juba,-0.3741333333333333
24030007,Gajapati,Mohana,Karuchubadi,-0.4360357142857142
24030022,Gajapati,Mohana,Katama,-0.4898571428571429
24030039,Gajapati,Mohana,Kesariguda,-0.4666
24030025,Gajapati,Mohana,Khariguda,-0.4831764705882353
24030031,Gajapati,Mohana,Labarsing,-0.2008571428571428
24030033,Gajapati,Mohana,Liliguda,-0.235
24030015,Gajapati,Mohana,Luhagudi,-0.3658461538461539
24030008,Gajapati,Mohana,Malaspadar,-0.4569999999999999
24030002,Gajapati,Mohana,Mandimera,-0.344
24030038,Gajapati,Mohana,Manikapur,-0.444
24030029,Gajapati,Mohana,Merapalli,-0.4265833333333333
24030010,Gajapati,Mohana,Mohana,-0.2915
24030001,Gajapati,Mohana,Paniganda,-0.5032777777777777
24030014,Gajapati,Mohana,Pindiki,-0.3724285714285714
24030023,Gajapati,Mohana,Raipanka,-0.5017777777777778
24030016,Gajapati,Mohana,Sikulipadar,-0.3926
24070001,Gajapati,Nuagada,Anuguru,-0.5696315789473685
24070007,Gajapati,Nuagada,Atarsing,-0.4731875
24070018,Gajapati,Nuagada,Badapada,0.0044999999999999
24070013,Gajapati,Nuagada,Betarsing,-0.4702777777777778
24070015,Gajapati,Nuagada,K.Jhalarsing,-0.1613333333333333
24070004,Gajapati,Nuagada,Keredang,-0.5573846153846154
24070010,Gajapati,Nuagada,Khajuripada,-0.2698666666666666
24070014,Gajapati,Nuagada,Kirima,-0.4605454545454545
24070009,Gajapati,Nuagada,Luhangar,-0.4706875
24070008,Gajapati,Nuagada,Nuagad,-0.3792857142857143
24070005,Gajapati,Nuagada,Paikaantarada,-0.5153478260869565
24070003,Gajapati,Nuagada,Parimal,-0.5240714285714286
24070012,Gajapati,Nuagada,Puturpada,-0.4793888888888888
24070002,Gajapati,Nuagada,Sambalpur,-0.4781052631578947
24070017,Gajapati,Nuagada,Sundardang,-0.4618571428571428
24070006,Gajapati,Nuagada,Tabarada,-0.4455
24070019,Gajapati,Nuagada,Tangili,-0.493
24070011,Gajapati,Nuagada,Titising,-0.4894166666666666
24070016,Gajapati,Nuagada,Udayapur,-0.6388461538461538
24010003,Gajapati,Paralakhemundi,Agarkhandi,0.0044999999999999
24010010,Gajapati,Paralakhemundi,Badagosani,-0.0316
24010013,Gajapati,Paralakhemundi,Badakaturu,-0.077
24010002,Gajapati,Paralakhemundi,Baghasala,-0.019
24010008,Gajapati,Paralakhemundi,Bhuskudi,0.0591999999999999
24010017,Gajapati,Paralakhemundi,Bomika,-0.0756666666666666
24010014,Gajapati,Paralakhemundi,Garabandh,-0.3099230769230769
24010021,Gajapati,Paralakhemundi,Ghorani,-0.1963333333333333
24010011,Gajapati,Paralakhemundi,Gurandi,0.0854999999999999
24010009,Gajapati,Paralakhemundi,Kantragada,-0.20625
24010016,Gajapati,Paralakhemundi,Katalkaitha,-0.0694999999999999
24010001,Gajapati,Paralakhemundi,Kerandi,0.1179999999999999
24010006,Gajapati,Paralakhemundi,Kharshandha,-0.3102727272727273
24010015,Gajapati,Paralakhemundi,Labanyagad,-0.299
24010007,Gajapati,Paralakhemundi,Machhamara,-0.0076
24010005,Gajapati,Paralakhemundi,Madhusudanpur,-0.13275
24010020,Gajapati,Paralakhemundi,Rampa,-0.3713125
24010018,Gajapati,Paralakhemundi,Saradhapur,-0.2323333333333333
24010019,Gajapati,Paralakhemundi,Sobara,-0.321625
24010012,Gajapati,Paralakhemundi,Tatipati,-0.02675
24010004,Gajapati,Paralakhemundi,Upalada,-0.1411818181818181
24020011,Gajapati,R Udyagiri,Abarsing,-0.4231818181818182
24020012,Gajapati,R Udyagiri,Anagha,-0.3973181818181818
24020016,Gajapati,R Udyagiri,Bastariguda,-0.4613125
24020018,Gajapati,R Udyagiri,Burutal,-0.3905555555555555
24020001,Gajapati,R Udyagiri,Chhelagad,-0.4044166666666666
24020003,Gajapati,R Udyagiri,Chheligad,-0.3626
24020017,Gajapati,R Udyagiri,Dabarguda,-0.4529999999999999
24020002,Gajapati,R Udyagiri,Mahendragad,-0.3058888888888889
24020010,Gajapati,R Udyagiri,Mangarajpur,-0.4285384615384615
24020015,Gajapati,R Udyagiri,Parisal,-0.4618
24020014,Gajapati,R Udyagiri,Purunapani,-0.514
24020005,Gajapati,R Udyagiri,R.Udaygiri,-0.4335
24020009,Gajapati,R Udyagiri,Ramgiri,-0.322
24020007,Gajapati,R Udyagiri,Randiba,-0.4963076923076923
24020006,Gajapati,R Udyagiri,Sabarpallii,-0.3887333333333334
24020004,Gajapati,R Udyagiri,Sialilati,-0.5193571428571429
24020013,Gajapati,R Udyagiri,Subalada,-0.4629
24020008,Gajapati,R Udyagiri,Tabarsing,-0.470125
24040019,Gajapati,Rayagada,Ameda,-0.5256363636363637
24040004,Gajapati,Rayagada,Dambalo,-0.3380999999999999
24040020,Gajapati,Rayagada,Engarsingh,-0.4668571428571428
24040011,Gajapati,Rayagada,Gandahati,-0.369
24040010,Gajapati,Rayagada,Gangabad,-0.4975294117647059
24040001,Gajapati,Rayagada,Jalang,-0.4415
24040007,Gajapati,Rayagada,Jirang,-0.3545714285714286
24040009,Gajapati,Rayagada,Kainpur,-0.482578947368421
24040021,Gajapati,Rayagada,Kamalsingh,-0.4802307692307692
24040013,Gajapati,Rayagada,Karadasing,-0.2565384615384615
24040018,Gajapati,Rayagada,Kerandi,-0.4889
24040014,Gajapati,Rayagada,Lailai,-0.5222857142857144
24040008,Gajapati,Rayagada,Laxmipur,-0.4312499999999999
24040006,Gajapati,Rayagada,Loba,-0.3885454545454545
24040002,Gajapati,Rayagada,Marlaba,-0.4928666666666667
24040012,Gajapati,Rayagada,Narayanpur,-0.1748571428571428
24040005,Gajapati,Rayagada,Putar,-0.2231
24040003,Gajapati,Rayagada,Rayagada,-0.2987777777777778
24040015,Gajapati,Rayagada,Sanakaradasing,-0.3590909090909091
24040016,Gajapati,Rayagada,Sanatundi,-0.3134615384615384
24040017,Gajapati,Rayagada,Talamunda,-0.312875
5010018,Ganjam,Aska,Alipur,0.0975714285714285
5010019,Ganjam,Aska,Babanpur,0.291
5010010,Ganjam,Aska,Badkholi,-0.3305714285714285
5010014,Ganjam,Aska,Balichai,-0.0661666666666666
5010008,Ganjam,Aska,Balishira,-0.0679
5010003,Ganjam,Aska,Bangarada,-0.0953333333333333
5010021,Ganjam,Aska,Baragaon,0.4251666666666667
5010005,Ganjam,Aska,Benapat,-0.2033333333333333
5010012,Ganjam,Aska,Bhetanai,-0.1488
5010027,Ganjam,Aska,Chadheyapalli,0.1387499999999999
5010017,Ganjam,Aska,Debabhumi,0.046
5010004,Ganjam,Aska,Gahangu,-0.1714999999999999
5010015,Ganjam,Aska,Gangapur,-0.0833999999999999
5010009,Ganjam,Aska,Gunthapada,-0.122
5010022,Ganjam,Aska,Haridapadar,0.2614285714285714
5010023,Ganjam,Aska,Jayapur,0.220625
5010026,Ganjam,Aska,Kalasandhapur,0.3276
5010006,Ganjam,Aska,Kamagada,-0.1127142857142857
5010002,Ganjam,Aska,Kendupadar,-0.1722857142857143
5010025,Ganjam,Aska,Khandadeuli,0.0297777777777777
5010020,Ganjam,Aska,Kharia,0.1083333333333333
5010016,Ganjam,Aska,Mangalapur,0.0494999999999999
5010001,Ganjam,Aska,Munigadi,-0.1726666666666666
5010024,Ganjam,Aska,Nalabanta,0.1024999999999999
5010007,Ganjam,Aska,Nimina,-0.1562
5010011,Ganjam,Aska,Pandiapathar,-0.229625
5010013,Ganjam,Aska,Sidhanai,-0.0989999999999999
5160005,Ganjam,Bellaguntha,Ambapua,-0.2077
5160009,Ganjam,Bellaguntha,Badaborsing,-0.309
5160008,Ganjam,Bellaguntha,Badpada,0.1413333333333333
5160012,Ganjam,Bellaguntha,Banka,-0.24075
5160011,Ganjam,Bellaguntha,Benipali,0.0421999999999999
5160002,Ganjam,Bellaguntha,Dhumachhai,0.2457777777777777
5160006,Ganjam,Bellaguntha,Enginathi,0.0731666666666666
5160016,Ganjam,Bellaguntha,Gangapur,-0.206125
5160010,Ganjam,Bellaguntha,Gobara,-0.0346666666666666
5160017,Ganjam,Bellaguntha,Khairputi,-0.045
5160014,Ganjam,Bellaguntha,Khetriyabrahmapur,-0.0171249999999999
5160018,Ganjam,Bellaguntha,Mangalpur,-0.2313333333333333
5160007,Ganjam,Bellaguntha,Netanga,-0.0693636363636363
5160001,Ganjam,Bellaguntha,Nuagaon,0.0065
5160015,Ganjam,Bellaguntha,Pailipada,-0.1588333333333333
5160013,Ganjam,Bellaguntha,Sasan,-0.1596666666666666
5160003,Ganjam,Bellaguntha,Tanarada,0.0856666666666666
5160004,Ganjam,Bellaguntha,Udra,-0.0479999999999999
5060009,Ganjam,Bhanjanagar,Badakodanda,0.1522857142857143
5060006,Ganjam,Bhanjanagar,Baibali,-0.245
5060016,Ganjam,Bhanjanagar,Baruda,-0.3651666666666666
5060011,Ganjam,Bhanjanagar,Baunshlundi,0.466375
5060003,Ganjam,Bhanjanagar,Brahmanipadar,-0.4477272727272727
5060004,Ganjam,Bhanjanagar,Dadaralunda,-0.3178125
5060013,Ganjam,Bhanjanagar,Dihapadal,0.1048888888888888
5060019,Ganjam,Bhanjanagar,Domuhani,-0.3823636363636363
5060007,Ganjam,Bhanjanagar,Dumbakumpa,-0.3210909090909091
5060002,Ganjam,Bhanjanagar,Galeri,-0.3561111111111111
5060014,Ganjam,Bhanjanagar,Golapada,-0.1944444444444444
5060021,Ganjam,Bhanjanagar,Gunduribadi,-0.3063333333333333
5060001,Ganjam,Bhanjanagar,Harigad,-0.3302222222222222
5060012,Ganjam,Bhanjanagar,Jilundi,-0.0076923076923076
5060015,Ganjam,Bhanjanagar,Kulad,-0.288
5060010,Ganjam,Bhanjanagar,Lalasing,-0.0138333333333333
5060018,Ganjam,Bhanjanagar,Lembei,-0.245375
5060022,Ganjam,Bhanjanagar,Madulipalli,0.2768333333333333
5060005,Ganjam,Bhanjanagar,Mujagad,-0.3718666666666667
5060008,Ganjam,Bhanjanagar,Sanakodanda,-0.1743636363636364
5060020,Ganjam,Bhanjanagar,Talasing,-0.301125
5060017,Ganjam,Bhanjanagar,Turumu,-0.3225
5100007,Ganjam,Buguda,A.Karadabadi,-0.213
5100011,Ganjam,Buguda,Antarpada,-0.0725714285714285
5100020,Ganjam,Buguda,Arakhapur,0.0204285714285714
5100003,Ganjam,Buguda,B.Karadabadi,-0.28
5100009,Ganjam,Buguda,Balipadar,0.103
5100018,Ganjam,Buguda,Bhagabanpur,-0.206
5100015,Ganjam,Buguda,Bhamsiali,0.0799999999999999
5100004,Ganjam,Buguda,Biranchipur,-0.1706363636363636
5100019,Ganjam,Buguda,Gaudiaborada,-0.3108
5100005,Ganjam,Buguda,Golabandha,-0.1539
5100010,Ganjam,Buguda,Golia,-0.2642222222222222
5100012,Ganjam,Buguda,Kalamba,-0.0823333333333333
5100002,Ganjam,Buguda,Karachuli,-0.2617647058823529
5100021,Ganjam,Buguda,Karasingi,-0.2195
5100014,Ganjam,Buguda,Kholkhali,-0.140076923076923
5100001,Ganjam,Buguda,Manitara,-0.3883
5100006,Ganjam,Buguda,Motabadi,-0.40725
5100013,Ganjam,Buguda,Pangedi,-0.0191428571428571
5100008,Ganjam,Buguda,Pochalundi,-0.1655
5100016,Ganjam,Buguda,Sankuru,-0.43325
5100017,Ganjam,Buguda,Takarada,-0.24125
5030013,Ganjam,Chhatrapur,Agastinuagaon,0.2867
5030017,Ganjam,Chhatrapur,Aryapalli,0.26975
5030001,Ganjam,Chhatrapur,Badmadhapur,-0.0579999999999999
5030003,Ganjam,Chhatrapur,Baulgaon,0.0182499999999999
5030010,Ganjam,Chhatrapur,Bhikaripalli,0.1451
5030005,Ganjam,Chhatrapur,Bipiling,-0.1013
5030015,Ganjam,Chhatrapur,Chamakhandi,0.3082222222222222
5030011,Ganjam,Chhatrapur,Chikalkhandi,0.1284999999999999
5030016,Ganjam,Chhatrapur,Kalipalli,0.140125
5030014,Ganjam,Chhatrapur,Kanamana,0.1894444444444444
5030008,Ganjam,Chhatrapur,Laxmipur,0.2743
5030002,Ganjam,Chhatrapur,Mahanadpur,-0.0823333333333333
5030009,Ganjam,Chhatrapur,Narendrapur,0.4914285714285715
5030012,Ganjam,Chhatrapur,Podapadar,0.2329999999999999
5030004,Ganjam,Chhatrapur,Potlampur,-0.194625
5030006,Ganjam,Chhatrapur,Sindurpur,-0.03575
5030018,Ganjam,Chhatrapur,Sriramchandrapur,0.3145714285714285
5030007,Ganjam,Chhatrapur,Tanganapalli,0.0433
5040001,Ganjam,Chiketi,Chandapur,-0.1354444444444444
5040017,Ganjam,Chiketi,Ekasing,-0.1728
5040008,Ganjam,Chiketi,Girisola,-0.0117499999999999
5040015,Ganjam,Chiketi,Gobindanagar,0.0726
5040010,Ganjam,Chiketi,Jhatipadar,0.32775
5040006,Ganjam,Chiketi,Kalabad,0.1477777777777777
5040004,Ganjam,Chiketi,Kampanuagaon,-0.0213
5040016,Ganjam,Chiketi,Kotilingi,-0.117
5040012,Ganjam,Chiketi,Kuturu,0.2137142857142857
5040003,Ganjam,Chiketi,Lalamentalaxminarayanpur,0.0106363636363636
5040002,Ganjam,Chiketi,Nuapada,0.013
5040007,Ganjam,Chiketi,Pitatali,-0.2024999999999999
5040005,Ganjam,Chiketi,Ramachandrapur,-0.0299285714285714
5040014,Ganjam,Chiketi,Rampa,-0.2033999999999999
5040011,Ganjam,Chiketi,Sorol,0.22375
5040009,Ganjam,Chiketi,Subhani,0.4061999999999999
5040013,Ganjam,Chiketi,Sunapur,0.048875
5170010,Ganjam,Dharakote,Baharpur,-0.0929130434782608
5170016,Ganjam,Dharakote,Balarampur,-0.4277272727272727
5170003,Ganjam,Dharakote,Baradabil,-0.1714999999999999
5170012,Ganjam,Dharakote,Damodarpalli,0.22025
5170006,Ganjam,Dharakote,Dharakote,0.0175555555555555
5170013,Ganjam,Dharakote,Dhaugam,0.0144444444444444
5170007,Ganjam,Dharakote,Jagamohan,-0.0647499999999999
5170005,Ganjam,Dharakote,Jahada,-0.0225714285714285
5170001,Ganjam,Dharakote,Jhadabandha,-0.2597368421052632
5170004,Ganjam,Dharakote,Jharapari,-0.1099090909090909
5170017,Ganjam,Dharakote,Machakote,-0.2478571428571428
5170014,Ganjam,Dharakote,Manikyapur,-0.2473333333333333
5170008,Ganjam,Dharakote,Mundamarai,0.0251666666666666
5170018,Ganjam,Dharakote,Olamba,-0.0715
5170009,Ganjam,Dharakote,Rugum,-0.024625
5170011,Ganjam,Dharakote,Saradhapur,-0.1202857142857143
5170015,Ganjam,Dharakote,Shaba,-0.3706666666666666
5170002,Ganjam,Dharakote,Singipur,-0.2522
5050018,Ganjam,Digapahandi,Ankarada,0.2576666666666666
5050016,Ganjam,Digapahandi,Badadumula,-0.3018888888888889
5050010,Ganjam,Digapahandi,Bamkei,-0.2758333333333333
5050021,Ganjam,Digapahandi,Basudevpur,-0.018625
5050012,Ganjam,Digapahandi,Bhramarpu,-0.292076923076923
5050007,Ganjam,Digapahandi,Bijayalaxmipur,-0.392875
5050024,Ganjam,Digapahandi,Chasanimakhandi,-0.2676
5050023,Ganjam,Digapahandi,Choudhuritikarpada,-0.062
5050013,Ganjam,Digapahandi,Gadgobindpur,0.1332857142857142
5050020,Ganjam,Digapahandi,Gokarnapur,0.1656
5050011,Ganjam,Digapahandi,Goudgaon,-0.1774444444444444
5050014,Ganjam,Digapahandi,Jakar,-0.0281999999999999
5050009,Ganjam,Digapahandi,Kaithada,-0.2121
5050005,Ganjam,Digapahandi,Kaithakhandi,-0.2933076923076923
5050015,Ganjam,Digapahandi,Karapada,-0.2445999999999999
5050006,Ganjam,Digapahandi,Khamarigaon,-0.4033
5050025,Ganjam,Digapahandi,Kotinda,0.0819
5050019,Ganjam,Digapahandi,Kushapada,0.2304285714285714
5050004,Ganjam,Digapahandi,Nimakhandipenth,-0.243
5050008,Ganjam,Digapahandi,Padmanavpur,-0.044875
5050003,Ganjam,Digapahandi,Phasiguda,-0.1273636363636363
5050002,Ganjam,Digapahandi,Sahadevtikarpada,-0.546375
5050022,Ganjam,Digapahandi,Sidheswar,0.0532307692307692
5050017,Ganjam,Digapahandi,Turubudi,-0.2056875
5050001,Ganjam,Digapahandi,Vishmagiri,-0.1709999999999999
5180006,Ganjam,Ganjam,Gada Huma,-0.1250714285714285
5180014,Ganjam,Ganjam,H.D.S.Pur,-0.1623333333333333
5180015,Ganjam,Ganjam,Jharedi Radhagovindapur,-0.047875
5180011,Ganjam,Ganjam,Kainchapur,0.251
5180009,Ganjam,Ganjam,Karapada,0.2286
5180002,Ganjam,Ganjam,Khandadeuli,-0.195
5180008,Ganjam,Ganjam,Malad,-0.2358
5180013,Ganjam,Ganjam,Palanga,-0.2167222222222222
5180012,Ganjam,Ganjam,Palibandha,-0.2141428571428571
5180001,Ganjam,Ganjam,Poirasi,-0.0912222222222222
5180010,Ganjam,Ganjam,Rajapur,-0.1689999999999999
5187771,Ganjam,Ganjam,Rambha (NAC),0.3078
5180004,Ganjam,Ganjam,Ramgada (Paluragada),-0.0904545454545454
5180003,Ganjam,Ganjam,Sanramachandrapur,0.143
5180007,Ganjam,Ganjam,Santoshpur,-0.202
5180005,Ganjam,Ganjam,Subalaya,-0.0794285714285714
5130009,Ganjam,Hinjilicut,Badkhandi,0.5167142857142857
5130014,Ganjam,Hinjilicut,Belgaon,0.0423333333333333
5130016,Ganjam,Hinjilicut,Bhabandha,0.161875
5130001,Ganjam,Hinjilicut,Burapada,0.4128
5130002,Ganjam,Hinjilicut,Chanduli,0.3656666666666667
5130012,Ganjam,Hinjilicut,Darubhadra(Daripadar),-0.0067142857142857
5130021,Ganjam,Hinjilicut,Dayapalli,0.25675
5130015,Ganjam,Hinjilicut,Dhobadi,0.0802499999999999
5130011,Ganjam,Hinjilicut,Durubandha,0.0908333333333333
5130013,Ganjam,Hinjilicut,Gandala,0.1588333333333333
5130010,Ganjam,Hinjilicut,Kanchuru,0.2901428571428571
5130003,Ganjam,Hinjilicut,Kharida,0.1783999999999999
5130008,Ganjam,Hinjilicut,Makarjhol,0.3003333333333333
5130018,Ganjam,Hinjilicut,Nandika,0.2103333333333333
5130020,Ganjam,Hinjilicut,Pochilima,0.278
5130019,Ganjam,Hinjilicut,Putiapadar,0.0343999999999999
5130005,Ganjam,Hinjilicut,Ralab,0.21975
5130017,Ganjam,Hinjilicut,Sahapur,0.0974999999999999
5130007,Ganjam,Hinjilicut,Saru,0.2943333333333333
5130006,Ganjam,Hinjilicut,Sasanambagaon,0.0119999999999999
5130004,Ganjam,Hinjilicut,Sikiri,0.2309999999999999
5190018,Ganjam,Jagannathprasad,Adheigaon,-0.0975
5190021,Ganjam,Jagannathprasad,Aladi,-0.2909090909090909
5190007,Ganjam,Jagannathprasad,Alasigumma,-0.2673999999999999
5190017,Ganjam,Jagannathprasad,Bargaon,-0.1909999999999999
5190020,Ganjam,Jagannathprasad,Biradhanurjayapur,-0.186
5190012,Ganjam,Jagannathprasad,Budurungu,-0.2727777777777778
5190023,Ganjam,Jagannathprasad,Chadhiapalli,-0.3117
5190013,Ganjam,Jagannathprasad,Chhamunda,-0.1270909090909091
5190024,Ganjam,Jagannathprasad,Gandadhar,-0.2945555555555555
5190002,Ganjam,Jagannathprasad,Gayaganda,-0.3989333333333333
5190006,Ganjam,Jagannathprasad,Gereda,-0.4401818181818182
5190014,Ganjam,Jagannathprasad,Jagannathprasad,-0.2094285714285714
5190019,Ganjam,Jagannathprasad,Jhadabhumi,-0.3264
5190025,Ganjam,Jagannathprasad,Jirabadi,-0.1135
5190008,Ganjam,Jagannathprasad,Kadua,-0.2919
5190022,Ganjam,Jagannathprasad,Khamarpalli,-0.1945555555555555
5190005,Ganjam,Jagannathprasad,Khetamundali,-0.5152307692307693
5190003,Ganjam,Jagannathprasad,Kokalaba,-0.2928571428571428
5190015,Ganjam,Jagannathprasad,Kudutei,-0.4972307692307692
5190010,Ganjam,Jagannathprasad,Kumpapada,-0.219
5190009,Ganjam,Jagannathprasad,Panchabhuti,-0.1102
5190016,Ganjam,Jagannathprasad,Pratapur,-0.4401666666666666
5190011,Ganjam,Jagannathprasad,Rauti,-0.3001666666666666
5190001,Ganjam,Jagannathprasad,Rudhapadar,-0.413625
5190004,Ganjam,Jagannathprasad,Tarasing,-0.3786875
5200013,Ganjam,Kabisuryanagar,Ambapua,0.2136666666666666
5200009,Ganjam,Kabisuryanagar,Athagadapatna,-0.1659
5200008,Ganjam,Kabisuryanagar,Badamahuri,-0.0344999999999999
5200015,Ganjam,Kabisuryanagar,Baliasara,0.1462
5200004,Ganjam,Kabisuryanagar,Barida,0.0532
5200006,Ganjam,Kabisuryanagar,Baunsia,-0.0758888888888889
5200016,Ganjam,Kabisuryanagar,Bolashar,-0.00375
5200003,Ganjam,Kabisuryanagar,Borasing,0.1193333333333333
5200007,Ganjam,Kabisuryanagar,Budhaamba,-0.1263333333333333
5200011,Ganjam,Kabisuryanagar,Gangapur,-0.16475
5200017,Ganjam,Kabisuryanagar,Gudiali,-0.0632857142857142
5200018,Ganjam,Kabisuryanagar,Jarad,-0.0879
5200002,Ganjam,Kabisuryanagar,Kaniari,-0.141
5200019,Ganjam,Kabisuryanagar,Khajapalli,-0.0748333333333333
5200014,Ganjam,Kabisuryanagar,Nandiagarh,0.206
5200005,Ganjam,Kabisuryanagar,Paikajamuna,0.09775
5200020,Ganjam,Kabisuryanagar,Rishipur,-0.2186
5200012,Ganjam,Kabisuryanagar,Shialia,0.117125
5200001,Ganjam,Kabisuryanagar,Subalaya,-0.0726666666666666
5200010,Ganjam,Kabisuryanagar,Sunapalli,-0.2095
5200021,Ganjam,Kabisuryanagar,Sunarijhola,-0.1603333333333333
5070003,Ganjam,Khallikote,Aitipur,-0.1585555555555555
5070024,Ganjam,Khallikote,B.N.Pur,-0.1980909090909091
5070001,Ganjam,Khallikote,Badapali,-0.4010625
5070025,Ganjam,Khallikote,Bania,-0.2404
5070028,Ganjam,Khallikote,Bhakutgaon,-0.0885
5070005,Ganjam,Khallikote,Bhikapada,-0.2486666666666666
5070004,Ganjam,Khallikote,Bidhinuapali,-0.2691666666666667
5070012,Ganjam,Khallikote,Bikrampur,0.470125
5070020,Ganjam,Khallikote,Chikili,-0.09825
5070016,Ganjam,Khallikote,Danapur,-0.2751818181818182
5070021,Ganjam,Khallikote,Dimiria,0.0143999999999999
5070006,Ganjam,Khallikote,Kairasi,0.1232
5070022,Ganjam,Khallikote,Kanaka,0.0989999999999999
5070015,Ganjam,Khallikote,Kanchana,-0.019
5070007,Ganjam,Khallikote,Kanheipur,0.3421666666666667
5070010,Ganjam,Khallikote,Keshapur,0.146125
5070002,Ganjam,Khallikote,Khajapalli,-0.226
5070019,Ganjam,Khallikote,Komanda,-0.2255833333333333
5070008,Ganjam,Khallikote,Langaleswar,0.1784444444444444
5070027,Ganjam,Khallikote,Manikyapur,0.20375
5070014,Ganjam,Khallikote,Mathura,-0.0335333333333333
5070017,Ganjam,Khallikote,Naikanipalli,-0.1476923076923076
5070029,Ganjam,Khallikote,Odia Alapur,0.3841666666666666
5070009,Ganjam,Khallikote,Pathara,0.3389999999999999
5070011,Ganjam,Khallikote,Srikrushnasaranpur,0.2645714285714285
5070023,Ganjam,Khallikote,Subalaya,0.3243333333333333
5070018,Ganjam,Khallikote,Talapada,-0.1468461538461538
5070026,Ganjam,Khallikote,Tentulipalli,-0.07875
5070013,Ganjam,Khallikote,Tulasipur,-0.0384375
5080001,Ganjam,Kodala(Beguniapada),Angargaon,-0.140125
5080006,Ganjam,Kodala(Beguniapada),Badkhairkhama,-0.1579999999999999
5080010,Ganjam,Kodala(Beguniapada),Barida,-0.2165
5080012,Ganjam,Kodala(Beguniapada),Beguniapada,0.254
5080016,Ganjam,Kodala(Beguniapada),Beruanbadi,0.103375
5080007,Ganjam,Kodala(Beguniapada),Burujhuri,-0.2380833333333333
5080021,Ganjam,Kodala(Beguniapada),Chandanpur,-0.2041
5080009,Ganjam,Kodala(Beguniapada),Chingudikhola,-0.138875
5080018,Ganjam,Kodala(Beguniapada),Digapada,0.0587777777777777
5080023,Ganjam,Kodala(Beguniapada),Ghodapada,-0.2583333333333333
5080015,Ganjam,Kodala(Beguniapada),Kalimeghi,-0.2719285714285714
5080011,Ganjam,Kodala(Beguniapada),Khandianai,-0.0059999999999999
5080020,Ganjam,Kodala(Beguniapada),Kumbharigaon,-0.1955
5080013,Ganjam,Kodala(Beguniapada),Mardakote,-0.1355714285714285
5080014,Ganjam,Kodala(Beguniapada),Mardamekha,-0.1901111111111111
5080017,Ganjam,Kodala(Beguniapada),Mathasarasing,-0.0328
5080022,Ganjam,Kodala(Beguniapada),Ostapada,-0.19225
5080019,Ganjam,Kodala(Beguniapada),Phasi,-0.0659999999999999
5080002,Ganjam,Kodala(Beguniapada),Sandhamula,-0.3334999999999999
5080005,Ganjam,Kodala(Beguniapada),Sankuda,-0.2363333333333333
5080008,Ganjam,Kodala(Beguniapada),Saurachhachina,-0.3194285714285714
5080004,Ganjam,Kodala(Beguniapada),Sumandal,-0.30575
5080003,Ganjam,Kodala(Beguniapada),Talasar,-0.1654
5230002,Ganjam,Kukudakhandi,Anantai,0.208375
5230013,Ganjam,Kukudakhandi,Ankushapur,0.492
5230004,Ganjam,Kukudakhandi,Baghalati,0.0957
5230010,Ganjam,Kukudakhandi,Balipada,0.1182222222222222
5230001,Ganjam,Kukudakhandi,Banthapali,-0.0314705882352941
5230011,Ganjam,Kukudakhandi,Bauljholi,0.2094444444444444
5230017,Ganjam,Kukudakhandi,Borigaon,0.5013
5230008,Ganjam,Kukudakhandi,Dakhinpur,0.5115000000000001
5230009,Ganjam,Kukudakhandi,Dengapadar,0.13
5230018,Ganjam,Kukudakhandi,Guruinthi,0.36775
5230019,Ganjam,Kukudakhandi,Hugulapata,0.1315555555555555
5230015,Ganjam,Kukudakhandi,Jagadalpur,0.6973333333333334
5230005,Ganjam,Kukudakhandi,Kankia,-0.2907333333333333
5230012,Ganjam,Kukudakhandi,Kukudakhandi,0.32275
5230021,Ganjam,Kukudakhandi,Lanjia,0.1952222222222222
5230007,Ganjam,Kukudakhandi,Lathi,0.4508571428571429
5230022,Ganjam,Kukudakhandi,Lochapada,1.021
5230014,Ganjam,Kukudakhandi,Masihakhali,0.4441428571428571
5230003,Ganjam,Kukudakhandi,Mohada,-0.0612
5230016,Ganjam,Kukudakhandi,Nimakhandi,0.972
5230020,Ganjam,Kukudakhandi,Roigaon,0.141125
5230006,Ganjam,Kukudakhandi,Sahala,-0.1921428571428571
5140011,Ganjam,Patrapur,Ambapur,-0.268375
5140004,Ganjam,Patrapur,Ankuli,-0.4112083333333333
5140009,Ganjam,Patrapur,Badapur,-0.300125
5140019,Ganjam,Patrapur,Baranga,-0.2412
5140022,Ganjam,Patrapur,Brahnannuagaon,0.466
5140013,Ganjam,Patrapur,Burutal,-0.4697241379310344
5140023,Ganjam,Patrapur,Gudipadar,0.4507142857142857
5140015,Ganjam,Patrapur,Gundura,-0.13775
5140010,Ganjam,Patrapur,Jaradagad,-0.1603333333333333
5140018,Ganjam,Patrapur,Jayantipur,-0.1464285714285714
5140021,Ganjam,Patrapur,Kesaripada,-0.16925
5140017,Ganjam,Patrapur,Khamargaon,-0.0405555555555555
5140006,Ganjam,Patrapur,Kharenipada,0.16825
5140002,Ganjam,Patrapur,Khariaguda,-0.4046
5140003,Ganjam,Patrapur,Mandarada,-0.4433571428571428
5140007,Ganjam,Patrapur,Padadig,0.1568999999999999
5140008,Ganjam,Patrapur,Patrapur,0.0035
5140016,Ganjam,Patrapur,S.Palli Gopinathapur,-0.0018888888888888
5140012,Ganjam,Patrapur,Samntarapur,-0.3332
5140005,Ganjam,Patrapur,Surangigad,-0.3483333333333333
5140020,Ganjam,Patrapur,Tandipur,-0.1565
5140001,Ganjam,Patrapur,Tirubudi,-0.4261739130434782
5140014,Ganjam,Patrapur,Tumbagada,-0.4206666666666667
5140000,Ganjam,Patrapur,,-0.0785
5210004,Ganjam,Polasara,Badapankalbadi,0.1165714285714285
5210017,Ganjam,Polasara,Balichhai,-0.1441666666666666
5210025,Ganjam,Polasara,Banthapali,-0.0161999999999999
5210020,Ganjam,Polasara,Bartani,0.0491666666666666
5210010,Ganjam,Polasara,Belagaon,0.0995714285714285
5210022,Ganjam,Polasara,Bhabarada,-0.1855
5210024,Ganjam,Polasara,Budheisuni,-0.0075
5210005,Ganjam,Polasara,Chirikipadasasan,0.0428571428571428
5210002,Ganjam,Polasara,Dhunkapada,0.1928888888888889
5210018,Ganjam,Polasara,Ghodapalan,-0.022
5210006,Ganjam,Polasara,Gochhabadi,-0.4535333333333333
5210014,Ganjam,Polasara,Hatiot,0.0402
5210026,Ganjam,Polasara,Jagulidengapadar,0.0975
5210019,Ganjam,Polasara,Jakar,-0.0121666666666666
5210016,Ganjam,Polasara,Kalamba,0.3183333333333333
5210001,Ganjam,Polasara,Kanachai,0.1898
5210015,Ganjam,Polasara,Kanduru,0.3041999999999999
5210003,Ganjam,Polasara,Kendubadi,-0.0886
5210009,Ganjam,Polasara,Madhupalli,-0.1069999999999999
5210013,Ganjam,Polasara,Mandar,-0.0277499999999999
5210021,Ganjam,Polasara,Mathura,-0.091
5210023,Ganjam,Polasara,Nimina,-0.1938333333333333
5210007,Ganjam,Polasara,Pandiripada,-0.4411875
5210012,Ganjam,Polasara,Rumagada,-0.3122222222222222
5210011,Ganjam,Polasara,Sodak,0.0132727272727272
5210008,Ganjam,Polasara,Tentulia,-0.2191428571428571
5210000,Ganjam,Polasara,,-0.218
5110025,Ganjam,Purusottampur,Achuli,0.0127142857142857
5110017,Ganjam,Purusottampur,Antarigaon,0.057
5110008,Ganjam,Purusottampur,Arakhapur,-0.10275
5110005,Ganjam,Purusottampur,Badakharida,-0.2399166666666666
5110011,Ganjam,Purusottampur,Badbargaon,-0.1478888888888889
5110021,Ganjam,Purusottampur,Baghala,-0.2061666666666667
5110023,Ganjam,Purusottampur,Bhatakumarada,0.0054
5110006,Ganjam,Purusottampur,Bhimapur,0.0122499999999999
5110007,Ganjam,Purusottampur,Bhutasarsingh,-0.17225
5110024,Ganjam,Purusottampur,Chingudighai,-0.0653333333333333
5110003,Ganjam,Purusottampur,Chingudipadarnuagaon,0.07725
5110018,Ganjam,Purusottampur,Gangadahani,0.0498
5110014,Ganjam,Purusottampur,Handighar,0.0324285714285714
5110019,Ganjam,Purusottampur,Jagannathpur,-0.0887777777777777
5110016,Ganjam,Purusottampur,Jamuni,0.1295
5110002,Ganjam,Purusottampur,Jhadabai,-0.1818571428571428
5110012,Ganjam,Purusottampur,Kamanalinakhyapur,-0.221375
5110004,Ganjam,Purusottampur,Pandia,-0.00075
5110013,Ganjam,Purusottampur,Pratapur,0.158
5110020,Ganjam,Purusottampur,Raipur,0.0628
5110015,Ganjam,Purusottampur,Ranjhali,0.1988888888888889
5110010,Ganjam,Purusottampur,Sama,-0.12875
5110009,Ganjam,Purusottampur,Sikula,-0.127
5110026,Ganjam,Purusottampur,Solaghar,-0.04125
5110022,Ganjam,Purusottampur,Sunathar,-0.1926666666666666
5110001,Ganjam,Purusottampur,Tankchhai,-0.1952499999999999
5020002,Ganjam,Rangeilunda,Badakushasthali,0.49075
5020025,Ganjam,Rangeilunda,Bhabinipur,0.9280000000000002
5020014,Ganjam,Rangeilunda,Biswanathpur,0.1852857142857142
5020023,Ganjam,Rangeilunda,Buxipalli,0.362
5020028,Ganjam,Rangeilunda,Chandapur,0.1649999999999999
5020011,Ganjam,Rangeilunda,Chikarada,0.0275
5020003,Ganjam,Rangeilunda,Dura,0.576375
5020006,Ganjam,Rangeilunda,Gaunju,0.206
5020007,Ganjam,Rangeilunda,Golabandha,0.362
5020012,Ganjam,Rangeilunda,Golanthra,0.3678333333333333
5027771,Ganjam,Rangeilunda,Gopalpur (NAC),0.4758
5020027,Ganjam,Rangeilunda,Haladiapadar,0.5212
5020032,Ganjam,Rangeilunda,Hatipada,0.0559999999999999
5020021,Ganjam,Rangeilunda,Indrakhi,-0.007
5020024,Ganjam,Rangeilunda,Kamalapur,0.2288333333333333
5020009,Ganjam,Rangeilunda,Kanishi,0.2925
5020004,Ganjam,Rangeilunda,Karapali,0.6751428571428572
5020020,Ganjam,Rangeilunda,Keluapalli,0.0954
5020018,Ganjam,Rangeilunda,Kolathigaon,0.1185
5020013,Ganjam,Rangeilunda,Kutharsing,0.212
5020030,Ganjam,Rangeilunda,Lautigaon,-0.06675
5020022,Ganjam,Rangeilunda,Luhajhar,0.2284
5020029,Ganjam,Rangeilunda,Mandrajpur,-0.1128
5020015,Ganjam,Rangeilunda,Mantridi,0.1485
5020031,Ganjam,Rangeilunda,Markandi,-0.1796666666666666
5020005,Ganjam,Rangeilunda,Narayanpur,0.5419999999999999
5020017,Ganjam,Rangeilunda,Padmapur,0.3932
5020008,Ganjam,Rangeilunda,Phulata,0.3705
5020010,Ganjam,Rangeilunda,Randa,0.2073999999999999
5020026,Ganjam,Rangeilunda,Rangeilunda,0.7102857142857143
5020019,Ganjam,Rangeilunda,Rangipur,0.4538571428571428
5020016,Ganjam,Rangeilunda,Sasanpadar,0.1475
5020001,Ganjam,Rangeilunda,Satakutuni,0.3498
5220016,Ganjam,Sanakhemundi,Adapada,0.1503749999999999
5220024,Ganjam,Sanakhemundi,Ambagaon,0.273375
5220004,Ganjam,Sanakhemundi,Chhanameri,0.0578888888888888
5220019,Ganjam,Sanakhemundi,Chudangapur,0.2131111111111111
5220011,Ganjam,Sanakhemundi,Dayanidhipur,-0.0793333333333333
5220015,Ganjam,Sanakhemundi,Dengadi,0.1573333333333333
5220012,Ganjam,Sanakhemundi,Erendra,-0.0365
5220007,Ganjam,Sanakhemundi,Gangapur,-0.1162
5220009,Ganjam,Sanakhemundi,Goutami,0.0528749999999999
5220021,Ganjam,Sanakhemundi,Jura,0.0135714285714285
5220025,Ganjam,Sanakhemundi,Kalarapadar,0.0575714285714285
5220014,Ganjam,Sanakhemundi,Kankarada,0.34
5220023,Ganjam,Sanakhemundi,Kanshamari,0.4485
5220020,Ganjam,Sanakhemundi,Kaudia,0.298
5220010,Ganjam,Sanakhemundi,Khalingi,0.0128333333333333
5220006,Ganjam,Sanakhemundi,Maulabhanja,-0.0826666666666666
5220022,Ganjam,Sanakhemundi,Padmapur,-0.45075
5220013,Ganjam,Sanakhemundi,Patapur,0.3336
5220002,Ganjam,Sanakhemundi,Patiguda,-0.4557777777777778
5220003,Ganjam,Sanakhemundi,Podamari,-0.3283
5220026,Ganjam,Sanakhemundi,Radhadeipur,0.2537142857142856
5220017,Ganjam,Sanakhemundi,Ramachandrapur,-0.0196666666666666
5220008,Ganjam,Sanakhemundi,Sahaspur,0.242875
5220018,Ganjam,Sanakhemundi,Satpenthagopalpur,-0.2886428571428571
5220005,Ganjam,Sanakhemundi,Singipur,0.0125
5220001,Ganjam,Sanakhemundi,T.Goindapur,-0.4526086956521739
5150017,Ganjam,Sheragada,Alarigad,0.2428
5150001,Ganjam,Sheragada,Bandhaguda,-0.0099090909090909
5150020,Ganjam,Sheragada,Baramunduli,0.06
5150006,Ganjam,Sheragada,Brahmanchai,0.071
5150016,Ganjam,Sheragada,Dengapadar,0.13525
5150011,Ganjam,Sheragada,Dhabalpur,-0.0425999999999999
5150010,Ganjam,Sheragada,Dhanantara,-0.14575
5150007,Ganjam,Sheragada,Gothagaon,0.28525
5150009,Ganjam,Sheragada,Govindapur,0.3266666666666667
5150013,Ganjam,Sheragada,Karadakana,-0.1405714285714286
5150021,Ganjam,Sheragada,Kharida,-0.232
5150015,Ganjam,Sheragada,Krushnachhai,0.1201428571428571
5150002,Ganjam,Sheragada,Kulagada,0.0455
5150022,Ganjam,Sheragada,Kumarpani,-0.219
5150018,Ganjam,Sheragada,Kurla,0.3422
5150003,Ganjam,Sheragada,Mahupadar,-0.0479444444444444
5150004,Ganjam,Sheragada,Narendrapur,0.0849
5150005,Ganjam,Sheragada,Pital,0.0932222222222222
5150014,Ganjam,Sheragada,Sheragad,0.0399090909090909
5150012,Ganjam,Sheragada,Takarada,0.0217142857142857
5150019,Ganjam,Sheragada,Tanhar,-0.1155
5150008,Ganjam,Sheragada,Turuburai,0.4996666666666667
5090009,Ganjam,Sorada,Amrutulu,-0.0484999999999999
5090003,Ganjam,Sorada,Asurabandha,-0.3978461538461538
5090010,Ganjam,Sorada,Badabadangi,-0.2355454545454545
5090013,Ganjam,Sorada,Badagada,-0.0685714285714285
5090023,Ganjam,Sorada,Badagochha,-0.5065714285714286
5090026,Ganjam,Sorada,Bhagabanpur,-0.2547777777777777
5090024,Ganjam,Sorada,Borada,-0.4118
5090022,Ganjam,Sorada,Borasingi,-0.1492222222222222
5090014,Ganjam,Sorada,Ekalpur,-0.3440625
5090001,Ganjam,Sorada,Gajalbadi,-0.50804
5090018,Ganjam,Sorada,Gangapur,-0.1695555555555555
5090012,Ganjam,Sorada,Gaudagotha,-0.446875
5090019,Ganjam,Sorada,Genja,-0.2734285714285714
5090002,Ganjam,Sorada,Gochha,-0.5056923076923077
5090005,Ganjam,Sorada,Gopalpursasan,-0.03025
5090025,Ganjam,Sorada,Hinjilikuda,-0.2925
5090004,Ganjam,Sorada,Hukuma,-0.06325
5090007,Ganjam,Sorada,Kurlangi,-0.2922222222222222
5090006,Ganjam,Sorada,Lathipada,-0.4058181818181818
5090011,Ganjam,Sorada,Merikot,-0.534952380952381
5090021,Ganjam,Sorada,Nuagada,-0.243875
5090020,Ganjam,Sorada,Palakatu,-0.125
5090015,Ganjam,Sorada,Raibandha,-0.065625
5090016,Ganjam,Sorada,Sharabadi,-0.0532666666666666
5090017,Ganjam,Sorada,Sidhapur,-0.2742
5090008,Ganjam,Sorada,Suramani,-0.2717272727272727
17030010,Jagatsingpur,Balikuda,Adhang,0.0084285714285714
17030022,Jagatsingpur,Balikuda,Alabal,0.107125
17030006,Jagatsingpur,Balikuda,Alavar,0.1205
17030009,Jagatsingpur,Balikuda,Ambashal,-0.023
17030017,Jagatsingpur,Balikuda,Anantpur,-0.0048749999999999
17030020,Jagatsingpur,Balikuda,Apandara,-0.090875
17030030,Jagatsingpur,Balikuda,Arilo,0.2545
17030011,Jagatsingpur,Balikuda,Badagaon,0.129
17030005,Jagatsingpur,Balikuda,Baharana,-0.0634285714285714
17030013,Jagatsingpur,Balikuda,Balikuda,0.2572
17030001,Jagatsingpur,Balikuda,Baramundali,-0.1522142857142857
17030024,Jagatsingpur,Balikuda,Borikina,-0.1484444444444444
17030026,Jagatsingpur,Balikuda,Garam,-0.088
17030021,Jagatsingpur,Balikuda,Ichhapur,0.0926666666666666
17030019,Jagatsingpur,Balikuda,Kalio,-0.0015714285714285
17030016,Jagatsingpur,Balikuda,Khalgaon,-0.092
17030002,Jagatsingpur,Balikuda,Krushnadaspur,0.2813333333333333
17030018,Jagatsingpur,Balikuda,Kushupur,-0.1225384615384615
17030012,Jagatsingpur,Balikuda,Machhagaon,-0.0985714285714285
17030027,Jagatsingpur,Balikuda,Marichipur,-0.3769166666666666
17030004,Jagatsingpur,Balikuda,Mulugaon,0.0326666666666666
17030029,Jagatsingpur,Balikuda,Nagapur,0.1248
17030008,Jagatsingpur,Balikuda,Naharana,-0.1026666666666666
17030015,Jagatsingpur,Balikuda,Osakana,0.00925
17030014,Jagatsingpur,Balikuda,Rahan,-0.0933
17030023,Jagatsingpur,Balikuda,Sangrampur,-0.066125
17030003,Jagatsingpur,Balikuda,Tandikul,-0.119
17030028,Jagatsingpur,Balikuda,Tarasahi,-0.1841666666666666
17030007,Jagatsingpur,Balikuda,Thailo,0.0345
17030025,Jagatsingpur,Balikuda,Titira,-0.048875
17050013,Jagatsingpur,Biridi,Adhanga Garha,0.0476666666666666
17050019,Jagatsingpur,Biridi,Adhangamanjurai,-0.0296666666666666
17050007,Jagatsingpur,Biridi,Alando,0.0985
17050014,Jagatsingpur,Biridi,Arana,0.1413333333333333
17050008,Jagatsingpur,Biridi,Badakhandeita,0.1388
17050003,Jagatsingpur,Biridi,Bagalpur,0.0506666666666666
17050005,Jagatsingpur,Biridi,Baradiha,-0.0897999999999999
17050004,Jagatsingpur,Biridi,Basandara,-0.1108
17050006,Jagatsingpur,Biridi,Batimira,0.1132499999999999
17050018,Jagatsingpur,Biridi,Budhapada,0.0625
17050017,Jagatsingpur,Biridi,Daradagrama,0.125
17050015,Jagatsingpur,Biridi,Gopinathpur,0.1185714285714285
17050009,Jagatsingpur,Biridi,Hazipur,0.1704
17050012,Jagatsingpur,Biridi,Kulakaijanga,0.1182
17050001,Jagatsingpur,Biridi,Manguli,0.3058
17050002,Jagatsingpur,Biridi,Puran,0.0838
17050021,Jagatsingpur,Biridi,Sadaisasan,0.10625
17050011,Jagatsingpur,Biridi,Sankhapur,0.1442
17050020,Jagatsingpur,Biridi,Sibapur,-0.1575
17050016,Jagatsingpur,Biridi,Ukundara,0.162
17050010,Jagatsingpur,Biridi,Uttarsasan,0.116125
17060016,Jagatsingpur,Erasama,Ambiki,-0.0691818181818181
17060002,Jagatsingpur,Erasama,Baleipur,-0.1172222222222222
17060019,Jagatsingpur,Erasama,Balitutha,-0.0908571428571428
17060025,Jagatsingpur,Erasama,Bamadeipur,0.03425
17060007,Jagatsingpur,Erasama,Bhitaraandhari,-0.1542222222222222
17060003,Jagatsingpur,Erasama,Chatua,-0.0114285714285714
17060020,Jagatsingpur,Erasama,Dhinkia,0.0753636363636363
17060010,Jagatsingpur,Erasama,Erasama,0.0395714285714285
17060015,Jagatsingpur,Erasama,Gadabishunpur,0.0618333333333333
17060023,Jagatsingpur,Erasama,Gadaharispur,-0.0538181818181818
17060004,Jagatsingpur,Erasama,Gadakujang,-0.0338
17060021,Jagatsingpur,Erasama,Goda,-0.0517272727272727
17060022,Jagatsingpur,Erasama,Janakideipur,0.1065833333333333
17060017,Jagatsingpur,Erasama,Japa,-0.1803571428571428
17060012,Jagatsingpur,Erasama,Jireilo,-0.1388888888888889
17060018,Jagatsingpur,Erasama,Krushnachandrapur,0.075
17060006,Jagatsingpur,Erasama,Kunjakothi,-0.195375
17060014,Jagatsingpur,Erasama,Naradia,-0.0088181818181818
17060001,Jagatsingpur,Erasama,Nuadihi,-0.1426666666666666
17060005,Jagatsingpur,Erasama,Nuagaon,-0.064090909090909
17060024,Jagatsingpur,Erasama,Padmapur,0.0146666666666666
17060009,Jagatsingpur,Erasama,Paida,0.0916666666666666
17060011,Jagatsingpur,Erasama,Pallikanta,0.039
17060013,Jagatsingpur,Erasama,Pokhariapada,0.0033749999999999
17060008,Jagatsingpur,Erasama,Shampur,-0.0676
17010030,Jagatsingpur,Jagatsinghpur,Alasudha,0.3741428571428571
17010001,Jagatsingpur,Jagatsinghpur,Alipingal,0.023375
17010022,Jagatsingpur,Jagatsinghpur,Alla,0.2653333333333333
17010027,Jagatsingpur,Jagatsinghpur,Ayar,-0.0586666666666666
17010002,Jagatsingpur,Jagatsinghpur,Balarampur,0.473
17010004,Jagatsingpur,Jagatsinghpur,Jaanakoti,0.2593333333333333
17010029,Jagatsingpur,Jagatsinghpur,Jahanpur,-0.0062499999999999
17010003,Jagatsingpur,Jagatsinghpur,Jashobantpur,0.2807142857142857
17010006,Jagatsingpur,Jagatsinghpur,Kaduapada,0.2842857142857143
17010019,Jagatsingpur,Jagatsinghpur,Kantilo,-0.0785
17010025,Jagatsingpur,Jagatsinghpur,Khairanga,0.2084
17010016,Jagatsingpur,Jagatsinghpur,Madhusudanpurshasan,0.273
17010018,Jagatsingpur,Jagatsinghpur,Mandasahi,0.0733333333333333
17010007,Jagatsingpur,Jagatsinghpur,Mudupur,0.1398333333333333
17010008,Jagatsingpur,Jagatsinghpur,Odish,0.3524285714285714
17010014,Jagatsingpur,Jagatsinghpur,Palashol,0.0699999999999999
17010005,Jagatsingpur,Jagatsinghpur,Palli,0.2435
17010026,Jagatsingpur,Jagatsinghpur,Patasara,0.1638333333333333
17010009,Jagatsingpur,Jagatsinghpur,Patenigaon,-0.0505714285714285
17010021,Jagatsingpur,Jagatsinghpur,Piteipur,0.0987142857142857
17010024,Jagatsingpur,Jagatsinghpur,Punang,0.3225
17010017,Jagatsingpur,Jagatsinghpur,Rambhadeipur,0.0994999999999999
17010010,Jagatsingpur,Jagatsinghpur,Sabhamula,0.0196666666666666
17010015,Jagatsingpur,Jagatsinghpur,Samang,0.0023999999999999
17010020,Jagatsingpur,Jagatsinghpur,Sampur,0.2619999999999999
17010011,Jagatsingpur,Jagatsinghpur,Shalijanga,0.1165
17010023,Jagatsingpur,Jagatsinghpur,Singarpur,0.2023333333333333
17010013,Jagatsingpur,Jagatsinghpur,Taradapada,0.3548333333333333
17010028,Jagatsingpur,Jagatsinghpur,Taratanga,0.2375999999999999
17010012,Jagatsingpur,Jagatsinghpur,Tumba-Andeisahi,0.2106666666666666
17020028,Jagatsingpur,Kujang,Agapal,-0.1274285714285714
17020002,Jagatsingpur,Kujang,Badabalikani,0.069
17020009,Jagatsingpur,Kujang,Bagadia,0.4637142857142857
17020017,Jagatsingpur,Kujang,Bagoi,0.2028333333333333
17020023,Jagatsingpur,Kujang,Balia,0.2054285714285714
17020027,Jagatsingpur,Kujang,Banito,0.05975
17020004,Jagatsingpur,Kujang,Bhutamundai,0.6491666666666667
17020006,Jagatsingpur,Kujang,Biswali,0.6604
17020025,Jagatsingpur,Kujang,Fatepur,0.1142857142857143
17020008,Jagatsingpur,Kujang,Gandakipur,0.07675
17020011,Jagatsingpur,Kujang,Garei,0.1007142857142857
17020021,Jagatsingpur,Kujang,Gopiakud,0.25175
17020016,Jagatsingpur,Kujang,Gorada,0.0466666666666666
17020001,Jagatsingpur,Kujang,Hansura,0.1111666666666666
17020022,Jagatsingpur,Kujang,Jillanasi,0.109375
17020003,Jagatsingpur,Kujang,Kathakot,0.186
17020024,Jagatsingpur,Kujang,Kothi,0.4948571428571428
17020018,Jagatsingpur,Kujang,Kujang,0.3862857142857143
17020019,Jagatsingpur,Kujang,Mallasahi,0.0317999999999999
17020007,Jagatsingpur,Kujang,Mangarajpur,0.4348333333333333
17020005,Jagatsingpur,Kujang,Nuagada (Balidiha),0.3883529411764706
17020015,Jagatsingpur,Kujang,Pandua,-0.0621
17020010,Jagatsingpur,Kujang,Pankpal,0.0464
17020014,Jagatsingpur,Kujang,Paradeepgarh,0.4441818181818182
17020020,Jagatsingpur,Kujang,Patpur,-0.0338888888888888
17020026,Jagatsingpur,Kujang,Potanai,-0.0485
17020013,Jagatsingpur,Kujang,Sainlo,0.089125
17020012,Jagatsingpur,Kujang,Talapada,0.2258
17070007,Jagatsingpur,Naugaon,Alana,0.0502499999999999
17070010,Jagatsingpur,Naugaon,Bachhal,0.261
17070015,Jagatsingpur,Naugaon,Bansa,0.08
17070016,Jagatsingpur,Naugaon,Dabar,-0.0435
17070013,Jagatsingpur,Naugaon,Deriki,0.0174285714285714
17070001,Jagatsingpur,Naugaon,Gajarajpur,0.0571249999999999
17070003,Jagatsingpur,Naugaon,Galdari,0.0479999999999999
17070006,Jagatsingpur,Naugaon,Ghodansh,0.0427777777777777
17070009,Jagatsingpur,Naugaon,Jamugaon,-0.156375
17070014,Jagatsingpur,Naugaon,Korua,0.0268749999999999
17070004,Jagatsingpur,Naugaon,Naugaon,0.0504999999999999
17070002,Jagatsingpur,Naugaon,Nuagaon,0.0832
17070012,Jagatsingpur,Naugaon,Oshakana,-0.1195714285714285
17070011,Jagatsingpur,Naugaon,Rohia,0.1252857142857142
17070005,Jagatsingpur,Naugaon,Shikhar,0.0532
17070008,Jagatsingpur,Naugaon,Tiruna,-0.1113333333333333
17080003,Jagatsingpur,Raghunathpur,Adheikul,0.151
17080002,Jagatsingpur,Raghunathpur,Baragola,0.0555
17080015,Jagatsingpur,Raghunathpur,Bidyadharpur,0.2084
17080014,Jagatsingpur,Raghunathpur,Chhapada,0.2477142857142857
17080006,Jagatsingpur,Raghunathpur,Chikinia,0.271
17080010,Jagatsingpur,Raghunathpur,Dharadharpur,0.0971666666666666
17080013,Jagatsingpur,Raghunathpur,Eradenga,0.2195
17080004,Jagatsingpur,Raghunathpur,Gualipur,-0.0056666666666666
17080009,Jagatsingpur,Raghunathpur,Jagannathpur,0.0806
17080016,Jagatsingpur,Raghunathpur,Jaisola,0.1396
17080012,Jagatsingpur,Raghunathpur,Purunabasanta,0.0815999999999999
17080018,Jagatsingpur,Raghunathpur,Purunaodapada,0.0366
17080007,Jagatsingpur,Raghunathpur,Radhang,0.0249999999999999
17080011,Jagatsingpur,Raghunathpur,Raghunathpur,0.0013999999999999
17080008,Jagatsingpur,Raghunathpur,Redhua,0.0773333333333333
17080017,Jagatsingpur,Raghunathpur,Sadeipur,0.0477
17080019,Jagatsingpur,Raghunathpur,Tanra,0.1048
17080001,Jagatsingpur,Raghunathpur,Tarikunda,0.18875
17080005,Jagatsingpur,Raghunathpur,Tarpur,0.258
17040006,Jagatsingpur,Tirtol,Amberi (H.Q. Arilo),-0.042
17040019,Jagatsingpur,Tirtol,Biritol,0.11475
17040002,Jagatsingpur,Tirtol,Bishnupur,0.18625
17040014,Jagatsingpur,Tirtol,Bodhei,0.0453333333333333
17040004,Jagatsingpur,Tirtol,Dainlo,0.052625
17040022,Jagatsingpur,Tirtol,Garam,0.0821428571428571
17040012,Jagatsingpur,Tirtol,Gobindapur,0.2615
17040018,Jagatsingpur,Tirtol,Gopalpur,0.0425714285714285
17040005,Jagatsingpur,Tirtol,Gopalpur (Shankheswar),-0.1492857142857142
17040023,Jagatsingpur,Tirtol,Ibrisingh,0.29
17040025,Jagatsingpur,Tirtol,Jadatira,0.0845
17040013,Jagatsingpur,Tirtol,Jagannathpur,0.1823333333333333
17040015,Jagatsingpur,Tirtol,Kanakpur,0.1925
17040003,Jagatsingpur,Tirtol,Kanimul,0.1341111111111111
17040021,Jagatsingpur,Tirtol,Katara,-0.0746666666666666
17040008,Jagatsingpur,Tirtol,Kolar,0.077625
17040026,Jagatsingpur,Tirtol,Kostimallikapur,0.019875
17040001,Jagatsingpur,Tirtol,Krishnanandapur,0.1788333333333333
17040010,Jagatsingpur,Tirtol,Manijanga,0.1511666666666666
17040016,Jagatsingpur,Tirtol,Mulisingh,0.3018571428571429
17040020,Jagatsingpur,Tirtol,Patilo,-0.063
17040029,Jagatsingpur,Tirtol,Pippalmadhab,0.0984999999999999
17040009,Jagatsingpur,Tirtol,Porgadai,0.1495
17040027,Jagatsingpur,Tirtol,Sanra,0.2991666666666666
17040007,Jagatsingpur,Tirtol,Santarapur,0.1258571428571428
17040017,Jagatsingpur,Tirtol,Tarjanga,0.3357142857142857
17040028,Jagatsingpur,Tirtol,Tentulipada,0.1865714285714285
17040011,Jagatsingpur,Tirtol,Tirtol,0.1596666666666666
17040024,Jagatsingpur,Tirtol,Tulang,0.0623
18020036,Jajpur,Barchana,Achutibasanta,-0.0714285714285714
18020009,Jajpur,Barchana,Anaka,0.110125
18020030,Jajpur,Barchana,Arakhapur,0.1321666666666666
18020008,Jajpur,Barchana,Badabalikuda,-0.1646
18020027,Jajpur,Barchana,Badaghumuri,0.2312
18020018,Jajpur,Barchana,Bairi,-0.067875
18020011,Jajpur,Barchana,Balichandrapur,0.527
18020032,Jajpur,Barchana,Balipadia,-0.0321666666666666
18020026,Jajpur,Barchana,Bandalo,0.1845714285714285
18020028,Jajpur,Barchana,Bantala,-0.1036428571428571
18020039,Jajpur,Barchana,Barada,0.1036666666666666
18020035,Jajpur,Barchana,Barapada,-0.0199999999999999
18020014,Jajpur,Barchana,Barchana,0.1768571428571428
18020001,Jajpur,Barchana,Bharatpur,0.2096666666666666
18020034,Jajpur,Barchana,Bhusandapur,-0.0827499999999999
18020002,Jajpur,Barchana,Bikramtiran,0.33175
18020020,Jajpur,Barchana,Champapur,0.2468
18020029,Jajpur,Barchana,Chandital,-0.1902857142857143
18020003,Jajpur,Barchana,Charinangal,0.266
18020019,Jajpur,Barchana,Chhatia,0.23825
18020023,Jajpur,Barchana,Darpani,-0.11975
18020033,Jajpur,Barchana,Dhanamandal,0.2796666666666667
18020004,Jajpur,Barchana,Gopalpur,0.333
18020024,Jajpur,Barchana,Kaimatia,-0.1995454545454545
18020043,Jajpur,Barchana,Khaira,0.1306666666666666
18020007,Jajpur,Barchana,Kolangiri,-0.0499999999999999
18020031,Jajpur,Barchana,Kundal,0.1784
18020005,Jajpur,Barchana,Majhipada,-0.0417142857142857
18020010,Jajpur,Barchana,Manduka,0.20875
18020012,Jajpur,Barchana,Nalipur,0.6056
18020038,Jajpur,Barchana,Nelia,0.0145999999999999
18020040,Jajpur,Barchana,Palei,0.3224285714285714
18020017,Jajpur,Barchana,Paria,-0.2797777777777777
18020041,Jajpur,Barchana,Patrajpur,0.6266666666666666
18020015,Jajpur,Barchana,Radhadeipur,0.1438333333333333
18020006,Jajpur,Barchana,Raipur,-0.0271666666666666
18020042,Jajpur,Barchana,Saintipur,0.1789999999999999
18020021,Jajpur,Barchana,Salapada,-0.2623333333333333
18020022,Jajpur,Barchana,Samia,-0.3331176470588235
18020013,Jajpur,Barchana,Saudia,0.0236666666666666
18020025,Jajpur,Barchana,Siha,-0.0445
18020037,Jajpur,Barchana,Solar,0.1701666666666666
18020016,Jajpur,Barchana,Sunguda,0.2795714285714285
18060024,Jajpur,Bari,Alipur,0.2875999999999999
18060005,Jajpur,Bari,Amathpur,-0.208125
18060001,Jajpur,Bari,Angalo,0.1563333333333333
18060026,Jajpur,Bari,Angeishpur,-0.1506666666666666
18060022,Jajpur,Bari,Atira,0.2335999999999999
18060013,Jajpur,Bari,Bainsiria,0.1936666666666666
18060011,Jajpur,Bari,Balia,0.05
18060025,Jajpur,Bari,Balibili,-0.1378333333333333
18060021,Jajpur,Bari,Bari,0.15225
18060017,Jajpur,Bari,Bhanra,0.1623333333333333
18060018,Jajpur,Bari,Bodua,0.1185
18060008,Jajpur,Bari,Chandanpur,0.042
18060009,Jajpur,Bari,Dharpur,-0.1513333333333333
18060027,Jajpur,Bari,Gammu,-0.016
18060015,Jajpur,Bari,Golkund,-0.0047142857142857
18060012,Jajpur,Bari,Ishanpur,-0.051
18060028,Jajpur,Bari,Kalamatia,-0.0733999999999999
18060014,Jajpur,Bari,Kimbhiriapal,0.318
18060002,Jajpur,Bari,Madhusudanpur,0.638
18060003,Jajpur,Bari,Mahakalpada,-0.1737142857142857
18060007,Jajpur,Bari,Mandari,0.1781666666666666
18060020,Jajpur,Bari,Ourangabad,-0.02625
18060023,Jajpur,Bari,Rampa,0.15325
18060019,Jajpur,Bari,Ratalanga,-0.156375
18060006,Jajpur,Bari,Ratnagiri,-0.1523333333333333
18060010,Jajpur,Bari,Sahupada,0.1188333333333333
18060004,Jajpur,Bari,Serapur,-0.0185714285714285
18060016,Jajpur,Bari,Swainkhand,0.1399999999999999
18060029,Jajpur,Bari,Udayanathpur,0.0307999999999999
18010027,Jajpur,Binjharpur,Alakunda,0.1342857142857142
18010022,Jajpur,Binjharpur,Arei,0.1138
18010014,Jajpur,Binjharpur,Aunri,-0.0427499999999999
18010024,Jajpur,Binjharpur,Bachhal,0.4588333333333333
18010001,Jajpur,Binjharpur,Bangara,-0.0792
18010016,Jajpur,Binjharpur,Barapada,0.2668571428571428
18010011,Jajpur,Binjharpur,Binjharpur,0.5225
18010026,Jajpur,Binjharpur,Bitana,0.168
18010009,Jajpur,Binjharpur,Chandramunha,0.1707142857142857
18010017,Jajpur,Binjharpur,Chikana,0.20875
18010006,Jajpur,Binjharpur,Fatepur,0.4676666666666667
18010029,Jajpur,Binjharpur,Ghantiali,0.270625
18010020,Jajpur,Binjharpur,Guhali,0.138
18010015,Jajpur,Binjharpur,Haladidiha,-0.2274285714285714
18010002,Jajpur,Binjharpur,Jari,0.108125
18010007,Jajpur,Binjharpur,Kalyanpur,0.499
18010018,Jajpur,Binjharpur,Kapila,0.0884285714285714
18010010,Jajpur,Binjharpur,Mansada,0.2066666666666667
18010003,Jajpur,Binjharpur,Oleichandanpur,0.38725
18010019,Jajpur,Binjharpur,Pritipur,0.0585
18010012,Jajpur,Binjharpur,Raghunathpur,0.4198333333333333
18010008,Jajpur,Binjharpur,Ranapur,-0.148
18010025,Jajpur,Binjharpur,Sasanda,0.1455
18010028,Jajpur,Binjharpur,Sayedpur,0.3326666666666666
18010004,Jajpur,Binjharpur,Singipur,0.509
18010005,Jajpur,Binjharpur,Tina,-0.0319999999999999
18010023,Jajpur,Binjharpur,Udranga,0.0978333333333333
18010021,Jajpur,Binjharpur,Uttangara,0.1428333333333333
18010013,Jajpur,Binjharpur,Uttarkul,0.2855
18090016,Jajpur,Danagadi,Bangarkot,0.0077272727272727
18090007,Jajpur,Danagadi,Chandia,0.0086153846153846
18090014,Jajpur,Danagadi,Chitiri,-0.1405714285714285
18090019,Jajpur,Danagadi,Deulakana,-0.0552
18090004,Jajpur,Danagadi,Dhuligada,0.1981666666666666
18090015,Jajpur,Danagadi,Gobardhanpur,-0.0364444444444444
18090006,Jajpur,Danagadi,Jakhpura,0.1207777777777777
18090021,Jajpur,Danagadi,Khapuriapada,-0.0405555555555555
18090020,Jajpur,Danagadi,Kiajhar,-0.08675
18090010,Jajpur,Danagadi,Kumbhiragadia,-0.0991666666666666
18090009,Jajpur,Danagadi,Manatira,0.1511428571428571
18090023,Jajpur,Danagadi,Mangalpur,0.30175
18090022,Jajpur,Danagadi,Nachhipura,-0.1558333333333333
18090012,Jajpur,Danagadi,Nadiabhanga,-0.0712
18090005,Jajpur,Danagadi,Olala,-0.283625
18090018,Jajpur,Danagadi,Ostapal,0.0002222222222222
18090008,Jajpur,Danagadi,Pankapal,0.14675
18090001,Jajpur,Danagadi,Rachhipur,0.062375
18090011,Jajpur,Danagadi,Ranagundi,-0.1659999999999999
18090002,Jajpur,Danagadi,Ranipada,0.09225
18090013,Jajpur,Danagadi,Salijanga,-0.2892727272727273
18090003,Jajpur,Danagadi,Trijanga,0.4058333333333333
18090017,Jajpur,Danagadi,Uchabali,0.0188888888888888
18070014,Jajpur,Dasarathpur,Akarapada,0.245
18070028,Jajpur,Dasarathpur,Asanpur,0.2088
18070018,Jajpur,Dasarathpur,Bihari,0.1378333333333333
18070029,Jajpur,Dasarathpur,Birajapur,0.3756
18070021,Jajpur,Dasarathpur,Biripata,0.1000833333333333
18070031,Jajpur,Dasarathpur,Biruan,0.166
18070019,Jajpur,Dasarathpur,Champeipal,0.266
18070007,Jajpur,Dasarathpur,Chasakhanda,0.3016
18070006,Jajpur,Dasarathpur,Chhanchina,0.24475
18070001,Jajpur,Dasarathpur,Chitalo,0.164
18070034,Jajpur,Dasarathpur,Dahanihata,0.2956666666666667
18070003,Jajpur,Dasarathpur,Dasarathpur,0.369
18070013,Jajpur,Dasarathpur,Dattapur,-0.1458333333333333
18070012,Jajpur,Dasarathpur,Duduraanta,0.0488571428571428
18070005,Jajpur,Dasarathpur,Gopalpur,0.355
18070017,Jajpur,Dasarathpur,Gramanandipur,0.2755
18070033,Jajpur,Dasarathpur,Izapur,0.2456666666666666
18070032,Jajpur,Dasarathpur,Jafarpur,0.21875
18070030,Jajpur,Dasarathpur,Jaintara,0.3399999999999999
18070023,Jajpur,Dasarathpur,Kainya,-0.1713333333333333
18070011,Jajpur,Dasarathpur,Kamardihi,-0.2875999999999999
18070015,Jajpur,Dasarathpur,Kanikapada,0.3431428571428571
18070004,Jajpur,Dasarathpur,Kasapa,0.0234999999999999
18070020,Jajpur,Dasarathpur,Katikata,-0.0128333333333333
18070026,Jajpur,Dasarathpur,Khandara,0.1441666666666667
18070024,Jajpur,Dasarathpur,Khannagar,-0.19125
18070009,Jajpur,Dasarathpur,Mallikapur,0.1823333333333333
18070016,Jajpur,Dasarathpur,Mangalpur,0.3047499999999999
18070010,Jajpur,Dasarathpur,Nizampur,-0.1545555555555555
18070022,Jajpur,Dasarathpur,Palatpur,0.2625714285714285
18070035,Jajpur,Dasarathpur,Rahasoi,0.0122499999999999
18070027,Jajpur,Dasarathpur,Susua,0.1013749999999999
18070002,Jajpur,Dasarathpur,Taliha,0.0854285714285714
18070025,Jajpur,Dasarathpur,Tarapada,0.1886666666666666
18070008,Jajpur,Dasarathpur,Thalkuri,0.2777999999999999
18050029,Jajpur,Dharmasala,Abhayapur,0.0525555555555555
18050040,Jajpur,Dharmasala,Anjira,-0.089125
18050045,Jajpur,Dharmasala,Antia,-0.011
18050017,Jajpur,Dharmasala,Arabal,-0.0041666666666666
18050030,Jajpur,Dharmasala,Areikana,0.1673333333333333
18050016,Jajpur,Dharmasala,Aruha,-0.0702222222222222
18050024,Jajpur,Dharmasala,Badakaima,0.0569999999999999
18050039,Jajpur,Dharmasala,Bhabanipur,0.01475
18050038,Jajpur,Dharmasala,Brundadeipur,0.1226666666666666
18050041,Jajpur,Dharmasala,Chahata,0.31625
18050014,Jajpur,Dharmasala,Chakradharpur,-0.1592
18050028,Jajpur,Dharmasala,Choramuhan,0.12
18050022,Jajpur,Dharmasala,Deoda,0.22425
18050008,Jajpur,Dharmasala,Endalaba,-0.0944444444444444
18050043,Jajpur,Dharmasala,Gangadharpur,0.1944999999999999
18050007,Jajpur,Dharmasala,Haridaspur,0.1424285714285714
18050027,Jajpur,Dharmasala,Jaraka,0.0853749999999999
18050015,Jajpur,Dharmasala,Jenapur,0.1157142857142857
18050012,Jajpur,Dharmasala,Kabatbandh,0.0496666666666666
18050036,Jajpur,Dharmasala,Kadampala,-0.1014999999999999
18050005,Jajpur,Dharmasala,Kamagad,0.1444
18050025,Jajpur,Dharmasala,Kantigadia,0.1995555555555555
18050053,Jajpur,Dharmasala,Khetrapal,0.3472499999999999
18050021,Jajpur,Dharmasala,Kotapur,0.0755
18050044,Jajpur,Dharmasala,Kumari,0.2411666666666666
18050003,Jajpur,Dharmasala,Madhupurgad,0.0636363636363636
18050011,Jajpur,Dharmasala,Madhusudanpur,0.2116
18050004,Jajpur,Dharmasala,Mahisara,-0.0451428571428571
18050042,Jajpur,Dharmasala,Mangalpur,0.2307999999999999
18050010,Jajpur,Dharmasala,Maryadapur,0.0427999999999999
18050019,Jajpur,Dharmasala,Mirzapur,0.1221666666666666
18050026,Jajpur,Dharmasala,Neulapur,0.1163333333333333
18050033,Jajpur,Dharmasala,Pakhara,-0.0674285714285714
18050018,Jajpur,Dharmasala,Patpur,-0.0445
18050020,Jajpur,Dharmasala,Patunia,0.1515
18050001,Jajpur,Dharmasala,Purunabaulamal,0.2944285714285714
18050034,Jajpur,Dharmasala,Raichanda,-0.0194285714285714
18050009,Jajpur,Dharmasala,Rekhideipur,-0.0679999999999999
18050002,Jajpur,Dharmasala,Sahanidiha,0.2291111111111111
18050032,Jajpur,Dharmasala,Samparu,0.0037142857142857
18050031,Jajpur,Dharmasala,Sundaria,0.0666249999999999
18050013,Jajpur,Dharmasala,Talajanga,-0.03525
18050037,Jajpur,Dharmasala,Taranjia,-0.10725
18050006,Jajpur,Dharmasala,Thanual,0.2305714285714285
18050023,Jajpur,Dharmasala,Uttarpratap,0.1929999999999999
18030019,Jajpur,Jajpur,Badasuar,0.2029999999999999
18030024,Jajpur,Jajpur,Basudevpur,-0.064
18030015,Jajpur,Jajpur,Beruda,-0.1125
18030006,Jajpur,Jajpur,Bhubaneswarpur,-0.2696666666666666
18030021,Jajpur,Jajpur,Bhuinpur,-0.0782857142857143
18030017,Jajpur,Jajpur,Bichitrapur,0.1564285714285714
18030003,Jajpur,Jajpur,Chainipur,-0.0586999999999999
18030018,Jajpur,Jajpur,Chhatishadebili,0.2937142857142857
18030013,Jajpur,Jajpur,Erabanka,0.1166
18030025,Jajpur,Jajpur,Jafarpur,-0.014375
18030016,Jajpur,Jajpur,Jahanpur,0.0939999999999999
18030026,Jajpur,Jajpur,Jamdhar,0.0798333333333333
18030009,Jajpur,Jajpur,Jhalpada,0.0267142857142857
18030008,Jajpur,Jajpur,Khairabad,0.07975
18030002,Jajpur,Jajpur,Maheswarpur,0.061875
18030004,Jajpur,Jajpur,Malaanandapur,0.0188888888888888
18030023,Jajpur,Jajpur,Markandapur,0.134
18030007,Jajpur,Jajpur,Nathasahi,-0.1204285714285714
18030005,Jajpur,Jajpur,Panasa,0.0191666666666666
18030010,Jajpur,Jajpur,Rudrapur,0.0232499999999999
18030022,Jajpur,Jajpur,Sahaspur,0.3692499999999999
18030020,Jajpur,Jajpur,Sanasuar,0.2045
18030012,Jajpur,Jajpur,Shymadaspur,0.2266666666666666
18030014,Jajpur,Jajpur,Similia,0.0862
18030011,Jajpur,Jajpur,Sujanpur,0.1658333333333333
18030001,Jajpur,Jajpur,Uparbaruhan,0.2609999999999999
18080016,Jajpur,Korei,Amrutia,-0.2643636363636363
18080021,Jajpur,Korei,Andhari,0.0975454545454545
18080010,Jajpur,Korei,Asanajhar,-0.077
18080002,Jajpur,Korei,Badaberuan,-0.1045
18080013,Jajpur,Korei,Bandalo,-0.1263999999999999
18080015,Jajpur,Korei,Barundei,-0.2551428571428571
18080006,Jajpur,Korei,Dhaneswar,0.0719166666666666
18080001,Jajpur,Korei,Goleipur,-0.0575
18080008,Jajpur,Korei,Gourpur,-0.1331111111111111
18080024,Jajpur,Korei,Haladigadia,-0.12875
18080019,Jajpur,Korei,Janha,-0.0099
18080026,Jajpur,Korei,Kacherasahi,-0.119
18080011,Jajpur,Korei,Kantore,-0.07425
18080022,Jajpur,Korei,Karada,-0.1248181818181818
18080017,Jajpur,Korei,Khaman,-0.0868333333333333
18080014,Jajpur,Korei,Mukundapur,-0.2004285714285714
18080018,Jajpur,Korei,Mulapal,-0.2017999999999999
18080012,Jajpur,Korei,Pachhikot,0.0884
18080003,Jajpur,Korei,Panikoili,-0.1127692307692307
18080025,Jajpur,Korei,Pataranga,0.1569
18080023,Jajpur,Korei,Patharapada,-0.0256
18080009,Jajpur,Korei,Ranapur,-0.1654999999999999
18080020,Jajpur,Korei,Sadakpur,0.0838571428571428
18080004,Jajpur,Korei,Taharpur,0.2204285714285714
18080005,Jajpur,Korei,Talagada,0.06975
18080028,Jajpur,Korei,Tandara,-0.2309999999999999
18080027,Jajpur,Korei,Tarakote,-0.2085714285714285
18080007,Jajpur,Korei,Tulati,-0.07875
18100006,Jajpur,Rasulpur,Arathanga,0.0669999999999999
18100015,Jajpur,Rasulpur,Atalapur,0.30425
18100025,Jajpur,Rasulpur,Badakainchi,0.031
18100010,Jajpur,Rasulpur,Bahadalpur,0.3498333333333334
18100004,Jajpur,Rasulpur,Bandhadiha,0.0948
18100016,Jajpur,Rasulpur,Barabati,0.1702499999999999
18100007,Jajpur,Rasulpur,Bhotaka,0.1065
18100003,Jajpur,Rasulpur,Brahmabarada,0.2215
18100024,Jajpur,Rasulpur,Gandhana,-0.1561428571428571
18100001,Jajpur,Rasulpur,Jabara,-0.137
18100021,Jajpur,Rasulpur,Kalana,-0.0941666666666666
18100013,Jajpur,Rasulpur,Laxminagar,-0.0546666666666666
18100027,Jajpur,Rasulpur,Maheswarpur,0.3635
18100005,Jajpur,Rasulpur,Mangarajpur,0.0668749999999999
18100011,Jajpur,Rasulpur,Mugapal,0.3288333333333333
18100009,Jajpur,Rasulpur,Narasinghpur,0.1252857142857142
18100023,Jajpur,Rasulpur,Nathuabar,-0.1108571428571428
18100026,Jajpur,Rasulpur,Odiso,0.06375
18100012,Jajpur,Rasulpur,Pahanga,-0.1044444444444444
18100017,Jajpur,Rasulpur,Prathamakhandi,0.3024
18100020,Jajpur,Rasulpur,Rahamba,0.43425
18100014,Jajpur,Rasulpur,Rajendrapur,0.30425
18100008,Jajpur,Rasulpur,Rasulpur,0.3642857142857142
18100019,Jajpur,Rasulpur,Routrapur,-0.085
18100018,Jajpur,Rasulpur,Santarapur,0.0029999999999999
18100022,Jajpur,Rasulpur,Singhpur,0.051
18100002,Jajpur,Rasulpur,Sribantapur,-0.2966
18100028,Jajpur,Rasulpur,Tikarpada,-0.13075
18040011,Jajpur,Sukinda,Ampalaba,-0.0577142857142857
18040012,Jajpur,Sukinda,Atta,-0.1802857142857143
18040024,Jajpur,Sukinda,Bandhagaon,-0.3604285714285714
18040019,Jajpur,Sukinda,Baragodia,0.2395
18040013,Jajpur,Sukinda,Bartunda,-0.2478
18040002,Jajpur,Sukinda,Chingudipal,-0.329
18040010,Jajpur,Sukinda,Duburi,0.062
18040007,Jajpur,Sukinda,Dudhajodi,-0.1538823529411764
18040017,Jajpur,Sukinda,Gobarghati,0.0514
18040014,Jajpur,Sukinda,Haripur,-0.0871111111111111
18040015,Jajpur,Sukinda,Hatibari,-0.2142
18040023,Jajpur,Sukinda,Kaliapani,-0.005
18040004,Jajpur,Sukinda,Kankadapal,-0.0394166666666666
18040001,Jajpur,Sukinda,Kansa,-0.2311
18040009,Jajpur,Sukinda,Kharadiha,-0.3034166666666666
18040005,Jajpur,Sukinda,Kuhika,-0.0728333333333333
18040006,Jajpur,Sukinda,Lembo,-0.361125
18040025,Jajpur,Sukinda,Mangarajpur,-0.0843333333333333
18040021,Jajpur,Sukinda,Oliha,-0.299375
18040022,Jajpur,Sukinda,Pimpudia,-0.225625
18040016,Jajpur,Sukinda,Pingal,-0.1203
18040003,Jajpur,Sukinda,Ransol,-0.0858181818181818
18040020,Jajpur,Sukinda,Sansailo,-0.080625
18040018,Jajpur,Sukinda,Sarangapur,0.0951818181818182
18040008,Jajpur,Sukinda,Sukindagad,-0.11175
30010007,Jharsuguda,Jharsuguda,Badamal,0.3671818181818181
30017771,Jharsuguda,Jharsuguda,Brajarajnagar (M),0.2534333333333333
30010013,Jharsuguda,Jharsuguda,Chandinimal,-0.1316153846153846
30010008,Jharsuguda,Jharsuguda,Dalki,0.1828888888888889
30010003,Jharsuguda,Jharsuguda,Durlaga,-0.0393333333333333
30010015,Jharsuguda,Jharsuguda,Gaudmal,-0.1366666666666666
30010010,Jharsuguda,Jharsuguda,Hansamura Katapali,0.0343333333333333
30010009,Jharsuguda,Jharsuguda,Hirma,0.0037692307692307
30010012,Jharsuguda,Jharsuguda,Jamera,0.2434285714285714
30010001,Jharsuguda,Jharsuguda,Katikela,0.2073333333333333
30010014,Jharsuguda,Jharsuguda,Kudopali,0.2294
30010005,Jharsuguda,Jharsuguda,Loisingh,-0.1172142857142857
30010016,Jharsuguda,Jharsuguda,Malda,-0.0952727272727272
30010011,Jharsuguda,Jharsuguda,Marakuta,0.3125
30010006,Jharsuguda,Jharsuguda,Patarapali,-0.1378333333333333
30010004,Jharsuguda,Jharsuguda,Rajpur,0.0682
30010002,Jharsuguda,Jharsuguda,Sripura,0.178
30010017,Jharsuguda,Jharsuguda,Talapatia,-0.2038888888888889
30040002,Jharsuguda,Kirmira,Arda,-0.145076923076923
30040006,Jharsuguda,Kirmira,Bandhapali,-0.0434545454545454
30040004,Jharsuguda,Kirmira,Bhimjor,-0.1528666666666666
30040007,Jharsuguda,Kirmira,Goudapanpali,-0.1600714285714286
30040003,Jharsuguda,Kirmira,Jharmunda,-0.0424705882352941
30040005,Jharsuguda,Kirmira,Kirmira,-0.2808181818181818
30040008,Jharsuguda,Kirmira,Naksapali,-0.0162727272727272
30040001,Jharsuguda,Kirmira,Sulei,-0.3918
30050003,Jharsuguda,Kolabira,Jhirlapali,-0.06875
30050006,Jharsuguda,Kolabira,Keldamal,-0.2629285714285714
30050001,Jharsuguda,Kolabira,Kolabira,0.0172857142857142
30050009,Jharsuguda,Kolabira,Kulihamal,-0.1313636363636363
30050002,Jharsuguda,Kolabira,Paramanpur,-0.0169999999999999
30050007,Jharsuguda,Kolabira,Pokharasale,-0.2061764705882353
30050005,Jharsuguda,Kolabira,Raghunathpali,-0.1814166666666666
30050004,Jharsuguda,Kolabira,Samasingha,-0.1329
30050008,Jharsuguda,Kolabira,Sodamal,-0.3273125
30030006,Jharsuguda,Laikera,Babuchipidihi,-0.2757777777777778
30030001,Jharsuguda,Laikera,Bhatlaida,-0.1443636363636363
30030009,Jharsuguda,Laikera,Jamamal,-0.43075
30030010,Jharsuguda,Laikera,Khuntamal,-0.4027692307692307
30030004,Jharsuguda,Laikera,Kulemura,-0.1909285714285714
30030002,Jharsuguda,Laikera,Laikera,-0.1242
30030011,Jharsuguda,Laikera,Niktimal,-0.4056363636363636
30030005,Jharsuguda,Laikera,Pankelpada,-0.3550588235294118
30030007,Jharsuguda,Laikera,Sahaspur,-0.3346363636363636
30030003,Jharsuguda,Laikera,Sarangaloi,-0.2207777777777778
30030008,Jharsuguda,Laikera,Tileimal,-0.3987333333333333
30020020,Jharsuguda,Lakhanpur,Atabira,-0.2351666666666666
30020024,Jharsuguda,Lakhanpur,Badibahal,0.128
30020025,Jharsuguda,Lakhanpur,Badimal,-0.270375
30020014,Jharsuguda,Lakhanpur,Baghamunda,-0.0882727272727272
30020018,Jharsuguda,Lakhanpur,Banjari,-0.099
30020023,Jharsuguda,Lakhanpur,Bhaonrkhol,-0.1734285714285714
30020006,Jharsuguda,Lakhanpur,Bhikampali,-0.2085555555555555
30020004,Jharsuguda,Lakhanpur,Charpali,-0.29325
30020013,Jharsuguda,Lakhanpur,Dalgaon,-0.1331538461538461
30020028,Jharsuguda,Lakhanpur,Jamagaon,-0.1314
30020029,Jharsuguda,Lakhanpur,Kadamdihi,-0.25825
30020005,Jharsuguda,Lakhanpur,Kanaktora,-0.2086666666666666
30020002,Jharsuguda,Lakhanpur,Kandekela,-0.3029
30020027,Jharsuguda,Lakhanpur,Katarbaga,-0.3445
30020030,Jharsuguda,Lakhanpur,Kudaloi,0.0072727272727272
30020019,Jharsuguda,Lakhanpur,Kumbharbandha,-0.0503571428571428
30020008,Jharsuguda,Lakhanpur,Kusaraloi,-0.0164166666666666
30020016,Jharsuguda,Lakhanpur,Lakhanpur,-0.0354166666666666
30020021,Jharsuguda,Lakhanpur,Machida,-0.3865
30020007,Jharsuguda,Lakhanpur,Palasada,-0.1928333333333333
30020026,Jharsuguda,Lakhanpur,Panchgaon,-0.207
30020015,Jharsuguda,Lakhanpur,Pandari,-0.387
30020033,Jharsuguda,Lakhanpur,Pipilikani,-0.3445714285714286
30020017,Jharsuguda,Lakhanpur,Pipilimal,0.0675555555555555
30020003,Jharsuguda,Lakhanpur,Pithinda,-0.277
30020010,Jharsuguda,Lakhanpur,Rampela,-0.1128
30020009,Jharsuguda,Lakhanpur,Remanda,-0.2211
30020001,Jharsuguda,Lakhanpur,Remata,-0.3028333333333333
30020022,Jharsuguda,Lakhanpur,Samarbaga,-0.3228181818181818
30020012,Jharsuguda,Lakhanpur,Sarandamal,0.0156666666666666
30020031,Jharsuguda,Lakhanpur,Sunari,-0.1996153846153845
30020032,Jharsuguda,Lakhanpur,Telenpali,-0.023875
30020011,Jharsuguda,Lakhanpur,Tilia,-0.3948
6030005,Kalahandi,Bhawanipatana,Aratal,-0.3198181818181818
6030002,Kalahandi,Bhawanipatana,Borabhata,-0.155375
6030003,Kalahandi,Bhawanipatana,Borda,-0.1713333333333333
6030007,Kalahandi,Bhawanipatana,Chahagaon,-0.0937777777777777
6030031,Kalahandi,Bhawanipatana,Chancher,-0.4802857142857143
6030009,Kalahandi,Bhawanipatana,Chheliamal,-0.4201428571428571
6030012,Kalahandi,Bhawanipatana,Dadapur,-0.1633
6030013,Kalahandi,Bhawanipatana,Deyur,-0.0903636363636363
6030016,Kalahandi,Bhawanipatana,Duarsuni,-0.1775714285714285
6030004,Kalahandi,Bhawanipatana,Dumuria,-0.323
6030033,Kalahandi,Bhawanipatana,Gandabarjhola,-0.2688888888888889
6030014,Kalahandi,Bhawanipatana,Gudialipadar,0.0025384615384615
6030027,Kalahandi,Bhawanipatana,Gurujung,-0.2646
6030017,Kalahandi,Bhawanipatana,Jugsaipatana,-0.5451666666666667
6030023,Kalahandi,Bhawanipatana,Kalam,-0.3942307692307692
6030020,Kalahandi,Bhawanipatana,Kamathana,-0.0700666666666666
6030010,Kalahandi,Bhawanipatana,Karlaguda,-0.1377999999999999
6030008,Kalahandi,Bhawanipatana,Karlapada,-0.2820714285714286
6030026,Kalahandi,Bhawanipatana,Kendupati,-0.1895
6030021,Kalahandi,Bhawanipatana,Kulihamal,-0.3601428571428571
6030022,Kalahandi,Bhawanipatana,Kutrukhamar,-0.1695
6030034,Kalahandi,Bhawanipatana,Laxmipur,0.2019999999999999
6030001,Kalahandi,Bhawanipatana,Madiguda,-0.323
6030032,Kalahandi,Bhawanipatana,Malagaon,0.0226
6030024,Kalahandi,Bhawanipatana,Matia,-0.4834
6030015,Kalahandi,Bhawanipatana,Medinipur,0.06875
6030006,Kalahandi,Bhawanipatana,Palana,-0.2433636363636363
6030028,Kalahandi,Bhawanipatana,Palasijharana,-0.4329090909090908
6030019,Kalahandi,Bhawanipatana,Risigaon,-0.0138461538461538
6030018,Kalahandi,Bhawanipatana,Sagada,-0.45096
6030025,Kalahandi,Bhawanipatana,Seinpur,-0.131375
6030036,Kalahandi,Bhawanipatana,Sikuan,-0.3576249999999999
6030035,Kalahandi,Bhawanipatana,Sripur,0.2341249999999999
6030030,Kalahandi,Bhawanipatana,Talbelgaon,-0.1748181818181818
6030011,Kalahandi,Bhawanipatana,Thuapadar,-0.0849999999999999
6030029,Kalahandi,Bhawanipatana,Udeypur,-0.1155555555555555
6010022,Kalahandi,Dharmagarh,Bad Ghumer,-0.1591428571428571
6010019,Kalahandi,Dharmagarh,Badabasul,-0.2081428571428571
6010025,Kalahandi,Dharmagarh,Badbafla,-0.1345714285714285
6010023,Kalahandi,Dharmagarh,Bagad,-0.1274285714285714
6010002,Kalahandi,Dharmagarh,Behera,-0.2244545454545454
6010007,Kalahandi,Dharmagarh,Boden,-0.3008333333333333
6010012,Kalahandi,Dharmagarh,Bramhanchhendia,-0.1633636363636363
6010001,Kalahandi,Dharmagarh,Chhanchanbahali,-0.2668
6010013,Kalahandi,Dharmagarh,Chhilapa,-0.0968888888888888
6010017,Kalahandi,Dharmagarh,Dhanarpur,-0.159625
6010016,Kalahandi,Dharmagarh,Dumerguda,-0.3403846153846154
6010005,Kalahandi,Dharmagarh,Gadiajor,-0.1558999999999999
6010003,Kalahandi,Dharmagarh,Jayantpur,-0.2617777777777778
6010024,Kalahandi,Dharmagarh,Kadalimunda,-0.184
6010021,Kalahandi,Dharmagarh,Kanagaon,-0.3146666666666666
6010014,Kalahandi,Dharmagarh,Kankeri,-0.1888333333333333
6010010,Kalahandi,Dharmagarh,Khairpadar,-0.2178749999999999
6010008,Kalahandi,Dharmagarh,Nandagaon,-0.199
6010004,Kalahandi,Dharmagarh,Parla,-0.2528
6010020,Kalahandi,Dharmagarh,Sandhikulihari,-0.126
6010011,Kalahandi,Dharmagarh,Tambachhada,-0.3254
6010006,Kalahandi,Dharmagarh,Tarapur,-0.3512727272727272
6010018,Kalahandi,Dharmagarh,Tendapali,-0.2110999999999999
6010015,Kalahandi,Dharmagarh,Tipiguda,-0.327
6100005,Kalahandi,Golamunda,Badchergaon,-0.3868333333333333
6100018,Kalahandi,Golamunda,Boraguda,-0.3177777777777777
6100027,Kalahandi,Golamunda,Bordi,-0.157
6100013,Kalahandi,Golamunda,Brundabahal,-0.3578461538461538
6100020,Kalahandi,Golamunda,Chahaka,-0.3776666666666666
6100011,Kalahandi,Golamunda,Chaparia,-0.279
6100001,Kalahandi,Golamunda,Chichia,-0.2251999999999999
6100002,Kalahandi,Golamunda,Daspur,-0.2408888888888889
6100012,Kalahandi,Golamunda,Dhamanpur,-0.3824615384615385
6100017,Kalahandi,Golamunda,FUNDA,-0.278875
6100003,Kalahandi,Golamunda,Farang,-0.2598888888888889
6100023,Kalahandi,Golamunda,Gandamer,-0.3316
6100014,Kalahandi,Golamunda,Golamunda,-0.182375
6100007,Kalahandi,Golamunda,Kegaon,-0.2485
6100015,Kalahandi,Golamunda,Khaliakani,-0.3753333333333333
6100022,Kalahandi,Golamunda,Khaliapali,-0.4121428571428572
6100016,Kalahandi,Golamunda,Khamarhaldi,-0.2960909090909091
6100008,Kalahandi,Golamunda,Kuhura,-0.5215714285714286
6100025,Kalahandi,Golamunda,Leter,-0.2495
6100009,Kalahandi,Golamunda,Mahaling,-0.2934444444444444
6100010,Kalahandi,Golamunda,Manajhari,-0.2783636363636363
6100024,Kalahandi,Golamunda,Naktikani,-0.53525
6100019,Kalahandi,Golamunda,Nuagaon,-0.359125
6100004,Kalahandi,Golamunda,Rengasapali,-0.408
6100021,Kalahandi,Golamunda,Sinapali,-0.2225714285714286
6100028,Kalahandi,Golamunda,Temri,-0.20275
6100006,Kalahandi,Golamunda,Uchhula,-0.4051111111111111
6100026,Kalahandi,Golamunda,Udeshrunga,-0.3283
6020007,Kalahandi,Jaipatna,Aonlabhata,-0.4315714285714285
6020005,Kalahandi,Jaipatna,Badakarlakot,-0.4265833333333333
6020008,Kalahandi,Jaipatna,Badapujhariguda,-0.4614545454545454
6020021,Kalahandi,Jaipatna,Badatemari,-0.0802
6020013,Kalahandi,Jaipatna,Bandigaon,-0.1378333333333333
6020012,Kalahandi,Jaipatna,Baner,-0.32175
6020011,Kalahandi,Jaipatna,Bhainripali,-0.3033333333333333
6020022,Kalahandi,Jaipatna,Bhejiguda,-0.1246363636363636
6020001,Kalahandi,Jaipatna,Dhanasuli,-0.4299375
6020016,Kalahandi,Jaipatna,Hirapur,-0.2862857142857143
6020004,Kalahandi,Jaipatna,Jaipatna,-0.1333636363636363
6020019,Kalahandi,Jaipatna,Khaliabhata,-0.244
6020018,Kalahandi,Jaipatna,Kuchagaon,-0.2514545454545454
6020002,Kalahandi,Jaipatna,Mangalpur,-0.1095
6020015,Kalahandi,Jaipatna,Mukhiguda,-0.089125
6020003,Kalahandi,Jaipatna,Paik Kendumundi,-0.08
6020017,Kalahandi,Jaipatna,Pratappur,-0.1958888888888889
6020014,Kalahandi,Jaipatna,Ranamal,-0.1029090909090909
6020010,Kalahandi,Jaipatna,Rengalpali,-0.2648461538461538
6020006,Kalahandi,Jaipatna,Sargiguda,-0.34825
6020020,Kalahandi,Jaipatna,Sindhikaguda,-0.3422222222222222
6020009,Kalahandi,Jaipatna,Uchhula,-0.3113333333333333
6080021,Kalahandi,Junagarh,Atigaon,-0.2812222222222222
6080025,Kalahandi,Junagarh,Baldiamal,0.0238333333333333
6080006,Kalahandi,Junagarh,Banijara,-0.2039090909090909
6080026,Kalahandi,Junagarh,Bankapalas,-0.4187499999999999
6080020,Kalahandi,Junagarh,Bhainriguda,-0.0033999999999999
6080028,Kalahandi,Junagarh,Boxitulasipal,-0.1785
6080015,Kalahandi,Junagarh,Budidara,-0.3089375
6080001,Kalahandi,Junagarh,Charabahal,-0.0805833333333333
6080027,Kalahandi,Junagarh,Charbhati,-0.2591538461538462
6080010,Kalahandi,Junagarh,Chhoriagad,-0.06175
6080012,Kalahandi,Junagarh,Chicheiguda,0.0491666666666666
6080034,Kalahandi,Junagarh,Chingudisar,-0.271
6080004,Kalahandi,Junagarh,Dasigaon,-0.2452
6080018,Kalahandi,Junagarh,Dedar,-0.4108461538461538
6080029,Kalahandi,Junagarh,Dundelmal,-0.4504705882352941
6080002,Kalahandi,Junagarh,Goudchhendia,-0.1315
6080003,Kalahandi,Junagarh,Habaspur,-0.0133
6080016,Kalahandi,Junagarh,Kaleigaon,-0.3013
6080011,Kalahandi,Junagarh,Kaliakundal,-0.3168
6080007,Kalahandi,Junagarh,Kalopala,-0.0163
6080031,Kalahandi,Junagarh,Kendupati,-0.2776363636363637
6080008,Kalahandi,Junagarh,Mahichala,-0.0368
6080009,Kalahandi,Junagarh,Maliguda,-0.1791111111111111
6080014,Kalahandi,Junagarh,Matigaon,-0.2689
6080017,Kalahandi,Junagarh,Meriabandhali,0.0351428571428571
6080005,Kalahandi,Junagarh,Mundaraguda,-0.2183333333333333
6080024,Kalahandi,Junagarh,Naktiguda,0.0661249999999999
6080019,Kalahandi,Junagarh,Nandol,-0.289875
6080013,Kalahandi,Junagarh,Palas,-0.1181666666666666
6080033,Kalahandi,Junagarh,Pilikia,-0.2144285714285714
6080022,Kalahandi,Junagarh,Rajapur,-0.1694285714285714
6080023,Kalahandi,Junagarh,Sanyasikundamal,-0.051
6080030,Kalahandi,Junagarh,Talajaring,-0.1744545454545454
6080032,Kalahandi,Junagarh,Talamal,-0.248125
6110003,Kalahandi,Kalampur,Badkuturu,-0.16825
6110010,Kalahandi,Kalampur,Balagan,-0.24675
6110002,Kalahandi,Kalampur,Bandhakana,-0.431625
6110001,Kalahandi,Kalampur,Bijmara,-0.192
6110005,Kalahandi,Kalampur,Deypur,-0.2486
6110008,Kalahandi,Kalampur,Haramal,-0.3292222222222222
6110004,Kalahandi,Kalampur,Kalampur,-0.2746
6110007,Kalahandi,Kalampur,Mandal,-0.17075
6110006,Kalahandi,Kalampur,Mingur,-0.1317272727272727
6110011,Kalahandi,Kalampur,Nuagan,-0.19125
6110009,Kalahandi,Kalampur,Pandigaon,-0.2322
6120003,Kalahandi,Karlamunda,Borpadar,-0.443
6120007,Kalahandi,Karlamunda,Gajabahal,-0.3450833333333333
6120001,Kalahandi,Karlamunda,Joradobara,-0.2343571428571428
6120006,Kalahandi,Karlamunda,Karlamunda,-0.0943
6120002,Kalahandi,Karlamunda,Legada,-0.423375
6120009,Kalahandi,Karlamunda,Pourkela,-0.279875
6120012,Kalahandi,Karlamunda,Rajpur,-0.2927
6120004,Kalahandi,Karlamunda,Rinja,-0.286
6120008,Kalahandi,Karlamunda,Risida,-0.202875
6120011,Kalahandi,Karlamunda,Sapalahara,-0.282375
6120005,Kalahandi,Karlamunda,Saragulmalapada,-0.1233333333333333
6120010,Kalahandi,Karlamunda,Teresinga,-0.2504444444444444
6060017,Kalahandi,Kesinga,Adhamunda,-0.1512222222222222
6060008,Kalahandi,Kesinga,Balasi,-0.205125
6060001,Kalahandi,Kesinga,Belkhandi,-0.1414285714285714
6060011,Kalahandi,Kesinga,Boria,0.16925
6060014,Kalahandi,Kesinga,Chancher,-0.1558461538461538
6060025,Kalahandi,Kesinga,Deogaon,-0.2572222222222222
6060016,Kalahandi,Kesinga,Gaigaon,-0.321
6060015,Kalahandi,Kesinga,Gokuleswar,-0.22825
6060002,Kalahandi,Kesinga,Hatikhoj,-0.303
6060009,Kalahandi,Kesinga,Kandel,-0.147
6060006,Kalahandi,Kesinga,Kantesir,0.0043333333333333
6060005,Kalahandi,Kesinga,Kashrupada,-0.143875
6060012,Kalahandi,Kesinga,Kikia,-0.177
6060024,Kalahandi,Kesinga,Kundabandha,-0.18675
6060010,Kalahandi,Kesinga,Laitara,0.1640714285714286
6060026,Kalahandi,Kesinga,Nashigaon,-0.180375
6060004,Kalahandi,Kesinga,Nunmath,-0.1212727272727272
6060007,Kalahandi,Kesinga,Paralasinga,-0.3131111111111111
6060019,Kalahandi,Kesinga,Pastikudi,-0.0481111111111111
6060023,Kalahandi,Kesinga,Patharla,-0.121
6060018,Kalahandi,Kesinga,Phatakmal,-0.1026
6060020,Kalahandi,Kesinga,Sirijapali,-0.1306666666666666
6060022,Kalahandi,Kesinga,Sirol,-0.068125
6060003,Kalahandi,Kesinga,Tundala,-0.2465714285714285
6060021,Kalahandi,Kesinga,Turlakhaman,-0.0503333333333333
6060013,Kalahandi,Kesinga,Utakela,-0.0439
6090001,Kalahandi,Kokasara,Amapani,-0.2669230769230769
6090002,Kalahandi,Kokasara,Badapodaguda,-0.0712
6090017,Kalahandi,Kokasara,Barihadanga,-0.3095454545454545
6090010,Kalahandi,Kokasara,Dahagaon,-0.4099
6090019,Kalahandi,Kokasara,Dalguma,-0.3017272727272727
6090018,Kalahandi,Kokasara,Dudukathenga,-0.2304
6090014,Kalahandi,Kokasara,Gambhariguda,-0.205
6090006,Kalahandi,Kokasara,Gotamunda,-0.1734444444444444
6090022,Kalahandi,Kokasara,Kandhabutara,-0.3994999999999999
6090013,Kalahandi,Kokasara,Kashibahal,-0.3447777777777777
6090003,Kalahandi,Kokasara,Kaudola,-0.1082857142857142
6090020,Kalahandi,Kokasara,Khuntia,-0.252
6090008,Kalahandi,Kokasara,Kokasara,-0.1944444444444444
6090015,Kalahandi,Kokasara,Ladugaon,-0.233375
6090004,Kalahandi,Kokasara,Mahima,-0.077625
6090007,Kalahandi,Kokasara,Majhiguda,-0.1683333333333333
6090016,Kalahandi,Kokasara,Moter,-0.0559090909090909
6090009,Kalahandi,Kokasara,Musapali,-0.2355555555555555
6090012,Kalahandi,Kokasara,Phupgaon,-0.3593333333333333
6090021,Kalahandi,Kokasara,Podaguda,-0.1761666666666666
6090011,Kalahandi,Kokasara,Rengalpali,-0.2188181818181818
6090005,Kalahandi,Kokasara,Temara,-0.1064444444444444
6070007,Kalahandi,Lanjigarh,Bandhapari,-0.3906315789473684
6070024,Kalahandi,Lanjigarh,Basantpada,0.0405
6070016,Kalahandi,Lanjigarh,Batelima,-0.1482
6070022,Kalahandi,Lanjigarh,Bedagaon,-0.346
6070003,Kalahandi,Lanjigarh,Benagaon,-0.4684
6070020,Kalahandi,Lanjigarh,Bhatangpadar,-0.3784375
6070021,Kalahandi,Lanjigarh,Bhurtigarh,-0.4591176470588235
6070002,Kalahandi,Lanjigarh,Bijepur,-0.4806956521739131
6070008,Kalahandi,Lanjigarh,Biswanathpur,-0.2985
6070018,Kalahandi,Lanjigarh,Champadeipur,-0.2344166666666666
6070005,Kalahandi,Lanjigarh,Chhatrapur,-0.3424
6070011,Kalahandi,Lanjigarh,Gobardhanpur,-0.4157692307692308
6070009,Kalahandi,Lanjigarh,Gunduri,-0.32805
6070025,Kalahandi,Lanjigarh,Jagannathpur,0.00775
6070026,Kalahandi,Lanjigarh,Kadamguda,-0.3549090909090909
6070012,Kalahandi,Lanjigarh,Kamarda,-0.3582142857142857
6070017,Kalahandi,Lanjigarh,Kankutru,-0.4413636363636364
6070023,Kalahandi,Lanjigarh,Kumkhal,-0.407
6070015,Kalahandi,Lanjigarh,Lakhabahali,-0.4598125
6070006,Kalahandi,Lanjigarh,Lanji,-0.49575
6070010,Kalahandi,Lanjigarh,Lanjigadaroad,-0.4065555555555555
6070004,Kalahandi,Lanjigarh,Lanjigarh,-0.3138235294117647
6070001,Kalahandi,Lanjigarh,Malijubang,-0.5550714285714285
6070013,Kalahandi,Lanjigarh,Pahadpadar,-0.5772142857142857
6070019,Kalahandi,Lanjigarh,Pokharibandha,-0.4837499999999999
6070014,Kalahandi,Lanjigarh,Trilochanpur,-0.3782
6040006,Kalahandi,Madanpur Ramapur,Alatara,-0.35
6040013,Kalahandi,Madanpur Ramapur,Bamak,-0.5163636363636364
6040001,Kalahandi,Madanpur Ramapur,Barabandha,-0.5260526315789473
6040017,Kalahandi,Madanpur Ramapur,Dedsuli,-0.5283809523809524
6040012,Kalahandi,Madanpur Ramapur,Domkarlakhunta,-0.4764615384615384
6040016,Kalahandi,Madanpur Ramapur,Dudkaranja,-0.5164000000000001
6040005,Kalahandi,Madanpur Ramapur,Gochhadengen,-0.3447058823529412
6040019,Kalahandi,Madanpur Ramapur,Lubengad,-0.5076
6040007,Kalahandi,Madanpur Ramapur,Madanpur,-0.348
6040004,Kalahandi,Madanpur Ramapur,Manikera,-0.4538888888888889
6040003,Kalahandi,Madanpur Ramapur,Mohangiri,-0.4611904761904762
6040011,Kalahandi,Madanpur Ramapur,Muding,-0.1814444444444444
6040008,Kalahandi,Madanpur Ramapur,Nunpur,-0.3614545454545455
6040014,Kalahandi,Madanpur Ramapur,Pandkamal,-0.193
6040010,Kalahandi,Madanpur Ramapur,Rampur,-0.3724166666666667
6040009,Kalahandi,Madanpur Ramapur,Saidalanga,-0.23425
6040015,Kalahandi,Madanpur Ramapur,Salepali,-0.256125
6040018,Kalahandi,Madanpur Ramapur,Singpur,-0.4448999999999999
6040002,Kalahandi,Madanpur Ramapur,Urladoni,-0.5492258064516129
6130020,Kalahandi,Narla,Badadharapur,-0.2834444444444444
6130016,Kalahandi,Narla,Bagapur,-0.3018181818181818
6130017,Kalahandi,Narla,Balasinga,-0.3847272727272727
6130015,Kalahandi,Narla,Bhanapur,-0.2446363636363636
6130009,Kalahandi,Narla,Bhimakela,-0.2142222222222222
6130023,Kalahandi,Narla,Gadebandha,-0.4704
6130004,Kalahandi,Narla,Ghantamal,-0.4717142857142857
6130012,Kalahandi,Narla,Ghighina,-0.3318571428571428
6130014,Kalahandi,Narla,Ghodabandha,-0.239
6130025,Kalahandi,Narla,Karmegaon,-0.250625
6130006,Kalahandi,Narla,Kurumel,-0.4363125
6130024,Kalahandi,Narla,Mandel,-0.307
6130011,Kalahandi,Narla,Muskuti,-0.3154
6130007,Kalahandi,Narla,Narla,-0.2155
6130002,Kalahandi,Narla,Nishanpur,-0.3395
6130013,Kalahandi,Narla,Palam,-0.2772
6130022,Kalahandi,Narla,Raxi,-0.244125
6130010,Kalahandi,Narla,Rupra,-0.2881818181818181
6130008,Kalahandi,Narla,Rupraroad,-0.2271818181818181
6130001,Kalahandi,Narla,Santapur,-0.22475
6130005,Kalahandi,Narla,Sargiguda,-0.246
6130003,Kalahandi,Narla,Saria,-0.4014545454545455
6130019,Kalahandi,Narla,Sheragad,-0.3983333333333334
6130026,Kalahandi,Narla,Takarla,-0.3565454545454545
6130018,Kalahandi,Narla,Tulapada,-0.155090909090909
6130021,Kalahandi,Narla,Ullikupa,-0.4354444444444444
6050014,Kalahandi,Thuamul Rampur,Adri,-0.4945833333333334
6050004,Kalahandi,Thuamul Rampur,Badachhatrang,-0.4309285714285714
6050024,Kalahandi,Thuamul Rampur,Bagdiani,-0.3838888888888889
6050023,Kalahandi,Thuamul Rampur,Birikot,-0.4155833333333333
6050005,Kalahandi,Thuamul Rampur,Dumerpadar,-0.3424444444444444
6050007,Kalahandi,Thuamul Rampur,Gopalpur,-0.4586
6050002,Kalahandi,Thuamul Rampur,Gopinathpur,-0.5351428571428571
6050011,Kalahandi,Thuamul Rampur,Gunapur,-0.4192727272727273
6050008,Kalahandi,Thuamul Rampur,Kaniguma,-0.4660454545454545
6050012,Kalahandi,Thuamul Rampur,Karlapat,-0.4043571428571428
6050009,Kalahandi,Thuamul Rampur,Kerpai,-0.5838
6050019,Kalahandi,Thuamul Rampur,Kiapadar,-0.4202727272727273
6050003,Kalahandi,Thuamul Rampur,Mahulpatna,-0.4314166666666666
6050013,Kalahandi,Thuamul Rampur,Maligaon,-0.5059090909090909
6050010,Kalahandi,Thuamul Rampur,Nakrundi,-0.47625
6050015,Kalahandi,Thuamul Rampur,Pade Padar,-0.4448571428571428
6050022,Kalahandi,Thuamul Rampur,Padepadar(B),-0.242
6050017,Kalahandi,Thuamul Rampur,Silet,-0.5295416666666667
6050016,Kalahandi,Thuamul Rampur,Sindhipadar,-0.478375
6050018,Kalahandi,Thuamul Rampur,Tala Ambapadar,-0.4872941176470589
6050001,Kalahandi,Thuamul Rampur,Talanagi,-0.2528333333333333
6050020,Kalahandi,Thuamul Rampur,Taljhapi,-0.4656
6050021,Kalahandi,Thuamul Rampur,Thuamul,-0.5030769230769231
6050006,Kalahandi,Thuamul Rampur,Thuamul Rampur,-0.4058823529411764
10010009,Kandhamal,Baliguda,Barakhama,-0.4317272727272727
10010003,Kandhamal,Baliguda,Bataguda,-0.4895294117647058
10010005,Kandhamal,Baliguda,Brudukia,-0.3937647058823529
10010015,Kandhamal,Baliguda,Dadakangia,-0.3793
10010011,Kandhamal,Baliguda,Khamankhol,-0.5022352941176471
10010007,Kandhamal,Baliguda,Kutikia,-0.3582
10010012,Kandhamal,Baliguda,Landagaon,-0.4399375
10010013,Kandhamal,Baliguda,Midiakia,-0.4508125
10010001,Kandhamal,Baliguda,Parampanga,-0.523375
10010014,Kandhamal,Baliguda,Rebingia,-0.45225
10010002,Kandhamal,Baliguda,Ritungia,-0.617578947368421
10010008,Kandhamal,Baliguda,Salaguda,-0.4231904761904762
10010006,Kandhamal,Baliguda,Sindhrigaon,-0.46408
10010010,Kandhamal,Baliguda,Sudra,-0.4407083333333333
10050010,Kandhamal,Chakapad,Arabaka,-0.2994444444444444
10050008,Kandhamal,Chakapad,Bapalmendi (B),-0.4489333333333333
10050006,Kandhamal,Chakapad,Bapalmundi (L),-0.4335
10050012,Kandhamal,Chakapad,Bastingia,-0.5188888888888888
10050011,Kandhamal,Chakapad,Beheragaon,-0.5318333333333333
10050004,Kandhamal,Chakapad,Brahmanpada,-0.406
10050001,Kandhamal,Chakapad,Chahali,-0.3995384615384615
10050003,Kandhamal,Chakapad,Chakapad,-0.2984166666666666
10050009,Kandhamal,Chakapad,Kakharujhola,-0.3372666666666666
10050005,Kandhamal,Chakapad,Kusumendhi,-0.4017142857142857
10050002,Kandhamal,Chakapad,Pasara,-0.4907857142857143
10050007,Kandhamal,Chakapad,Sankarkhola,-0.289875
10040006,Kandhamal,Daringbadi,Badabanga,-0.5181250000000001
10040022,Kandhamal,Daringbadi,Bhramarbadi,-0.5936666666666667
10040017,Kandhamal,Daringbadi,Bramhanigaon,-0.4541
10040002,Kandhamal,Daringbadi,Brudaguda,-0.5572608695652174
10040011,Kandhamal,Daringbadi,Danekbadi,-0.3987777777777778
10040008,Kandhamal,Daringbadi,Daringbadi,-0.3491111111111111
10040012,Kandhamal,Daringbadi,Dasingbadi,-0.3921428571428572
10040016,Kandhamal,Daringbadi,Gadapur,-0.4682941176470588
10040009,Kandhamal,Daringbadi,Grenbadi,-0.3575294117647059
10040001,Kandhamal,Daringbadi,Gumikia,-0.4649473684210526
10040021,Kandhamal,Daringbadi,Hatimunda,-0.5317142857142857
10040018,Kandhamal,Daringbadi,Jhinjiriguda,-0.4034615384615385
10040020,Kandhamal,Daringbadi,Katingia,-0.4854615384615384
10040004,Kandhamal,Daringbadi,Kirikuti,-0.4136818181818181
10040019,Kandhamal,Daringbadi,Kumbharigaon,-0.5345
10040010,Kandhamal,Daringbadi,Paratmaha,-0.4816521739130434
10040025,Kandhamal,Daringbadi,Pliheri,-0.2969090909090909
10040015,Kandhamal,Daringbadi,Saramuli,-0.5626
10040007,Kandhamal,Daringbadi,Shreeniketa,-0.3890909090909091
10040023,Kandhamal,Daringbadi,Siangabali,-0.4297333333333333
10040005,Kandhamal,Daringbadi,Simanbadi,-0.4041333333333333
10040013,Kandhamal,Daringbadi,Sonepur,-0.375125
10040024,Kandhamal,Daringbadi,Srikabarg,-0.4365454545454545
10040014,Kandhamal,Daringbadi,Tajungia,-0.5845714285714285
10040003,Kandhamal,Daringbadi,Tilori,-0.4183333333333333
10040000,Kandhamal,Daringbadi,,-0.6154999999999999
10090014,Kandhamal,Firingia,Balandapada,-0.5674166666666667
10090002,Kandhamal,Firingia,Bandhagada,-0.414
10090003,Kandhamal,Firingia,Burungijodi,-0.4866428571428571
10090009,Kandhamal,Firingia,Dimiriguda,-0.4538235294117647
10090020,Kandhamal,Firingia,Dindrigaon,-0.2767692307692307
10090018,Kandhamal,Firingia,Gochhapada,-0.5335624999999999
10090011,Kandhamal,Firingia,Jajeshpanga,-0.4440714285714286
10090008,Kandhamal,Firingia,Kashinipadar,-0.4577894736842105
10090004,Kandhamal,Firingia,Kelapada,-0.5341111111111112
10090022,Kandhamal,Firingia,Koirmandu,-0.6074666666666667
10090016,Kandhamal,Firingia,Krandibali,-0.4544117647058823
10090015,Kandhamal,Firingia,Luising,-0.472578947368421
10090010,Kandhamal,Firingia,Nuapadar,-0.5129
10090006,Kandhamal,Firingia,Pabingia,-0.2646315789473684
10090013,Kandhamal,Firingia,Pairaju,-0.5616428571428572
10090023,Kandhamal,Firingia,Pakari,-0.5059230769230769
10090017,Kandhamal,Firingia,Palabirudi,-0.4813846153846154
10090021,Kandhamal,Firingia,Pangauparsahi,-0.4667894736842105
10090007,Kandhamal,Firingia,Phiringia,-0.243
10090005,Kandhamal,Firingia,Ratanga,-0.3007857142857143
10090019,Kandhamal,Firingia,Salaguda,-0.526
10090024,Kandhamal,Firingia,Samarbandha,-0.498764705882353
10090012,Kandhamal,Firingia,Shadhengia,-0.4809230769230769
10090001,Kandhamal,Firingia,Taladandikia,-0.4755263157894737
10020006,Kandhamal,G.Udayagiri,Gresingia,-0.0458888888888888
10020007,Kandhamal,G.Udayagiri,Kalinga,-0.2187857142857142
10020001,Kandhamal,G.Udayagiri,Katingia,-0.4439
10020002,Kandhamal,G.Udayagiri,Lingagada,-0.33175
10020004,Kandhamal,G.Udayagiri,Malikpada,-0.329875
10020003,Kandhamal,G.Udayagiri,Raikala,-0.301
10020005,Kandhamal,G.Udayagiri,Ratingia,-0.2388333333333333
10020008,Kandhamal,G.Udayagiri,Talarimaha,-0.3875714285714285
10070008,Kandhamal,Khajuripada,Adasipada,-0.4486428571428571
10070012,Kandhamal,Khajuripada,Arapaju,-0.3673333333333333
10070007,Kandhamal,Khajuripada,Balasakumpa,-0.4300666666666666
10070001,Kandhamal,Khajuripada,Bilabadi,-0.4306875
10070010,Kandhamal,Khajuripada,Dalapada,-0.5386923076923077
10070013,Kandhamal,Khajuripada,Dutimendi,-0.4409375
10070006,Kandhamal,Khajuripada,Dutipada,-0.4115
10070004,Kandhamal,Khajuripada,Gudari,-0.2587272727272727
10070011,Kandhamal,Khajuripada,Khajuripada,-0.4548666666666667
10070009,Kandhamal,Khajuripada,Nuagaon,-0.46375
10070005,Kandhamal,Khajuripada,Pirukudi,-0.3811818181818181
10070003,Kandhamal,Khajuripada,Sudreju,-0.4058235294117647
10070002,Kandhamal,Khajuripada,Sudrukumpa,-0.3848333333333333
10070014,Kandhamal,Khajuripada,Titrapanga,-0.3693636363636363
10080012,Kandhamal,Kotagarh,Dharakote,-0.5391666666666667
10080005,Kandhamal,Kotagarh,Durgapanga,-0.445
10080006,Kandhamal,Kotagarh,Gugurmaha,-0.5241818181818182
10080013,Kandhamal,Kotagarh,Jubaguda,-0.4988461538461539
10080004,Kandhamal,Kotagarh,Judabali,-0.4544285714285714
10080003,Kandhamal,Kotagarh,Kotagarh,-0.34
10080002,Kandhamal,Kotagarh,Madaguda,-0.4389375
10080009,Kandhamal,Kotagarh,Marlang,-0.4880714285714286
10080007,Kandhamal,Kotagarh,Ora,-0.5776666666666667
10080011,Kandhamal,Kotagarh,Pakari,-0.3564545454545454
10080001,Kandhamal,Kotagarh,Parigarh,-0.5397857142857142
10080014,Kandhamal,Kotagarh,Ranipanga,-0.4038333333333333
10080015,Kandhamal,Kotagarh,Sartulu,-0.5567272727272727
10080010,Kandhamal,Kotagarh,Srirampur,-0.514375
10080008,Kandhamal,Kotagarh,Subarnagiri,-0.5192941176470588
10060012,Kandhamal,Nuagaon,Adimaha,-0.5686842105263158
10060008,Kandhamal,Nuagaon,Baligada,-0.565
10060001,Kandhamal,Nuagaon,Bandguda,-0.5110526315789474
10060010,Kandhamal,Nuagaon,Chanchedi,-0.5935714285714286
10060011,Kandhamal,Nuagaon,Gandrigaon,-0.5806666666666667
10060009,Kandhamal,Nuagaon,Gunjibadi,-0.4547586206896551
10060013,Kandhamal,Nuagaon,Jiridikia,-0.5234285714285714
10060006,Kandhamal,Nuagaon,Kanjamendi,-0.3066923076923077
10060003,Kandhamal,Nuagaon,Kudutuli,-0.3559666666666666
10060014,Kandhamal,Nuagaon,Letingia,-0.4388571428571429
10060005,Kandhamal,Nuagaon,Mahasingi,-0.4804999999999999
10060004,Kandhamal,Nuagaon,Sainpada,-0.4059999999999999
10060002,Kandhamal,Nuagaon,Sarangagada,-0.4268095238095237
10060007,Kandhamal,Nuagaon,Sirttiguda,-0.3780952380952381
10030006,Kandhamal,Phulbani,Alami,-0.17675
10030005,Kandhamal,Phulbani,Bishipada,-0.3100833333333333
10030009,Kandhamal,Phulbani,Dadaki,-0.3010833333333333
10030010,Kandhamal,Phulbani,Duduki,-0.5578421052631579
10030004,Kandhamal,Phulbani,Ganjuguda,-0.0457
10030001,Kandhamal,Phulbani,Gumagada,-0.2775555555555555
10030008,Kandhamal,Phulbani,Jamujhari,-0.3275
10030011,Kandhamal,Phulbani,Katringia,-0.46159375
10030003,Kandhamal,Phulbani,Keredi,-0.2915
10030002,Kandhamal,Phulbani,Minia,-0.3725384615384615
10030019,Kandhamal,Phulbani,Salaguda,-0.5426666666666667
10030007,Kandhamal,Phulbani,Tudipaju,-0.2655714285714285
10100011,Kandhamal,Raikia,Bada Baraba,-0.4805
10100002,Kandhamal,Raikia,Bada Indragada,-0.5457
10100012,Kandhamal,Raikia,Beredakia,-0.2361428571428571
10100008,Kandhamal,Raikia,Dadingia,-0.4041333333333333
10100004,Kandhamal,Raikia,Gumamaha,-0.3314545454545454
10100003,Kandhamal,Raikia,Karada,-0.4564615384615385
10100009,Kandhamal,Raikia,Mandakia,-0.3573846153846153
10100005,Kandhamal,Raikia,Manikeswara,-0.3973888888888888
10100010,Kandhamal,Raikia,Petapanga,-0.288
10100006,Kandhamal,Raikia,Raikia,-0.1203
10100001,Kandhamal,Raikia,Ranba,-0.4057
10100007,Kandhamal,Raikia,Sugudabadi,-0.3126
10110006,Kandhamal,Tikabali,Badimunda,-0.3909999999999999
10110003,Kandhamal,Tikabali,Burbinaju,-0.3856666666666666
10110004,Kandhamal,Tikabali,Gadaguda,-0.3284999999999999
10110007,Kandhamal,Tikabali,Gardingia,-0.576
10110001,Kandhamal,Tikabali,Gutingia,-0.51875
10110011,Kandhamal,Tikabali,Kainjhara,-0.3753888888888889
10110010,Kandhamal,Tikabali,Katimaha,-0.3596153846153846
10110002,Kandhamal,Tikabali,Paburia,-0.4969285714285714
10110012,Kandhamal,Tikabali,Padangi,-0.3955714285714286
10110005,Kandhamal,Tikabali,Pikaradi,-0.3804545454545454
10110008,Kandhamal,Tikabali,Tikabali,-0.3484
10120006,Kandhamal,Tumudibandha,Belghar,-0.44925
10120010,Kandhamal,Tumudibandha,Bhandarangi,-0.6004285714285714
10120009,Kandhamal,Tumudibandha,Bilamal,-0.5003333333333333
10120001,Kandhamal,Tumudibandha,Gumma,-0.4817333333333333
10120007,Kandhamal,Tumudibandha,Jhiripani,-0.5226
10120011,Kandhamal,Tumudibandha,Karukudupa,-0.5499411764705883
10120004,Kandhamal,Tumudibandha,Kurtamgada,-0.5111818181818182
10120008,Kandhamal,Tumudibandha,Lankagarh,-0.4241875
10120005,Kandhamal,Tumudibandha,Mundigada,-0.5038695652173913
10120003,Kandhamal,Tumudibandha,Sirla,-0.5961428571428572
10120002,Kandhamal,Tumudibandha,Tumudibandha,-0.47145
19010016,Kendrapada,Aul,Aragal,0.0077142857142857
19010010,Kendrapada,Aul,Arehikana,0.35675
19010030,Kendrapada,Aul,Atal,-0.0117999999999999
19010027,Kendrapada,Aul,Badaambila,0.1089999999999999
19010021,Kendrapada,Aul,Balkati,-0.1901
19010006,Kendrapada,Aul,Batipada,0.0631666666666666
19010012,Kendrapada,Aul,Bhuinpur,-0.1035555555555555
19010032,Kendrapada,Aul,Chandiagadi,0.1006666666666666
19010033,Kendrapada,Aul,Dasipur,-0.0715
19010020,Kendrapada,Aul,Demal,0.062
19010001,Kendrapada,Aul,Desahi,0.4928
19010015,Kendrapada,Aul,Dimiripal,0.16925
19010034,Kendrapada,Aul,Ekamania,-0.1566666666666666
19010018,Kendrapada,Aul,Eradang,-0.1444
19010003,Kendrapada,Aul,Gobindpur,0.10675
19010004,Kendrapada,Aul,Juania,0.6323333333333333
19010013,Kendrapada,Aul,Kalaspur,0.001
19010002,Kendrapada,Aul,Ketuapal,0.1304
19010022,Kendrapada,Aul,Koladihi,-0.214
19010029,Kendrapada,Aul,Mahu,-0.2472857142857143
19010011,Kendrapada,Aul,Manikapatana,0.2015
19010023,Kendrapada,Aul,Mendhapur,0.0325
19010009,Kendrapada,Aul,Narendrapur,0.1478333333333333
19010026,Kendrapada,Aul,Nial,0.0323636363636363
19010028,Kendrapada,Aul,Nuapada,0.2898
19010014,Kendrapada,Aul,Padanipal,0.0853333333333333
19010017,Kendrapada,Aul,Palimi,0.0765
19010008,Kendrapada,Aul,Patrapur,0.1899999999999999
19010031,Kendrapada,Aul,Petapada,-0.0169999999999999
19010025,Kendrapada,Aul,Sahira,0.0764
19010007,Kendrapada,Aul,Sanamanga,-0.0551666666666666
19010005,Kendrapada,Aul,Sansidha,0.0433333333333333
19010024,Kendrapada,Aul,Singiri,0.0141111111111111
19010019,Kendrapada,Aul,Tunga,-0.0454999999999999
19080023,Kendrapada,Derabishi,Balia,0.0086666666666666
19080002,Kendrapada,Derabishi,Barimul,0.0929999999999999
19080020,Kendrapada,Derabishi,Basupur,0.0411666666666666
19080022,Kendrapada,Derabishi,Benipur,-0.1528333333333333
19080017,Kendrapada,Derabishi,Chandol,0.1441666666666666
19080013,Kendrapada,Derabishi,Chatrachakada,0.2315
19080006,Kendrapada,Derabishi,Chhoti,-0.18325
19080016,Kendrapada,Derabishi,Danpur,-0.0772857142857142
19080011,Kendrapada,Derabishi,Endara,0.053125
19080008,Kendrapada,Derabishi,Golarahat,0.13
19080021,Kendrapada,Derabishi,Gualasing,0.238
19080026,Kendrapada,Derabishi,Harianka,-0.0553333333333333
19080010,Kendrapada,Derabishi,Indalo,-0.10175
19080019,Kendrapada,Derabishi,Janarabarimul,-0.0142857142857142
19080014,Kendrapada,Derabishi,Kaupada,0.2855
19080024,Kendrapada,Derabishi,Khamola,0.1906
19080004,Kendrapada,Derabishi,Kurujanga,0.040875
19080001,Kendrapada,Derabishi,Kushiapala,0.0846666666666666
19080009,Kendrapada,Derabishi,Laxminarayanpur,0.2074444444444444
19080005,Kendrapada,Derabishi,Mangalpur,-0.217
19080025,Kendrapada,Derabishi,Mukundapur,0.0562
19080003,Kendrapada,Derabishi,Nahanga,-0.1335
19080012,Kendrapada,Derabishi,Narsinghapur,-0.0943333333333333
19080015,Kendrapada,Derabishi,Palei,0.1074
19080007,Kendrapada,Derabishi,Raghudeipur,-0.0349999999999999
19080018,Kendrapada,Derabishi,Ratadiakhandasahi,0.0289999999999999
19090001,Kendrapada,Garadpur,Badabetara,0.1254
19090002,Kendrapada,Garadpur,Bangalpur,0.0045555555555555
19090008,Kendrapada,Garadpur,Bantala,0.2662222222222222
19090004,Kendrapada,Garadpur,Bedari,0.2153999999999999
19090006,Kendrapada,Garadpur,Bhagabanpur,0.1133333333333333
19090009,Kendrapada,Garadpur,Garadpur,0.2351666666666666
19090003,Kendrapada,Garadpur,Kalabuda,0.3496666666666666
19090015,Kendrapada,Garadpur,Madhushasan,0.2457142857142857
19090012,Kendrapada,Garadpur,Nadiabarei,0.2628333333333333
19090016,Kendrapada,Garadpur,Padmapur,0.2223333333333333
19090010,Kendrapada,Garadpur,Pakhada,-0.0463333333333333
19090017,Kendrapada,Garadpur,Palasudha,0.22625
19090014,Kendrapada,Garadpur,Patkura,0.2093749999999999
19090018,Kendrapada,Garadpur,Ramchandrapur,0.1045
19090007,Kendrapada,Garadpur,Sanaadhanga,0.2523333333333333
19090005,Kendrapada,Garadpur,Talakusuma,0.0865714285714285
19090011,Kendrapada,Garadpur,Tendakuda,0.2742727272727273
19090013,Kendrapada,Garadpur,Tikanpur,0.27075
19030024,Kendrapada,Kendrapada,Ayaba,-0.4708
19030022,Kendrapada,Kendrapada,Bagada,0.514
19030006,Kendrapada,Kendrapada,Baro,0.0715
19030013,Kendrapada,Kendrapada,Bhagabatpur,0.2304
19030018,Kendrapada,Kendrapada,Bharatpur,-0.0596
19030017,Kendrapada,Kendrapada,Chakroda,0.0412857142857142
19030001,Kendrapada,Kendrapada,Chandanpur,0.2641666666666667
19030027,Kendrapada,Kendrapada,Charigaon,-0.1171428571428571
19030010,Kendrapada,Kendrapada,Dhola,-0.2355999999999999
19030003,Kendrapada,Kendrapada,Dhumat,-0.0984999999999999
19030002,Kendrapada,Kendrapada,Gangapada,0.1372
19030005,Kendrapada,Kendrapada,Ghagara,-0.07925
19030007,Kendrapada,Kendrapada,Gulnagar,0.8725
19030004,Kendrapada,Kendrapada,Indupur,0.0282499999999999
19030012,Kendrapada,Kendrapada,Jamdhar,0.2535
19030023,Kendrapada,Kendrapada,Kalapada,0.4208571428571429
19030021,Kendrapada,Kendrapada,Kansar,-0.1498571428571428
19030008,Kendrapada,Kendrapada,Kapaleswar,0.3772222222222222
19030026,Kendrapada,Kendrapada,Keshpur,0.2884
19030014,Kendrapada,Kendrapada,Koro,-0.1114285714285714
19030009,Kendrapada,Kendrapada,Kutarang,-0.1245
19030011,Kendrapada,Kendrapada,Nikirai,-0.0514
19030020,Kendrapada,Kendrapada,Ostapur,0.193625
19030015,Kendrapada,Kendrapada,Palasingha,0.0371428571428571
19030025,Kendrapada,Kendrapada,Purusottampur,-0.261
19030016,Kendrapada,Kendrapada,Sanamanitia,0.0436666666666666
19030019,Kendrapada,Kendrapada,Shyamsundarpur,0.270125
19070001,Kendrapada,Mahakalpada,Alailo,0.2924
19070006,Kendrapada,Mahakalpada,Ameipal,-0.0011
19070017,Kendrapada,Mahakalpada,Badadihi,0.044
19070010,Kendrapada,Mahakalpada,Badkul,0.42
19070004,Kendrapada,Mahakalpada,Balipala,0.2211999999999999
19070016,Kendrapada,Mahakalpada,Baradang,-0.1044444444444444
19070025,Kendrapada,Mahakalpada,Barakanda,-0.1522666666666667
19070024,Kendrapada,Mahakalpada,Batighar,-0.1071333333333333
19070020,Kendrapada,Mahakalpada,Baulakani,-0.0155555555555555
19070005,Kendrapada,Mahakalpada,Bijayanagar,-0.054625
19070003,Kendrapada,Mahakalpada,Deulipada,0.3648571428571428
19070031,Kendrapada,Mahakalpada,Gadaromit,0.1457999999999999
19070018,Kendrapada,Mahakalpada,Gogua,0.0630833333333333
19070012,Kendrapada,Mahakalpada,Jadupur,0.1815
19070021,Kendrapada,Mahakalpada,Jamboo,-0.0002727272727272
19070027,Kendrapada,Mahakalpada,Jayachandrapur,0.321375
19070030,Kendrapada,Mahakalpada,Kansar & Kansarbaddandua,0.0224166666666666
19070011,Kendrapada,Mahakalpada,Karnja,0.2019999999999999
19070023,Kendrapada,Mahakalpada,Kharinasi,-0.0761818181818181
19070007,Kendrapada,Mahakalpada,Khurusia,-0.0336
19070015,Kendrapada,Mahakalpada,Mahakalpada,0.038090909090909
19070026,Kendrapada,Mahakalpada,Mangalpur,-0.0346999999999999
19070029,Kendrapada,Mahakalpada,Nanjura,-0.0836666666666666
19070009,Kendrapada,Mahakalpada,Patalipanka,0.374375
19070028,Kendrapada,Mahakalpada,Petchhela,-0.1456470588235294
19070002,Kendrapada,Mahakalpada,Rajagada,0.1534285714285714
19070022,Kendrapada,Mahakalpada,Ramnagar,-0.1221666666666666
19070019,Kendrapada,Mahakalpada,Suniti,-0.1182941176470588
19070013,Kendrapada,Mahakalpada,Teragoan,0.0795
19070014,Kendrapada,Mahakalpada,Tikarpanga,0.1843333333333333
19070008,Kendrapada,Mahakalpada,Tikhiri,0.0644444444444444
19040008,Kendrapada,Marshaghai,Aitipur,0.0295
19040018,Kendrapada,Marshaghai,Akhuadakhini,0.2198
19040020,Kendrapada,Marshaghai,Angulai,0.1898
19040015,Kendrapada,Marshaghai,Antei,0.1504
19040006,Kendrapada,Marshaghai,Bachharai,0.3041428571428571
19040021,Kendrapada,Marshaghai,Bandhakata,0.1812
19040016,Kendrapada,Marshaghai,Batira,0.227
19040022,Kendrapada,Marshaghai,Beruhan,0.1465714285714285
19040005,Kendrapada,Marshaghai,Dasipur,0.1478571428571428
19040004,Kendrapada,Marshaghai,Dumuka,0.3628
19040013,Kendrapada,Marshaghai,Garajanga,0.3798571428571428
19040024,Kendrapada,Marshaghai,Hindulia,0.385
19040011,Kendrapada,Marshaghai,Jalapok,-0.1725
19040012,Kendrapada,Marshaghai,Jampada,0.0964285714285714
19040014,Kendrapada,Marshaghai,Karilopatna,0.1106666666666666
19040010,Kendrapada,Marshaghai,Kuhudi,0.0864285714285714
19040023,Kendrapada,Marshaghai,Mangarajpur,0.1608
19040003,Kendrapada,Marshaghai,Manikunda,0.3216
19040001,Kendrapada,Marshaghai,Marshaghai,0.5834
19040019,Kendrapada,Marshaghai,Mehendinagar,0.3566
19040007,Kendrapada,Marshaghai,Parakula,0.284875
19040017,Kendrapada,Marshaghai,Raghabpur,0.2653999999999999
19040002,Kendrapada,Marshaghai,Silipur,0.33075
19040009,Kendrapada,Marshaghai,Talasanga,0.2421666666666666
19050001,Kendrapada,Pattamundai,Alapua,-0.0306666666666666
19050005,Kendrapada,Pattamundai,Amrutamanohi,0.2968333333333333
19050003,Kendrapada,Pattamundai,Andara,0.3156666666666666
19050026,Kendrapada,Pattamundai,Aradapalli,-0.072
19050019,Kendrapada,Pattamundai,Bachhara,0.196
19050029,Kendrapada,Pattamundai,Badamohanpur,0.0687142857142857
19050017,Kendrapada,Pattamundai,Badamulabasanta,0.18475
19050024,Kendrapada,Pattamundai,Badapada,-0.0245555555555555
19050028,Kendrapada,Pattamundai,Balabhadrapur,0.3318
19050016,Kendrapada,Pattamundai,Balipatna,0.296
19050006,Kendrapada,Pattamundai,Baluria,0.1121666666666666
19050012,Kendrapada,Pattamundai,Bilikana,0.028375
19050010,Kendrapada,Pattamundai,Chandannagar,0.1727142857142857
19050009,Kendrapada,Pattamundai,Damarpur,0.2886666666666667
19050022,Kendrapada,Pattamundai,Diapada,-0.0392499999999999
19050030,Kendrapada,Pattamundai,Dihudipur,-0.0057999999999999
19050011,Kendrapada,Pattamundai,Dosia,0.0166666666666666
19050025,Kendrapada,Pattamundai,Gangarampur,-0.2575
19050031,Kendrapada,Pattamundai,Kakaharuni,-0.0681111111111111
19050020,Kendrapada,Pattamundai,Khadianta,0.0392222222222222
19050014,Kendrapada,Pattamundai,Khanata,0.0824999999999999
19050021,Kendrapada,Pattamundai,Narasinghpur,-0.0817499999999999
19050018,Kendrapada,Pattamundai,Nilakanthapur,0.34825
19050004,Kendrapada,Pattamundai,Penthapal,0.268625
19050023,Kendrapada,Pattamundai,Sanajaria,0.024125
19050015,Kendrapada,Pattamundai,Sansarfal,0.1876666666666666
19050007,Kendrapada,Pattamundai,Sasana,0.1381
19050027,Kendrapada,Pattamundai,Singhagaon,0.0566363636363636
19050008,Kendrapada,Pattamundai,Srirampur,0.168
19050002,Kendrapada,Pattamundai,Taradipal,0.0834285714285714
19050013,Kendrapada,Pattamundai,Waupada,-0.0805
19020022,Kendrapada,Rajkanika,Abdulpur,0.12725
19020029,Kendrapada,Rajkanika,Akhulipada,-0.05275
19020011,Kendrapada,Rajkanika,Baghabuda,0.1992857142857143
19020027,Kendrapada,Rajkanika,Balaramapur,0.12125
19020007,Kendrapada,Rajkanika,Baradia,0.00775
19020021,Kendrapada,Rajkanika,Barahadomunda,-0.0628999999999999
19020002,Kendrapada,Rajkanika,Baruna,0.04225
19020003,Kendrapada,Rajkanika,Barunadhia,-0.0459999999999999
19020001,Kendrapada,Rajkanika,Bharigada,0.1746666666666666
19020025,Kendrapada,Rajkanika,Charapada,-0.0443333333333333
19020016,Kendrapada,Rajkanika,Deulatara,0.07025
19020023,Kendrapada,Rajkanika,Hatasahi,-0.0709999999999999
19020013,Kendrapada,Rajkanika,Jagulaipada,0.1095555555555555
19020006,Kendrapada,Rajkanika,Jayanagar,-0.0184666666666666
19020010,Kendrapada,Rajkanika,Kantapada,0.1512857142857142
19020009,Kendrapada,Rajkanika,Katanabania,-0.0174
19020024,Kendrapada,Rajkanika,Koilipur,0.0993333333333333
19020015,Kendrapada,Rajkanika,Koranda,-0.113
19020017,Kendrapada,Rajkanika,Nahuni,-0.0764444444444444
19020026,Kendrapada,Rajkanika,Namtara,0.06025
19020005,Kendrapada,Rajkanika,Olavar,-0.0928
19020019,Kendrapada,Rajkanika,Padhanapada,-0.3004444444444444
19020018,Kendrapada,Rajkanika,Panasaganda,0.0185
19020004,Kendrapada,Rajkanika,Parinuapada,-0.1001111111111111
19020028,Kendrapada,Rajkanika,Pegarpada,-0.066
19020014,Kendrapada,Rajkanika,Siko,-0.1
19020020,Kendrapada,Rajkanika,Siopada,-0.16525
19020012,Kendrapada,Rajkanika,Taras,0.2405
19020008,Kendrapada,Rajkanika,Trailokyapur,-0.1221818181818181
19060024,Kendrapada,Rajnagar,Baghamari,-0.12425
19060004,Kendrapada,Rajnagar,Balisahipatna,0.0643333333333333
19060002,Kendrapada,Rajnagar,Bandhapada,0.2607142857142857
19060020,Kendrapada,Rajnagar,Belpal,0.1441666666666666
19060026,Kendrapada,Rajnagar,Bhitargarh,-0.1972727272727272
19060006,Kendrapada,Rajnagar,Brahmansahi,-0.104235294117647
19060011,Kendrapada,Rajnagar,Chandibaunsamul,-0.0181249999999999
19060016,Kendrapada,Rajnagar,Dangamala,-0.2029999999999999
19060009,Kendrapada,Rajnagar,Dera,-0.0486666666666666
19060025,Kendrapada,Rajnagar,Ghadiamal,-0.132375
19060013,Kendrapada,Rajnagar,Gupti,-0.2095454545454545
19060029,Kendrapada,Rajnagar,Hatina,-0.1694444444444444
19060015,Kendrapada,Rajnagar,Iswarpur,-0.3465454545454545
19060012,Kendrapada,Rajnagar,Kandira,-0.201375
19060022,Kendrapada,Rajnagar,Keradagarh,-0.04575
19060023,Kendrapada,Rajnagar,Keruanpal,-0.2664444444444445
19060028,Kendrapada,Rajnagar,Khamarsahi,-0.2413333333333333
19060005,Kendrapada,Rajnagar,Koilipur,-0.0069090909090909
19060027,Kendrapada,Rajnagar,Krushnanagar,-0.0818333333333333
19060007,Kendrapada,Rajnagar,Kurunti,-0.0585
19060019,Kendrapada,Rajnagar,Mahinsasura,0.0337142857142857
19060008,Kendrapada,Rajnagar,Mahulia,0.059
19060001,Kendrapada,Rajnagar,Ostia,0.1308
19060010,Kendrapada,Rajnagar,Rajnagar,0.053
19060021,Kendrapada,Rajnagar,Rajpur,-0.0735
19060018,Kendrapada,Rajnagar,Rangani,-0.2952
19060003,Kendrapada,Rajnagar,Sanabadagopalpur,0.1275
19060014,Kendrapada,Rajnagar,Satabhaya,-0.3692222222222222
19060017,Kendrapada,Rajnagar,Talachua,0.05075
7010004,Keonjhar,Anandpur,Bailo,0.125
7010005,Keonjhar,Anandpur,Baunsgada,-0.1461428571428571
7010002,Keonjhar,Anandpur,Belabahali,0.1907142857142857
7010017,Keonjhar,Anandpur,Budhikuda,-0.356
7010008,Keonjhar,Anandpur,Dhakotha,0.055625
7010012,Keonjhar,Anandpur,Gayalmunda,-0.4255294117647059
7010015,Keonjhar,Anandpur,Haridapal,-0.0235714285714285
7010001,Keonjhar,Anandpur,Jalasuan,0.0398571428571428
7010007,Keonjhar,Anandpur,Kantipal,-0.3098181818181818
7010016,Keonjhar,Anandpur,Kathakata,-0.2788888888888888
7010011,Keonjhar,Anandpur,Kodapada,-0.037
7010009,Keonjhar,Anandpur,Kolimati,-0.1982631578947368
7010014,Keonjhar,Anandpur,Manoharpur,-0.4466666666666666
7010018,Keonjhar,Anandpur,Mochinda,-0.078375
7010013,Keonjhar,Anandpur,Panasdiha,-0.4421176470588235
7010003,Keonjhar,Anandpur,Panchupalli,-0.0855714285714285
7010006,Keonjhar,Anandpur,Salabani,-0.1211666666666666
7010010,Keonjhar,Anandpur,Taratara,-0.1353333333333333
7100011,Keonjhar,Banspal,Banspal,-0.4419615384615384
7100005,Keonjhar,Banspal,Baragoda,-0.4411739130434782
7100010,Keonjhar,Banspal,Bayakumutia,-0.2614666666666666
7100006,Keonjhar,Banspal,Gonasika,-0.4445
7100009,Keonjhar,Banspal,Jatra,-0.423391304347826
7100021,Keonjhar,Banspal,Kalanda,-0.4068888888888888
7100001,Keonjhar,Banspal,Karangadihi,-0.3642
7100007,Keonjhar,Banspal,Kodipasa,-0.437375
7100004,Keonjhar,Banspal,Kuanar,-0.395125
7100018,Keonjhar,Banspal,Kumundi,-0.35675
7100014,Keonjhar,Banspal,Nayakote,-0.31045
7100016,Keonjhar,Banspal,Phulajhar,-0.4150526315789474
7100003,Keonjhar,Banspal,Saharpur,-0.4283599999999999
7100013,Keonjhar,Banspal,Singhipur(A),-0.413304347826087
7100008,Keonjhar,Banspal,Suakati,-0.3018095238095238
7100019,Keonjhar,Banspal,Talachampei,-0.4647222222222222
7100015,Keonjhar,Banspal,Talakadakala,-0.44890625
7100020,Keonjhar,Banspal,Talakaisari,-0.3063571428571428
7100002,Keonjhar,Banspal,Tana,-0.465
7100012,Keonjhar,Banspal,Taramakanta,-0.43865
7100017,Keonjhar,Banspal,Upar Raigoda,-0.414
7030020,Keonjhar,Champua,Badanai,-0.3120909090909091
7030008,Keonjhar,Champua,Bhanda,-0.2858571428571428
7030003,Keonjhar,Champua,Bhuinpur,-0.2267999999999999
7030021,Keonjhar,Champua,Chandrasekharpur,-0.2425833333333333
7030018,Keonjhar,Champua,Jajapasi,-0.1148181818181818
7030002,Keonjhar,Champua,Jalli,-0.1997499999999999
7030017,Keonjhar,Champua,Jamudalaka,-0.0635833333333333
7030001,Keonjhar,Champua,Jyotipur,-0.1913
7030011,Keonjhar,Champua,Kalikaprasada,-0.1101999999999999
7030013,Keonjhar,Champua,Karanjia,-0.2290909090909091
7030007,Keonjhar,Champua,Kasipal,-0.3983333333333334
7030015,Keonjhar,Champua,Kodagadia,-0.1058888888888888
7030022,Keonjhar,Champua,Kutarposi,-0.19225
7030006,Keonjhar,Champua,Padua,-0.2895555555555555
7030019,Keonjhar,Champua,Parasala,-0.1935
7030014,Keonjhar,Champua,Rajia,-0.1593571428571428
7030016,Keonjhar,Champua,Rangamatia,-0.3146
7030010,Keonjhar,Champua,Remuli,0.0137142857142857
7030004,Keonjhar,Champua,Sadangi,-0.235
7030012,Keonjhar,Champua,Sarei,-0.2131111111111111
7030023,Keonjhar,Champua,Sonaposi,-0.084090909090909
7030005,Keonjhar,Champua,Uchabali,-0.1824444444444444
7110007,Keonjhar,Ghasipura,Alati,0.1185714285714285
7110013,Keonjhar,Ghasipura,Balarampur,0.3152307692307692
7110024,Keonjhar,Ghasipura,Baripal,-0.2511818181818182
7110003,Keonjhar,Ghasipura,Batto,-0.0822222222222222
7110016,Keonjhar,Ghasipura,Bhandaridiha,-0.2184615384615384
7110023,Keonjhar,Ghasipura,Biragobindapur,-0.198090909090909
7110009,Keonjhar,Ghasipura,Daradipal,0.0416999999999999
7110017,Keonjhar,Ghasipura,Deogaon,0.3033333333333333
7110020,Keonjhar,Ghasipura,Gadabandhagada,-0.0823076923076923
7110005,Keonjhar,Ghasipura,Ganpur,0.0858
7110012,Keonjhar,Ghasipura,Gohira,0.0762727272727272
7110001,Keonjhar,Ghasipura,Kesadurapal,0.2329999999999999
7110008,Keonjhar,Ghasipura,Khalana,0.1533333333333333
7110011,Keonjhar,Ghasipura,Khaliamenta,-0.1052142857142857
7110002,Keonjhar,Ghasipura,Machhala,0.0875999999999999
7110004,Keonjhar,Ghasipura,Madanpur,0.1167142857142857
7110021,Keonjhar,Ghasipura,Pandua,-0.2022
7110006,Keonjhar,Ghasipura,Purunabandhagoda,-0.075625
7110010,Keonjhar,Ghasipura,Radhikadeipur,-0.063076923076923
7110018,Keonjhar,Ghasipura,Ramachandrapur,0.2344444444444444
7110022,Keonjhar,Ghasipura,Sainkula,-0.0116
7110014,Keonjhar,Ghasipura,Saladei,-0.199
7110025,Keonjhar,Ghasipura,Samukanendi,-0.4867692307692308
7110019,Keonjhar,Ghasipura,Tarimula,0.3263333333333333
7110015,Keonjhar,Ghasipura,Taruan,-0.0961818181818181
7060005,Keonjhar,Ghatagaon,Badajamupasi,-0.3226666666666666
7060006,Keonjhar,Ghatagaon,Badamasinabila,-0.1918181818181818
7060010,Keonjhar,Ghatagaon,Badapichhula,-0.3583333333333333
7060027,Keonjhar,Ghatagaon,Balabhadrapur,-0.299125
7060018,Keonjhar,Ghatagaon,Balipokhari,-0.37
7060001,Keonjhar,Ghatagaon,Barhatipura,-0.164375
7060009,Keonjhar,Ghatagaon,Basantapur,-0.2674545454545454
7060016,Keonjhar,Ghatagaon,Bholabeda,-0.2791818181818182
7060007,Keonjhar,Ghatagaon,Binida,-0.5275000000000001
7060014,Keonjhar,Ghatagaon,Dhenkikote,-0.0955
7060003,Keonjhar,Ghatagaon,Gadadharpur,-0.1158888888888888
7060024,Keonjhar,Ghatagaon,Khantaghar,-0.1678888888888889
7060019,Keonjhar,Ghatagaon,Makundapurpatana,-0.2208461538461538
7060017,Keonjhar,Ghatagaon,Manoharpur,-0.3337333333333333
7060015,Keonjhar,Ghatagaon,Muktapur,-0.4547272727272727
7060022,Keonjhar,Ghatagaon,Paidapatna,-0.1472222222222222
7060011,Keonjhar,Ghatagaon,Pandapada,-0.3636
7060008,Keonjhar,Ghatagaon,Patilo,-0.3766363636363636
7060012,Keonjhar,Ghatagaon,Pipilia,-0.1991538461538461
7060021,Keonjhar,Ghatagaon,Purumunda,-0.43575
7060026,Keonjhar,Ghatagaon,Rutisila,-0.3656363636363636
7060002,Keonjhar,Ghatagaon,Samtarapur,-0.267
7060025,Keonjhar,Ghatagaon,Saraspasi,-0.3772222222222222
7060023,Keonjhar,Ghatagaon,Sunatangiri,-0.291
7060004,Keonjhar,Ghatagaon,Tara,-0.2017999999999999
7060013,Keonjhar,Ghatagaon,Toranipokhari,-0.2652666666666666
7060020,Keonjhar,Ghatagaon,Uparadiha,-0.0824999999999999
7090002,Keonjhar,Harichandanpur,Badapalaspal,-0.3395
7090023,Keonjhar,Harichandanpur,Bareigoda,-0.5101538461538462
7090017,Keonjhar,Harichandanpur,Baxibarigaon,-0.29575
7090006,Keonjhar,Harichandanpur,Bhagamunda,-0.3583684210526316
7090001,Keonjhar,Harichandanpur,Bhanrapur,-0.2894166666666667
7090024,Keonjhar,Harichandanpur,Budhakhaman,-0.5441538461538461
7090018,Keonjhar,Harichandanpur,Daitary,-0.14475
7090009,Keonjhar,Harichandanpur,Dhurudiamba,-0.3505882352941176
7090021,Keonjhar,Harichandanpur,Gounighasa,-0.586375
7090003,Keonjhar,Harichandanpur,Harichandanpur,-0.2829166666666666
7090016,Keonjhar,Harichandanpur,Hunda,-0.436076923076923
7090007,Keonjhar,Harichandanpur,Jamujodi,-0.3667857142857142
7090012,Keonjhar,Harichandanpur,Janghira,-0.4122857142857143
7090022,Keonjhar,Harichandanpur,Jiranga,-0.2622727272727272
7090015,Keonjhar,Harichandanpur,Junga,-0.4654666666666667
7090005,Keonjhar,Harichandanpur,Manoharpur,-0.2343125
7090020,Keonjhar,Harichandanpur,Pitapiti,-0.2898888888888888
7090008,Keonjhar,Harichandanpur,Pithagola,-0.4611176470588236
7090025,Keonjhar,Harichandanpur,Rasola,-0.3694615384615384
7090011,Keonjhar,Harichandanpur,Rebanapalaspal,-0.4817142857142857
7090004,Keonjhar,Harichandanpur,Sagadapata,-0.48735
7090010,Keonjhar,Harichandanpur,Sunapentha,-0.32055
7090013,Keonjhar,Harichandanpur,Tangiriapal,-0.3361052631578947
7090014,Keonjhar,Harichandanpur,Tentalaposi,-0.3868333333333333
7090019,Keonjhar,Harichandanpur,Thakurpada,-0.3187333333333333
7070030,Keonjhar,Hatadihi,Aitipur,-0.0335
7070028,Keonjhar,Hatadihi,Akarua,-0.0035
7070024,Keonjhar,Hatadihi,Ambo,0.1102222222222222
7070031,Keonjhar,Hatadihi,Anara,0.0588571428571428
7070015,Keonjhar,Hatadihi,Badarampasa,0.074875
7070020,Keonjhar,Hatadihi,Balibarei,-0.1608888888888889
7070014,Keonjhar,Hatadihi,Bancho,0.0756666666666666
7070011,Keonjhar,Hatadihi,Bangore,-0.0645714285714285
7070002,Keonjhar,Hatadihi,Danra,-0.1146666666666666
7070026,Keonjhar,Hatadihi,Dhanurjaypur,-0.1636666666666666
7070021,Keonjhar,Hatadihi,Dhenka,-0.2304444444444444
7070017,Keonjhar,Hatadihi,Gedama,-0.03725
7070018,Keonjhar,Hatadihi,Habaleswar,-0.0981249999999999
7070012,Keonjhar,Hatadihi,Hadagarh,-0.1093999999999999
7070008,Keonjhar,Hatadihi,Hatadihi,0.1838333333333333
7070029,Keonjhar,Hatadihi,Inchola,0.0151999999999999
7070009,Keonjhar,Hatadihi,Jambhira,-0.3583999999999999
7070004,Keonjhar,Hatadihi,Kalinga,0.0295714285714285
7070022,Keonjhar,Hatadihi,Kanleibalipal,-0.4058
7070019,Keonjhar,Hatadihi,Mareigaon,0.0666363636363636
7070005,Keonjhar,Hatadihi,Orali,0.247875
7070023,Keonjhar,Hatadihi,Padhiarypali,-0.1361
7070013,Keonjhar,Hatadihi,Panchugochhia,0.0279999999999999
7070007,Keonjhar,Hatadihi,Pandado,-0.1416666666666666
7070003,Keonjhar,Hatadihi,Sadanga,-0.06775
7070010,Keonjhar,Hatadihi,Sadha,-0.3157999999999999
7070001,Keonjhar,Hatadihi,Salania,-0.0394285714285714
7070016,Keonjhar,Hatadihi,Samana,-0.1238
7070006,Keonjhar,Hatadihi,Sasanga,0.0934285714285714
7070027,Keonjhar,Hatadihi,Solana,-0.09825
7070025,Keonjhar,Hatadihi,Soso,-0.2225
7120001,Keonjhar,Jhumpura,Arsala,-0.089
7120017,Keonjhar,Jhumpura,Asanapat,-0.334090909090909
7120003,Keonjhar,Jhumpura,Badadumuria,-0.24875
7120014,Keonjhar,Jhumpura,Badaneuli,-0.3113571428571428
7120010,Keonjhar,Jhumpura,Balibandha,-0.0562307692307692
7120004,Keonjhar,Jhumpura,Baria,-0.3457
7120011,Keonjhar,Jhumpura,Basantapur,-0.14175
7120015,Keonjhar,Jhumpura,Chauthia,-0.3553
7120022,Keonjhar,Jhumpura,Dhanurjayapur,-0.193
7120008,Keonjhar,Jhumpura,Gumura,-0.118375
7120021,Keonjhar,Jhumpura,Gundunia,-0.3344444444444444
7120002,Keonjhar,Jhumpura,Jhumpura,-0.1911666666666666
7120006,Keonjhar,Jhumpura,Katugaon,-0.3601538461538461
7120020,Keonjhar,Jhumpura,Khendra,0.0031111111111111
7120005,Keonjhar,Jhumpura,Khuntapada,-0.0431538461538461
7120007,Keonjhar,Jhumpura,Malada,-0.3163043478260869
7120016,Keonjhar,Jhumpura,Nahabeda,-0.21225
7120018,Keonjhar,Jhumpura,Naradpur,-0.0644166666666666
7120019,Keonjhar,Jhumpura,Nayagarh,-0.0414999999999999
7120009,Keonjhar,Jhumpura,Nischintapur,-0.3234666666666667
7120012,Keonjhar,Jhumpura,Tukudiha,-0.246
7120013,Keonjhar,Jhumpura,Ukhunda,-0.2218888888888888
7020002,Keonjhar,Joda,Anseikala,-0.1686666666666666
7020015,Keonjhar,Joda,Badakalimati,-0.1871333333333333
7020008,Keonjhar,Joda,Balada,-0.0140833333333333
7020012,Keonjhar,Joda,Balaguda,0.3537142857142857
7020013,Keonjhar,Joda,Balani,-0.029875
7027771,Keonjhar,Joda,Barbil (M),0.4084375
7020010,Keonjhar,Joda,Bhadrasahi,0.2151428571428571
7020009,Keonjhar,Joda,Bhuinaraida,0.2271111111111111
7020004,Keonjhar,Joda,Birikala,-0.0541666666666666
7020001,Keonjhar,Joda,Chamakpur,-0.2411764705882352
7020005,Keonjhar,Joda,Deojhar,0.0983846153846153
7020011,Keonjhar,Joda,Guali,-0.2142
7020006,Keonjhar,Joda,Jajanga,-0.2710666666666667
7020014,Keonjhar,Joda,Jalahari,-0.0014
7020019,Keonjhar,Joda,Jurudi,-0.105
7020003,Keonjhar,Joda,Kandara,0.0377857142857143
7020017,Keonjhar,Joda,Karakhendra,0.147235294117647
7020018,Keonjhar,Joda,Laidapada,-0.1719
7020007,Keonjhar,Joda,Palasa,-0.114
7020016,Keonjhar,Joda,Serenda,0.3815
7040006,Keonjhar,Keonjhar Sadar,Baradapal,-0.3793846153846153
7040011,Keonjhar,Keonjhar Sadar,Bauripada,-0.1694444444444444
7040009,Keonjhar,Keonjhar Sadar,Bodapalasa,-0.0491818181818181
7040001,Keonjhar,Keonjhar Sadar,Dimbo,-0.1698461538461538
7040012,Keonjhar,Keonjhar Sadar,Gobardhan,-0.0809
7040025,Keonjhar,Keonjhar Sadar,Gopinathpur,-0.2041428571428571
7040014,Keonjhar,Keonjhar Sadar,Handibhanga,-0.2844615384615384
7040024,Keonjhar,Keonjhar Sadar,Janardanpur,0.118625
7040021,Keonjhar,Keonjhar Sadar,Kandarapasi,-0.185625
7040015,Keonjhar,Keonjhar Sadar,Kanrurikala,-0.149
7040016,Keonjhar,Keonjhar Sadar,Kathabari,-0.425
7040022,Keonjhar,Keonjhar Sadar,Mahadeijoda,-0.385
7040008,Keonjhar,Keonjhar Sadar,Maidankela,-0.3251538461538462
7040004,Keonjhar,Keonjhar Sadar,Mandua,0.5073333333333333
7040003,Keonjhar,Keonjhar Sadar,Naranpur,0.0649285714285714
7040023,Keonjhar,Keonjhar Sadar,Nelung,-0.1475384615384615
7040007,Keonjhar,Keonjhar Sadar,Nuagaon,-0.2290588235294117
7040020,Keonjhar,Keonjhar Sadar,Padmapur,-0.0234999999999999
7040018,Keonjhar,Keonjhar Sadar,Palasapanga,-0.0989090909090909
7040010,Keonjhar,Keonjhar Sadar,Parajanpur,-0.3235454545454546
7040005,Keonjhar,Keonjhar Sadar,Raghunathpur,-0.2454285714285714
7040019,Keonjhar,Keonjhar Sadar,Raikala,-0.1860714285714285
7040017,Keonjhar,Keonjhar Sadar,Raisuan,0.2188
7040013,Keonjhar,Keonjhar Sadar,Sankiri,-0.3252222222222222
7040002,Keonjhar,Keonjhar Sadar,Sirisipal,0.308
7080018,Keonjhar,Patana,Badapatna,-0.2315833333333333
7080016,Keonjhar,Patana,Baunsuli,-0.224875
7080015,Keonjhar,Patana,Budhikapudi,-0.1706153846153846
7080003,Keonjhar,Patana,Chakundapal,-0.3292
7080013,Keonjhar,Patana,Chemana,-0.1665714285714285
7080012,Keonjhar,Patana,Chinamalipasi,-0.394
7080011,Keonjhar,Patana,Dumuria,-0.3884444444444444
7080005,Keonjhar,Patana,Erendei,-0.3868181818181818
7080002,Keonjhar,Patana,Jamunapasi,-0.3495
7080001,Keonjhar,Patana,Kantiapada,-0.3546363636363636
7080009,Keonjhar,Patana,Kendeipasi,-0.2263333333333333
7080017,Keonjhar,Patana,Khireitangiri,-0.1659090909090909
7080004,Keonjhar,Patana,Mirigikhoji,-0.443
7080006,Keonjhar,Patana,Murusuan,-0.3573333333333333
7080010,Keonjhar,Patana,Musakhori,-0.38175
7080019,Keonjhar,Patana,Palanaghati,-0.4065
7080007,Keonjhar,Patana,Rajanagar,-0.247
7080020,Keonjhar,Patana,Saraskela,-0.432
7080008,Keonjhar,Patana,Tangarpada,-0.3075
7080014,Keonjhar,Patana,Turumunga,-0.0738181818181818
7130013,Keonjhar,Saharpada,Badabil,-0.4329090909090908
7130001,Keonjhar,Saharpada,Baikala,-0.35175
7130017,Keonjhar,Saharpada,Dalapaka,-0.2151818181818181
7130011,Keonjhar,Saharpada,Damahuda,-0.4391
7130016,Keonjhar,Saharpada,Digipasi,-0.4264
7130020,Keonjhar,Saharpada,Gandabeda,-0.3334615384615385
7130009,Keonjhar,Saharpada,Gorasa,-0.2879
7130007,Keonjhar,Saharpada,Kapundi,-0.2364166666666666
7130015,Keonjhar,Saharpada,Khadikapada,-0.4021666666666667
7130004,Keonjhar,Saharpada,Khajarapata,-0.2389090909090909
7130003,Keonjhar,Saharpada,Khuntapada,-0.3397
7130018,Keonjhar,Saharpada,Kundala,-0.3951
7130008,Keonjhar,Saharpada,Machhagarh,-0.2976363636363636
7130005,Keonjhar,Saharpada,Malarpada,-0.1969230769230769
7130014,Keonjhar,Saharpada,Raidiha,-0.4256999999999999
7130012,Keonjhar,Saharpada,Saharpada,-0.2818571428571428
7130019,Keonjhar,Saharpada,Sankhua,-0.3765
7130010,Keonjhar,Saharpada,Silipada,-0.2305
7130006,Keonjhar,Saharpada,Tendara,-0.3658888888888889
7130002,Keonjhar,Saharpada,Udayapur,-0.2144285714285714
7050001,Keonjhar,Telkoi,Akula,-0.502090909090909
7050009,Keonjhar,Telkoi,Balabhadrapur,-0.4187058823529412
7050002,Keonjhar,Telkoi,Bhimakanda,-0.4974999999999999
7050015,Keonjhar,Telkoi,Bimala,-0.5025000000000001
7050006,Keonjhar,Telkoi,Binjabahal,-0.3655555555555556
7050010,Keonjhar,Telkoi,Chhamunda,-0.4253571428571429
7050011,Keonjhar,Telkoi,Deuladiha,-0.4235
7050022,Keonjhar,Telkoi,Dobalapal,-0.3642222222222222
7050005,Keonjhar,Telkoi,Jagamohanpur,-0.3366666666666666
7050007,Keonjhar,Telkoi,Kaliahata,-0.4264705882352941
7050016,Keonjhar,Telkoi,Karadangi,-0.4882727272727272
7050018,Keonjhar,Telkoi,Karamangi,-0.4129375
7050012,Keonjhar,Telkoi,Khuntapada,-0.4335333333333333
7050014,Keonjhar,Telkoi,Oria(Birida),-0.2643888888888888
7050021,Keonjhar,Telkoi,Padanga,-0.4461333333333333
7050008,Keonjhar,Telkoi,Purujoda,-0.514
7050019,Keonjhar,Telkoi,Raisuan,-0.423
7050017,Keonjhar,Telkoi,Saleikana,-0.3336
7050004,Keonjhar,Telkoi,Sibanarayanpurgada,-0.2704166666666667
7050020,Keonjhar,Telkoi,Sirigida,-0.3974545454545454
7050003,Keonjhar,Telkoi,Talapada,-0.4897857142857143
7050013,Keonjhar,Telkoi,Telkoi,-0.172
20080011,Khurda,Balianta,Balianta,0.5431111111111111
20080013,Khurda,Balianta,Bentapur,0.1943333333333333
20080008,Khurda,Balianta,Benupur,0.25925
20080010,Khurda,Balianta,Bhain Chuan,0.6374285714285713
20080009,Khurda,Balianta,Bhingarpur,0.3195
20080012,Khurda,Balianta,Jaganathpur,0.2469999999999999
20080014,Khurda,Balianta,Jayadev,0.0414285714285714
20080003,Khurda,Balianta,Jhinti Sasan,0.0534999999999999
20080005,Khurda,Balianta,Kakarudrapur,0.06475
20080004,Khurda,Balianta,Prataprudrapur,-0.024125
20080006,Khurda,Balianta,Pratapsasan,0.7470000000000001
20080016,Khurda,Balianta,Purohitpur,0.0956249999999999
20080002,Khurda,Balianta,Puruna Padhan,0.1303333333333333
20080001,Khurda,Balianta,Sarakana,0.189125
20080007,Khurda,Balianta,Satyabhamapur,0.5983333333333333
20080015,Khurda,Balianta,Umadei Berhumpur,0.5485
20090017,Khurda,Balipatana,Alisa Sasan,-0.2678
20090014,Khurda,Balipatana,Amanakuda,-0.0474999999999999
20090016,Khurda,Balipatana,Athantara,0.1558
20090008,Khurda,Balipatana,Bhakar Sahi,0.059625
20090004,Khurda,Balipatana,Bhapur,0.18625
20090005,Khurda,Balipatana,Deulidharpur,-0.0505555555555555
20090010,Khurda,Balipatana,Garedi Panchan,0.0761666666666666
20090012,Khurda,Balipatana,Guapur,0.0475714285714285
20090003,Khurda,Balipatana,Kurunjipur,-0.0767272727272727
20090007,Khurda,Balipatana,Majhihara,0.2171666666666666
20090013,Khurda,Balipatana,Marthapur,0.0272857142857142
20090015,Khurda,Balipatana,Mukundadaspur,0.0407999999999999
20090011,Khurda,Balipatana,Nariso,-0.0155555555555555
20090009,Khurda,Balipatana,Pampalo,-0.0909
20090002,Khurda,Balipatana,Rajas,-0.1926666666666666
20090001,Khurda,Balipatana,Somana Sasan,0.1688333333333333
20090006,Khurda,Balipatana,Turintira,-0.0532222222222222
20010015,Khurda,Banapur,Ayatapur,-0.1968571428571428
20010016,Khurda,Banapur,Bhabanipur,-0.0478749999999999
20010008,Khurda,Banapur,Bhateswar,-0.1545714285714285
20010013,Khurda,Banapur,Bisundihi,0.3455
20010012,Khurda,Banapur,Damiabarabara,-0.3201333333333333
20010009,Khurda,Banapur,Deogaon,-0.0909999999999999
20010002,Khurda,Banapur,Galua,-0.0028999999999999
20010011,Khurda,Banapur,Gambharimunda,-0.0057142857142857
20010003,Khurda,Banapur,Kulei,-0.11075
20010001,Khurda,Banapur,Kumaranga Sasana,0.0836666666666666
20010014,Khurda,Banapur,Moramori,-0.1007142857142857
20010004,Khurda,Banapur,Nachuni,0.0177692307692307
20010005,Khurda,Banapur,Nandapur,0.4469999999999999
20010006,Khurda,Banapur,Narendrapur,-0.0825555555555555
20010010,Khurda,Banapur,Niladriprasad,-0.42885
20010017,Khurda,Banapur,Torasingh,-0.0395555555555555
20010007,Khurda,Banapur,Tumuraputsasan,-0.2246999999999999
20040014,Khurda,Begunia,Badaberena,-0.1168333333333333
20040013,Khurda,Begunia,Baghamari,-0.1101111111111111
20040007,Khurda,Begunia,Begunia,0.0232
20040002,Khurda,Begunia,Botalama,-0.25725
20040005,Khurda,Begunia,Deuli,-0.2459230769230769
20040008,Khurda,Begunia,Dingar,-0.2238888888888889
20040006,Khurda,Begunia,Durgapur,-0.0865999999999999
20040016,Khurda,Begunia,Govindapur(Parichhal),-0.0819999999999999
20040003,Khurda,Begunia,Haja,-0.195375
20040021,Khurda,Begunia,Hirapur,-0.2065
20040010,Khurda,Begunia,Kantabad,-0.3311
20040012,Khurda,Begunia,Kunjuri,-0.1689166666666666
20040004,Khurda,Begunia,Manitri,-0.18
20040009,Khurda,Begunia,Pangarsingh,-0.2783076923076923
20040011,Khurda,Begunia,Podadihi,-0.2067692307692307
20040017,Khurda,Begunia,Radhakantapur,-0.0079999999999999
20040018,Khurda,Begunia,Routapada,-0.2169090909090909
20040015,Khurda,Begunia,Sagadabhanga,-0.2562857142857143
20040019,Khurda,Begunia,Sarua,-0.046375
20040001,Khurda,Begunia,Siko,-0.273
20040020,Khurda,Begunia,Simar,-0.0904285714285714
20020007,Khurda,Bhubaneswar,Andharua,0.3496363636363636
20020013,Khurda,Bhubaneswar,Barimunda,0.7495714285714286
20020002,Khurda,Bhubaneswar,Basuaghai,1.0505
20020011,Khurda,Bhubaneswar,Chandaka,0.2048571428571428
20020010,Khurda,Bhubaneswar,Dadha,0.3711428571428571
20020012,Khurda,Bhubaneswar,Daruthenga,0.2271875
20020016,Khurda,Bhubaneswar,Dhauli,0.5066666666666667
20020015,Khurda,Bhubaneswar,Itipur,0.5215
20020008,Khurda,Bhubaneswar,Kalarahanga,0.7613333333333333
20020009,Khurda,Bhubaneswar,Kalyanapur,0.5434285714285714
20020019,Khurda,Bhubaneswar,Kantabad,-0.0532
20020020,Khurda,Bhubaneswar,Lingipur,0.8820000000000001
20020004,Khurda,Bhubaneswar,Malipada,0.5615
20020006,Khurda,Bhubaneswar,Mendhasal,-0.0215833333333333
20020017,Khurda,Bhubaneswar,Nanput,0.2511428571428571
20020018,Khurda,Bhubaneswar,Raghunathpur,0.8065000000000001
20020003,Khurda,Bhubaneswar,Ranasinghpur,0.8138
20020001,Khurda,Bhubaneswar,Sisupalgarh,0.956
20020005,Khurda,Bhubaneswar,Tamando,0.8891666666666667
20020014,Khurda,Bhubaneswar,Tikirapada,-0.1254285714285714
20050012,Khurda,Bolagarh,Arikama,-0.3061428571428571
20050010,Khurda,Bolagarh,Asaraladesh,0.0494
20050008,Khurda,Bolagarh,Bada Kumari,-0.1889090909090909
20050009,Khurda,Bolagarh,Bankoidesh,-0.1854444444444444
20050007,Khurda,Bolagarh,Bolagarh,-0.1724166666666666
20050004,Khurda,Bolagarh,Dabardhua Patana,-0.1322222222222222
20050005,Khurda,Bolagarh,Dalaisahi,0.1491666666666666
20050018,Khurda,Bolagarh,Dhola Pathar,-0.185
20050006,Khurda,Bolagarh,Fasioda,0.0698571428571428
20050002,Khurda,Bolagarh,Gada Kadaba,-0.19125
20050011,Khurda,Bolagarh,Gediapalli,-0.244375
20050001,Khurda,Bolagarh,Gopalpur,-0.27975
20050015,Khurda,Bolagarh,Kalanga,-0.1051428571428571
20050014,Khurda,Bolagarh,Khanguria,-0.3019
20050017,Khurda,Bolagarh,Manibandha,-0.1381538461538461
20050019,Khurda,Bolagarh,Patapursasan,-0.344
20050003,Khurda,Bolagarh,Pichukuli,-0.0804999999999999
20050013,Khurda,Bolagarh,Sagargaon,-0.4470769230769231
20050016,Khurda,Bolagarh,Sanapadar,-0.12325
20100009,Khurda,Chilika,Ankula,-0.0160625
20100016,Khurda,Chilika,Atharbatia,0.4629999999999999
20100001,Khurda,Chilika,Badakul,0.054
20100012,Khurda,Chilika,Baulabandha,0.1296
20100006,Khurda,Chilika,Biribadi,0.2837142857142857
20100005,Khurda,Chilika,Chandeswar,0.005
20100015,Khurda,Chilika,Dungamal,0.134625
20100007,Khurda,Chilika,Haripur,0.2595555555555555
20100011,Khurda,Chilika,Hatabaradiha,0.1556
20100004,Khurda,Chilika,Jaripada,0.0722
20100013,Khurda,Chilika,Kulakuleswar,0.1163333333333333
20100014,Khurda,Chilika,Kumandal Patana,0.002
20100017,Khurda,Chilika,Mansinghpur,-0.0156
20100010,Khurda,Chilika,Nimikheta,0.1222222222222222
20100003,Khurda,Chilika,Sananairi,0.2055
20100002,Khurda,Chilika,Singheswar,0.4247142857142857
20100008,Khurda,Chilika,Sorana,0.0037999999999999
20060009,Khurda,Jatani,Angarpada,-0.1265714285714285
20060001,Khurda,Jatani,Bena Panjari,0.1768888888888888
20060005,Khurda,Jatani,Chhanaghar,0.3095454545454545
20060011,Khurda,Jatani,Chhatabar,0.1948461538461538
20060010,Khurda,Jatani,Gangapada,0.190625
20060002,Khurda,Jatani,Haripur,0.2709999999999999
20060007,Khurda,Jatani,Jamukoli,-0.1422222222222222
20060008,Khurda,Jatani,Janla,0.5123
20060004,Khurda,Jatani,Kantia,0.2167777777777778
20060012,Khurda,Jatani,Madanapur,0.6408
20060003,Khurda,Jatani,Padanapur,0.34675
20060006,Khurda,Jatani,Padhansahi,-0.0113333333333333
20060013,Khurda,Jatani,Panchupalli,0.054
20060014,Khurda,Jatani,Taraboi,0.385375
20060015,Khurda,Jatani,Tirimal,0.0186666666666666
20030006,Khurda,Khurda,Bajapur,0.348375
20030018,Khurda,Khurda,Bangida,-0.1089999999999999
20030022,Khurda,Khurda,Barasahi,-0.0246666666666666
20030002,Khurda,Khurda,Brajamohanpur,-0.1696666666666666
20030015,Khurda,Khurda,Dhaulimunha,0.28625
20030013,Khurda,Khurda,Garh Haladia,-0.0924
20030016,Khurda,Khurda,Godipada,0.13525
20030004,Khurda,Khurda,Golabaisasan,-0.0841666666666666
20030017,Khurda,Khurda,Jankia,0.3015
20030008,Khurda,Khurda,Kaipadar,0.0432222222222222
20030003,Khurda,Khurda,Kanapur,0.0798181818181818
20030012,Khurda,Khurda,Keranga,-0.0686
20030020,Khurda,Khurda,Kuradhamal,0.3793333333333333
20030011,Khurda,Khurda,Malipur,0.0032222222222222
20030009,Khurda,Khurda,Nalipada Arjunapur,0.2264
20030021,Khurda,Khurda,Nandapur,0.34975
20030001,Khurda,Khurda,Naranagarh,-0.1854444444444444
20030005,Khurda,Khurda,Nijagarh Tapanga,0.2722
20030014,Khurda,Khurda,Orabar Singh,-0.3192857142857143
20030007,Khurda,Khurda,Pollatotapada,0.2826363636363636
20030019,Khurda,Khurda,Pubusahi,0.1298571428571428
20030010,Khurda,Khurda,Tangiapada,0.2321
20070020,Khurda,Tangi,Achutapur,0.046
20070011,Khurda,Tangi,Bada Pokharia,0.0803333333333333
20070007,Khurda,Tangi,Badapari,0.0479
20070016,Khurda,Tangi,Balipatapur,-0.2027857142857143
20070003,Khurda,Tangi,Bhusandapur,-0.2025
20070014,Khurda,Tangi,Chhanagiri,0.0129
20070025,Khurda,Tangi,Dia,-0.1226666666666666
20070015,Khurda,Tangi,Kamaguru,-0.0632727272727272
20070002,Khurda,Tangi,Kantalbai,0.2048
20070001,Khurda,Tangi,Kuhudi,0.209625
20070008,Khurda,Tangi,Kunjuri,-0.096875
20070018,Khurda,Tangi,"Lendo,H.Q.-Lalitapatpur",-0.1638333333333333
20070021,Khurda,Tangi,Mangalajodi,-0.0365714285714285
20070009,Khurda,Tangi,Nirakarpur,-0.1613636363636363
20070005,Khurda,Tangi,Nuagarh,0.1177999999999999
20070010,Khurda,Tangi,Olasingh,0.0204
20070017,Khurda,Tangi,Pariorada,-0.009
20070022,Khurda,Tangi,Ramchandrapur,-0.1279999999999999
20070013,Khurda,Tangi,Rameswar,0.203
20070019,Khurda,Tangi,Ratanpur,0.2064
20070024,Khurda,Tangi,Sana Rautapada,0.11125
20070012,Khurda,Tangi,Sarapari,0.0785714285714285
20070004,Khurda,Tangi,Sundarpur,0.04425
20070006,Khurda,Tangi,Tangi,0.164
20070026,Khurda,Tangi,Tankola,-0.2631666666666666
20070023,Khurda,Tangi,Ujalagopinathpur,0.17825
8110002,Koraput,Bandhugaon,Almunda,-0.4137333333333333
8110013,Koraput,Bandhugaon,Badasurupali,-0.256
8110005,Koraput,Bandhugaon,Bandhugaon,-0.0603
8110009,Koraput,Bandhugaon,Garedi,-0.3900714285714285
8110007,Koraput,Bandhugaon,Jaguguda,-0.3267647058823529
8110001,Koraput,Bandhugaon,Kabiribadi,-0.5083636363636365
8110011,Koraput,Bandhugaon,Kamuganda,-0.5201666666666667
8110006,Koraput,Bandhugaon,Kanagaon,-0.2124444444444444
8110003,Koraput,Bandhugaon,Kapalada,-0.4029444444444444
8110012,Koraput,Bandhugaon,Katarabeda,-0.2745
8110008,Koraput,Bandhugaon,Kumbhariput,-0.2198333333333333
8110004,Koraput,Bandhugaon,Nilabadi,-0.0078571428571428
8110010,Koraput,Bandhugaon,Pedawalda,-0.4232307692307692
8120010,Koraput,Boipariguda,Baligan,-0.4933529411764706
8120003,Koraput,Boipariguda,Bodaput,-0.4705652173913043
8120005,Koraput,Boipariguda,Boipariguda,-0.3277333333333334
8120007,Koraput,Boipariguda,Chandrapada,-0.3364166666666666
8120017,Koraput,Boipariguda,Cherka,-0.432
8120011,Koraput,Boipariguda,Chipakhur,-0.4294782608695652
8120014,Koraput,Boipariguda,Dandabadi,-0.3691
8120002,Koraput,Boipariguda,Dasamantapur,-0.4884736842105263
8120008,Koraput,Boipariguda,Doraguda,-0.3710769230769231
8120012,Koraput,Boipariguda,Haladikund(Gupteswar),-0.4602727272727273
8120009,Koraput,Boipariguda,Kenduguda,-0.3342777777777778
8120004,Koraput,Boipariguda,Kolara,-0.4720869565217391
8120015,Koraput,Boipariguda,Kothapada,-0.4157777777777778
8120006,Koraput,Boipariguda,Mahuli,-0.3065625
8120001,Koraput,Boipariguda,Majhiguda,-0.4165
8120019,Koraput,Boipariguda,Mathapada,-0.4551538461538461
8120020,Koraput,Boipariguda,Pendapada,-0.3457272727272727
8120018,Koraput,Boipariguda,Pujariguda,-0.2772307692307692
8120013,Koraput,Boipariguda,Ramagiri,-0.3711764705882353
8120016,Koraput,Boipariguda,Tentuliguma,-0.4140714285714285
8010004,Koraput,Borigumma,Anchala,-0.4077777777777778
8010010,Koraput,Borigumma,Aunli,-0.2496153846153846
8010025,Koraput,Borigumma,B.Singpur,-0.3416666666666667
8010016,Koraput,Borigumma,Badigaon,-0.4722142857142857
8010031,Koraput,Borigumma,Bandiguda,-0.4774545454545454
8010027,Koraput,Borigumma,Benagaon,-0.2263333333333333
8010024,Koraput,Borigumma,Benasur,-0.5102
8010001,Koraput,Borigumma,Bijapur,-0.4161818181818181
8010002,Koraput,Borigumma,Boriguma,-0.1952222222222222
8010029,Koraput,Borigumma,Champapadara,-0.443076923076923
8010009,Koraput,Borigumma,Dengapadara,-0.3195
8010026,Koraput,Borigumma,Gujuniguda,-0.3582222222222222
8010020,Koraput,Borigumma,Gumuda,-0.3152222222222222
8010013,Koraput,Borigumma,Hardoli,-0.4578461538461538
8010030,Koraput,Borigumma,Haridaguda,-0.5333333333333333
8010011,Koraput,Borigumma,Jujari,-0.2769166666666666
8010015,Koraput,Borigumma,Kamata,-0.3978888888888889
8010012,Koraput,Borigumma,Kamra,-0.3753333333333333
8010005,Koraput,Borigumma,Kanagaon,-0.382
8010019,Koraput,Borigumma,Katharagada,-0.3557272727272727
8010018,Koraput,Borigumma,Kumuli,-0.3575
8010007,Koraput,Borigumma,Malada,-0.3803846153846154
8010017,Koraput,Borigumma,Munja,-0.349
8010021,Koraput,Borigumma,Narigaon,-0.3585555555555555
8010022,Koraput,Borigumma,Nuagaon,-0.4374444444444444
8010014,Koraput,Borigumma,Pandasguda,-0.4236
8010028,Koraput,Borigumma,Ranaspuri,-0.37755
8010008,Koraput,Borigumma,Sanaparia,-0.2739230769230769
8010003,Koraput,Borigumma,Saragiguda,-0.3287692307692307
8010006,Koraput,Borigumma,Sasahandi,-0.3259333333333333
8010023,Koraput,Borigumma,Simalaguda,-0.4039999999999999
8080015,Koraput,Dasamantapur,Chanabada,-0.3962727272727273
8080012,Koraput,Dasamantapur,Chikamba,-0.3791111111111111
8080014,Koraput,Dasamantapur,Dasamantapur,-0.3642380952380952
8080009,Koraput,Dasamantapur,Duarsuni,-0.4055714285714285
8080011,Koraput,Dasamantapur,Dumbaguda,-0.3864666666666666
8080003,Koraput,Dasamantapur,Gadiaguda,-0.39675
8080010,Koraput,Dasamantapur,Giriliguma,-0.48724
8080007,Koraput,Dasamantapur,Lula,-0.4919565217391304
8080004,Koraput,Dasamantapur,Malkangiri,-0.4649523809523809
8080001,Koraput,Dasamantapur,Mujanga,-0.2384285714285714
8080013,Koraput,Dasamantapur,Murkar,-0.4381904761904762
8080006,Koraput,Dasamantapur,Nandigam,-0.4919411764705882
8080005,Koraput,Dasamantapur,Paikphulbeda,-0.4784117647058823
8080016,Koraput,Dasamantapur,Parajabedapadar,-0.5554
8080008,Koraput,Dasamantapur,Pindapadara,-0.4426521739130434
8080002,Koraput,Dasamantapur,Podagada,-0.25992
8020021,Koraput,Jeypore,Ambaguda,0.2178571428571428
8020005,Koraput,Jeypore,Ananta,-0.0843571428571428
8020020,Koraput,Jeypore,Badajina,-0.3275
8020002,Koraput,Jeypore,Balia,-0.0744545454545454
8020004,Koraput,Jeypore,Bareniput,-0.0780555555555555
8020001,Koraput,Jeypore,Dangarchhinchi,-0.1256666666666666
8020008,Koraput,Jeypore,Dhanapur,-0.152
8020022,Koraput,Jeypore,Ekamba,0.2155555555555555
8020018,Koraput,Jeypore,Gadapadar,-0.1997
8020009,Koraput,Jeypore,Hadia,-0.1494444444444444
8020011,Koraput,Jeypore,Jamunda,-0.4048999999999999
8020012,Koraput,Jeypore,Jayantagiri,-0.1349
8020007,Koraput,Jeypore,Kaliagaon,-0.1803
8020010,Koraput,Jeypore,Kanga,-0.4155333333333333
8020019,Koraput,Jeypore,Kebidi,-0.2543888888888889
8020015,Koraput,Jeypore,Kumuliput,0.00775
8020006,Koraput,Jeypore,Phampuni,-0.1738333333333333
8020013,Koraput,Jeypore,Pujariput,-0.1975
8020016,Koraput,Jeypore,Randapali,0.0168333333333333
8020014,Koraput,Jeypore,Raniguda,-0.143125
8020003,Koraput,Jeypore,Tankua,-0.0555454545454545
8020017,Koraput,Jeypore,Umuri,0.2735714285714286
8037771,Koraput,Koraput,Damanjodi (NAC),0.0692
8030001,Koraput,Koraput,Deoghati,0.0218999999999999
8030007,Koraput,Koraput,Dumuripadara,-0.3126
8030011,Koraput,Koraput,Kendar,-0.347625
8030000,Koraput,Koraput,Kerenga,-0.1485384615384615
8030003,Koraput,Koraput,Lankaput,-0.5567058823529412
8030008,Koraput,Koraput,Litiguda,-0.1448666666666666
8030010,Koraput,Koraput,Mahadeiput,-0.3664117647058824
8030012,Koraput,Koraput,Manabar,-0.0409230769230769
8030013,Koraput,Koraput,Marichamala,-0.2198181818181818
8030009,Koraput,Koraput,Mastiput,-0.3229499999999999
8030006,Koraput,Koraput,Mathalput,-0.066375
8030005,Koraput,Koraput,Padmapur,-0.0652631578947368
8030004,Koraput,Koraput,Suku,-0.5699444444444445
8030002,Koraput,Koraput,Umuri,-0.0744166666666666
8040002,Koraput,Kotpad,Banasuli,-0.1856
8040007,Koraput,Kotpad,Batasana,-0.2145625
8040004,Koraput,Kotpad,Bobia,-0.198
8040011,Koraput,Kotpad,Chandili,-0.0818
8040013,Koraput,Kotpad,Chatarala,-0.3393333333333333
8040006,Koraput,Kotpad,Chitra,-0.3565
8040010,Koraput,Kotpad,Dhamanahandi,-0.1489166666666666
8040008,Koraput,Kotpad,Ghumargaon,-0.1447058823529412
8040009,Koraput,Kotpad,Girila,-0.228125
8040016,Koraput,Kotpad,Guali,-0.377
8040015,Koraput,Kotpad,Gumuda,-0.4046666666666667
8040005,Koraput,Kotpad,Kusumi,-0.3248571428571428
8040001,Koraput,Kotpad,Murtahandi,-0.2263571428571428
8040003,Koraput,Kotpad,Nuagaon,-0.1741333333333333
8040012,Koraput,Kotpad,Sadaranga,-0.2982
8040014,Koraput,Kotpad,Sargiguda,-0.167125
8040017,Koraput,Kotpad,Sutipadar,-0.2252
8130008,Koraput,Kundura,Asana,-0.4407857142857143
8130009,Koraput,Kundura,Bagderi,-0.3038
8130004,Koraput,Kundura,Banuaguda,-0.2965333333333333
8130010,Koraput,Kundura,Bhusangguda,-0.2742
8130006,Koraput,Kundura,Dangarpaunsi,-0.2863
8130002,Koraput,Kundura,Digapur,-0.160125
8130001,Koraput,Kundura,Ghumar,-0.3134666666666666
8130016,Koraput,Kundura,Gundala,-0.2612222222222222
8130011,Koraput,Kundura,Kerimiti,-0.4354782608695652
8130007,Koraput,Kundura,Kundura,-0.2422666666666666
8130005,Koraput,Kundura,Lima,-0.286625
8130003,Koraput,Kundura,Masigaon,-0.2813846153846154
8130015,Koraput,Kundura,Pakhanaguda,-0.3238
8130013,Koraput,Kundura,Phulabhata,-0.4255833333333333
8130014,Koraput,Kundura,Phuphugaon,-0.2725555555555555
8130012,Koraput,Kundura,Raniguda,-0.1471818181818182
8050004,Koraput,Lamtaput,Ankadeli,-0.2214615384615384
8050005,Koraput,Lamtaput,Badigada,-0.244875
8050001,Koraput,Lamtaput,Balel,-0.4916666666666666
8050010,Koraput,Lamtaput,Banamaliput,-0.3744666666666666
8050014,Koraput,Lamtaput,Chikiniput,-0.3087333333333333
8050012,Koraput,Lamtaput,Dabuguda,-0.4138888888888889
8050002,Koraput,Lamtaput,Godihanjar,-0.2947647058823529
8050003,Koraput,Lamtaput,Guneipada,-0.329
8050006,Koraput,Lamtaput,Jalahanjar,-0.4353125
8050011,Koraput,Lamtaput,Kumaragandhana,-0.5005499999999999
8050007,Koraput,Lamtaput,Lamataput,-0.3332
8050013,Koraput,Lamtaput,Peta,-0.3440833333333333
8050009,Koraput,Lamtaput,Tikarpada,-0.4039999999999999
8050008,Koraput,Lamtaput,Tusuba,-0.3353684210526316
8050015,Koraput,Lamtaput,Umbel,-0.3945384615384615
8090001,Koraput,Laxmipur,Bhitaragada,-0.2735294117647059
8090011,Koraput,Laxmipur,Buruja,-0.3474545454545454
8090002,Koraput,Laxmipur,Goudaguda,-0.2173846153846154
8090004,Koraput,Laxmipur,Kakiriguma,-0.2028
8090005,Koraput,Laxmipur,Kusumguda,-0.3517142857142857
8090012,Koraput,Laxmipur,Laxmipur,-0.2764166666666667
8090008,Koraput,Laxmipur,Odiapentha,-0.5571428571428572
8090003,Koraput,Laxmipur,Panchada,-0.3185789473684211
8090009,Koraput,Laxmipur,Pipalapadara,-0.5045909090909091
8090006,Koraput,Laxmipur,Toyaput,-0.41375
8090013,Koraput,Laxmipur,Tunpar,-0.396
8090007,Koraput,Laxmipur,Uperachampi,-0.4191428571428571
8090010,Koraput,Laxmipur,Uperakutinga,-0.5180769230769231
8100011,Koraput,Nandapur,Atanda,-0.4600588235294117
8100012,Koraput,Nandapur,Badel,-0.3900625
8100009,Koraput,Nandapur,Balda,-0.4483
8100010,Koraput,Nandapur,Bheja,-0.2438181818181818
8100013,Koraput,Nandapur,Bilaput,-0.4242105263157895
8100004,Koraput,Nandapur,Chatua,-0.3365714285714286
8100005,Koraput,Nandapur,Goluru,-0.4666470588235294
8100003,Koraput,Nandapur,Hatibari,-0.3378571428571429
8100017,Koraput,Nandapur,Hikimput,-0.3343333333333333
8100019,Koraput,Nandapur,Kasandhi,-0.3691538461538461
8100020,Koraput,Nandapur,Khemunduguda,-0.5409999999999999
8100023,Koraput,Nandapur,Khinibar,-0.4486
8100015,Koraput,Nandapur,Khuruji,-0.43665
8100001,Koraput,Nandapur,Kulabir,-0.3976363636363636
8100007,Koraput,Nandapur,Kularsing,-0.4189473684210526
8100016,Koraput,Nandapur,Malibelagaon,-0.3200625
8100022,Koraput,Nandapur,Nandaka,-0.4312666666666666
8100018,Koraput,Nandapur,Nandapur,-0.3057999999999999
8100002,Koraput,Nandapur,Padua,-0.1994166666666666
8100006,Koraput,Nandapur,Panthalung,-0.3723571428571429
8100021,Koraput,Nandapur,Parajabadapada,-0.424875
8100014,Koraput,Nandapur,Raising,-0.3033076923076923
8100008,Koraput,Nandapur,Tudukuthuba (Thuba),-0.3514545454545454
8070005,Koraput,Narayanapatna,Balipeta,-0.4818333333333333
8070009,Koraput,Narayanapatna,Bijaghati,-0.357
8070002,Koraput,Narayanapatna,Borigi,-0.4731666666666666
8070007,Koraput,Narayanapatna,Kumbhari,-0.3225833333333333
8070008,Koraput,Narayanapatna,Langalbeda,-0.4231363636363636
8070006,Koraput,Narayanapatna,Narayanapatna,-0.305
8070003,Koraput,Narayanapatna,Podapadara,-0.4580833333333333
8070001,Koraput,Narayanapatna,Talagumandi,-0.3107272727272727
8070004,Koraput,Narayanapatna,Tentulipadar,-0.3828333333333333
8060002,Koraput,Potangi,Ampabali,-0.3894615384615384
8060005,Koraput,Potangi,Chandaka,-0.3642
8060014,Koraput,Potangi,Deopatangi,-0.5387777777777778
8060010,Koraput,Potangi,Gangrajpur,-0.3436153846153846
8060012,Koraput,Potangi,Kotia,-0.3277
8060011,Koraput,Potangi,Maliput,-0.4115833333333333
8060013,Koraput,Potangi,Nuagaon,-0.4261111111111111
8060003,Koraput,Potangi,Peturu,-0.433
8060009,Koraput,Potangi,Potangi,-0.3153846153846154
8060006,Koraput,Potangi,Pukali,-0.4640769230769231
8060008,Koraput,Potangi,Ralegada,-0.3556666666666667
8060004,Koraput,Potangi,Sambai,-0.3497142857142857
8060007,Koraput,Potangi,Sunki,-0.4074285714285715
8060001,Koraput,Potangi,Talagoluru,-0.4585
8140016,Koraput,Semiliguda,Charanguli,0.1395384615384615
8140008,Koraput,Semiliguda,Daleiguda(Ranikona),-0.1434666666666667
8140012,Koraput,Semiliguda,Dudhari,-0.3419999999999999
8140006,Koraput,Semiliguda,Gunthaput,-0.4285625
8140004,Koraput,Semiliguda,Hataguda,-0.5416153846153846
8140011,Koraput,Semiliguda,Khudi,-0.3355
8140005,Koraput,Semiliguda,Kunduli,-0.2959166666666666
8140010,Koraput,Semiliguda,Pakujhola,-0.204625
8140003,Koraput,Semiliguda,Paraja-Muthai,-0.5906363636363636
8140015,Koraput,Semiliguda,Pitaguda,-0.315
8140017,Koraput,Semiliguda,Rajpalama,-0.1324444444444444
8140009,Koraput,Semiliguda,Rajput,-0.3162857142857143
8140002,Koraput,Semiliguda,Renga,-0.5490833333333333
8140001,Koraput,Semiliguda,Sadam,-0.4536363636363636
8140014,Koraput,Semiliguda,Sorispadar,-0.3429090909090909
8140007,Koraput,Semiliguda,Subai,-0.395375
8140013,Koraput,Semiliguda,Uparkanti,-0.3058
25030005,Malkanagiri,Chitrakonda,Andarapalli,-0.4348333333333333
25030011,Malkanagiri,Chitrakonda,Badapada,-0.4279285714285714
25030001,Malkanagiri,Chitrakonda,Badapadara,-0.5179999999999999
25030015,Malkanagiri,Chitrakonda,Chitrakonda,-0.2707272727272727
25030012,Malkanagiri,Chitrakonda,Dhuliput,-0.50375
25030016,Malkanagiri,Chitrakonda,Doraguda,-0.3174545454545454
25030013,Malkanagiri,Chitrakonda,Gajalmamudi,-0.46245
25030018,Malkanagiri,Chitrakonda,Guntawada,-0.3225625
25030014,Malkanagiri,Chitrakonda,Jantri,-0.41675
25030004,Malkanagiri,Chitrakonda,Jodamba,-0.4686499999999999
25030017,Malkanagiri,Chitrakonda,Kapatuti,-0.4277499999999999
25030022,Malkanagiri,Chitrakonda,Kurmanur,-0.4096666666666666
25030019,Malkanagiri,Chitrakonda,Nuaguda,-0.3688888888888889
25030006,Malkanagiri,Chitrakonda,Panasput,-0.4282105263157894
25030003,Malkanagiri,Chitrakonda,Paparamenta,-0.4954705882352941
25030021,Malkanagiri,Chitrakonda,Papuluru,-0.4340666666666666
25030002,Malkanagiri,Chitrakonda,Ralaguda,-0.4042
25030020,Malkanagiri,Chitrakonda,Tunnelcamp,-0.3656666666666666
25040027,Malkanagiri,Kalimela,Badali,-0.2396875
25040012,Malkanagiri,Kalimela,Begingiwada,-0.2949411764705882
25040022,Malkanagiri,Kalimela,Bhubanpalli,-0.4059047619047619
25040017,Malkanagiri,Kalimela,Bodigetta,-0.3350666666666667
25040020,Malkanagiri,Kalimela,Chintalwada,-0.3139375
25040009,Malkanagiri,Kalimela,Chitrangpalli,-0.3481818181818182
25040011,Malkanagiri,Kalimela,Gamphakonda,-0.2596111111111111
25040019,Malkanagiri,Kalimela,Gumuka,-0.252125
25040007,Malkanagiri,Kalimela,Kalimela,-0.1304615384615384
25040010,Malkanagiri,Kalimela,Kangurukonda,-0.2094615384615384
25040018,Malkanagiri,Kalimela,Koimetla,-0.2885833333333333
25040014,Malkanagiri,Kalimela,Lugel,-0.5046666666666666
25040002,Malkanagiri,Kalimela,Maharajpalli,-0.5144
25040001,Malkanagiri,Kalimela,Malavaram,-0.346090909090909
25040023,Malkanagiri,Kalimela,Mandapali,-0.1471052631578947
25040003,Malkanagiri,Kalimela,Manyamkonda,-0.348
25040026,Malkanagiri,Kalimela,Motu,0.08
25040004,Malkanagiri,Kalimela,Nalagunty,-0.3120769230769231
25040025,Malkanagiri,Kalimela,Pasuguda,-0.3922777777777778
25040024,Malkanagiri,Kalimela,Tandabai,-0.4368947368421053
25040006,Malkanagiri,Kalimela,Telrai,-0.3366
25040015,Malkanagiri,Kalimela,Tigol,-0.3932777777777778
25040008,Malkanagiri,Kalimela,Venkatpalam,-0.2808571428571428
25060005,Malkanagiri,Khairput,Andarahal,-0.3785
25060006,Malkanagiri,Khairput,Badadural,-0.427
25060008,Malkanagiri,Khairput,Govindapali,-0.2881578947368421
25060007,Malkanagiri,Khairput,Kadamguda,-0.3988125
25060003,Malkanagiri,Khairput,Khairput,-0.1327692307692307
25060010,Malkanagiri,Khairput,Kudumulugumma,-0.2231538461538461
25060009,Malkanagiri,Khairput,Madkapadar,-0.4490625
25060004,Malkanagiri,Khairput,Mudulipada,-0.3838125
25060011,Malkanagiri,Khairput,Parkanmala,-0.2487777777777777
25060002,Malkanagiri,Khairput,Podaghat,-0.2076
25060001,Malkanagiri,Khairput,Rahasabeda,-0.21295
25070019,Malkanagiri,Korkunda,Chimantapali,-0.2316923076923077
25070020,Malkanagiri,Korkunda,Chitapari-Iii,-0.163875
25070021,Malkanagiri,Korkunda,Dudimeta,-0.1591538461538461
25070008,Malkanagiri,Korkunda,Kamawada,-0.2330833333333333
25070007,Malkanagiri,Korkunda,Korkunda,-0.1866666666666666
25070009,Malkanagiri,Korkunda,Mariwada,-0.0727692307692307
25070026,Malkanagiri,Korkunda,Nakamamidi,-0.3374117647058823
25070004,Malkanagiri,Korkunda,Nilakhamar,-0.1881538461538461
25070006,Malkanagiri,Korkunda,Potrel,-0.1155263157894736
25070025,Malkanagiri,Korkunda,Somanathapur,-0.2862631578947368
25070010,Malkanagiri,Korkunda,Tamasapalli,-0.1186875
25070005,Malkanagiri,Korkunda,Tarlakota,-0.2560714285714285
25010007,Malkanagiri,Malkangiri,Birlaxmanpur,-0.2435882352941176
25010016,Malkanagiri,Malkangiri,Chalanguda,-0.3164230769230769
25010006,Malkanagiri,Malkangiri,Gangala,-0.1579499999999999
25010002,Malkanagiri,Malkangiri,Gaudaguda,0.0053076923076922
25010018,Malkanagiri,Malkangiri,Gurakhunta,-0.111076923076923
25010003,Malkanagiri,Malkangiri,Jharapali,-0.2706153846153846
25010013,Malkanagiri,Malkangiri,Markapali,-0.081090909090909
25010015,Malkanagiri,Malkangiri,Motapaka,-0.3517391304347826
25010004,Malkanagiri,Malkangiri,Padmagiri,-0.1842777777777778
25010005,Malkanagiri,Malkangiri,Pandripani,-0.0318181818181818
25010009,Malkanagiri,Malkangiri,Pedakunda,-0.2429285714285714
25010012,Malkanagiri,Malkangiri,Pedawada,-0.1995714285714285
25010011,Malkanagiri,Malkangiri,Serapalli,-0.1838125
25010014,Malkanagiri,Malkangiri,Sikhipalli,-0.0774285714285714
25010008,Malkanagiri,Malkangiri,Sindrimal,-0.26325
25010001,Malkanagiri,Malkangiri,Tamasa,-0.0543684210526315
25010017,Malkanagiri,Malkangiri,Tandaki,-0.229875
25010019,Malkanagiri,Malkangiri,Tandapalli,-0.181
25010010,Malkanagiri,Malkangiri,Udupa,-0.3140454545454545
25050014,Malkanagiri,Mathili,Ambaguda,-0.1073333333333333
25050019,Malkanagiri,Mathili,Bhandaripangam,-0.3148333333333333
25050003,Malkanagiri,Mathili,Bhejaguda,-0.181235294117647
25050001,Malkanagiri,Mathili,Chaulamendi,-0.1415454545454545
25050012,Malkanagiri,Mathili,Chedenga,-0.2151999999999999
25050016,Malkanagiri,Mathili,Dalapatiguda,-0.2216923076923077
25050018,Malkanagiri,Mathili,Dungiaput,-0.2351538461538461
25050020,Malkanagiri,Mathili,Kamarapalli,-0.3434444444444444
25050010,Malkanagiri,Mathili,Kartanpali,-0.4598888888888889
25050005,Malkanagiri,Mathili,Katapali,-0.3542352941176471
25050009,Malkanagiri,Mathili,Kianga,-0.3606842105263158
25050011,Malkanagiri,Mathili,Kutunipali,-0.3430714285714286
25050006,Malkanagiri,Mathili,Mahupadara,-0.3651428571428571
25050015,Malkanagiri,Mathili,Mathili,-0.2600769230769231
25050004,Malkanagiri,Mathili,Meka,-0.293
25050002,Malkanagiri,Mathili,Nayakguda,-0.1683333333333333
25050013,Malkanagiri,Mathili,Pangam,-0.0908235294117647
25050008,Malkanagiri,Mathili,Salimi,-0.419
25050007,Malkanagiri,Mathili,Temurpali,-0.4042499999999999
25050017,Malkanagiri,Mathili,Udulibeda,-0.174
25020004,Malkanagiri,Podia,Bapanpalli,-0.366
25020011,Malkanagiri,Podia,Girikanpalli,-0.426875
25020010,Malkanagiri,Podia,Kaldapalli,-0.358
25020006,Malkanagiri,Podia,Moteru,-0.3585416666666667
25020007,Malkanagiri,Podia,Niliguda,-0.3483333333333333
25020005,Malkanagiri,Podia,Podia,-0.19268
25020003,Malkanagiri,Podia,Semilibancha,-0.4557647058823529
25020012,Malkanagiri,Podia,Undurukonda,-0.2863333333333333
9080011,Mayurbhanj,Badasahi,Badasahi,-0.1567777777777778
9080013,Mayurbhanj,Badasahi,Balabhadrapur,-0.112
9080028,Mayurbhanj,Badasahi,Bhimda,-0.3124444444444444
9080008,Mayurbhanj,Badasahi,Bireswarpur,-0.3648333333333333
9080018,Mayurbhanj,Badasahi,Chandanpur,-0.2643333333333333
9080022,Mayurbhanj,Badasahi,Chhelia,-0.3274
9080021,Mayurbhanj,Badasahi,Deulia,-0.3133636363636363
9080014,Mayurbhanj,Badasahi,Durgapur,-0.3354444444444444
9080004,Mayurbhanj,Badasahi,Gudialabandha,-0.247
9080005,Mayurbhanj,Badasahi,Jadunathpur,-0.4378461538461539
9080025,Mayurbhanj,Badasahi,Jarakani,-0.2959090909090909
9080026,Mayurbhanj,Badasahi,Joginuagaon,-0.2317142857142857
9080020,Mayurbhanj,Badasahi,Kendudiha,-0.373375
9080007,Mayurbhanj,Badasahi,Khanua,-0.1949999999999999
9080010,Mayurbhanj,Badasahi,Kochilakhunta,-0.1090833333333333
9080012,Mayurbhanj,Badasahi,Madhapur,-0.2718571428571428
9080016,Mayurbhanj,Badasahi,Managobindapur,-0.245875
9080029,Mayurbhanj,Badasahi,Manatri,-0.2916999999999999
9080024,Mayurbhanj,Badasahi,Naupal,-0.0662857142857143
9080015,Mayurbhanj,Badasahi,"Patisari,Hq.-Bhimda",-0.2145454545454545
9080030,Mayurbhanj,Badasahi,Paunsia,-0.033
9080009,Mayurbhanj,Badasahi,Pratappur,-0.3224545454545454
9080006,Mayurbhanj,Badasahi,Purnachandrapur,-0.1741111111111111
9080017,Mayurbhanj,Badasahi,Salagaon,-0.3615714285714286
9080002,Mayurbhanj,Badasahi,Sankerko,-0.2283333333333333
9080019,Mayurbhanj,Badasahi,Sialighaty,-0.1561111111111111
9080001,Mayurbhanj,Badasahi,Suhagpur,-0.287
9080027,Mayurbhanj,Badasahi,Talapada,-0.3346666666666666
9080023,Mayurbhanj,Badasahi,Tangasole,-0.325625
9080003,Mayurbhanj,Badasahi,Uthaninuagaon,-0.32525
9060001,Mayurbhanj,Bahalda,Anlajodi,-0.1783636363636363
9060005,Mayurbhanj,Bahalda,Asana,-0.2771111111111111
9060006,Mayurbhanj,Bahalda,Badpalsa,-0.1942666666666666
9060008,Mayurbhanj,Bahalda,Bahalda,0.0354285714285714
9060012,Mayurbhanj,Bahalda,Basingi,-0.145625
9060002,Mayurbhanj,Bahalda,Bhitaramadia,-0.0179230769230769
9060003,Mayurbhanj,Bahalda,Gambharia,-0.2098
9060004,Mayurbhanj,Bahalda,Gidighaty,-0.0989999999999999
9060010,Mayurbhanj,Bahalda,Jashipur,-0.1465
9060007,Mayurbhanj,Bahalda,Jharadihi,0.0338181818181818
9060011,Mayurbhanj,Bahalda,Kanki,-0.0787692307692307
9060009,Mayurbhanj,Bahalda,Soso,-0.07375
9120009,Mayurbhanj,Bangiriposi,Badagaon,-0.4437692307692308
9120005,Mayurbhanj,Bangiriposi,Banakati,-0.0055999999999999
9120004,Mayurbhanj,Bangiriposi,Bangriposi,-0.0516666666666666
9120010,Mayurbhanj,Bangiriposi,Bhuasuni,-0.3685882352941176
9120012,Mayurbhanj,Bangiriposi,Brahmangaon,-0.3873888888888889
9120008,Mayurbhanj,Bangiriposi,Budhikhamari,-0.3879230769230769
9120019,Mayurbhanj,Bangiriposi,Chakidi,-0.4958333333333333
9120006,Mayurbhanj,Bangiriposi,Chandanpur,-0.3732
9120003,Mayurbhanj,Bangiriposi,Dhobanisole,-0.274875
9120007,Mayurbhanj,Bangiriposi,Dighi,-0.1942222222222222
9120014,Mayurbhanj,Bangiriposi,Golamundakata,-0.189
9120015,Mayurbhanj,Bangiriposi,Kalabadia,0.0007
9120016,Mayurbhanj,Bangiriposi,Kumbarmundakata,-0.129375
9120013,Mayurbhanj,Bangiriposi,Kusumabandha,-0.2259999999999999
9120018,Mayurbhanj,Bangiriposi,Nafri,-0.1621666666666666
9120002,Mayurbhanj,Bangiriposi,Nischinta,-0.20475
9120017,Mayurbhanj,Bangiriposi,Pathuri,0.0012
9120001,Mayurbhanj,Bangiriposi,Shyamsundarpur,-0.07375
9120011,Mayurbhanj,Bangiriposi,Sorispala,-0.3622666666666667
9010010,Mayurbhanj,Baripada,Badajoda,-0.102
9010002,Mayurbhanj,Baripada,Bankisole,-0.4389999999999999
9010003,Mayurbhanj,Baripada,Betna,-0.0271
9010011,Mayurbhanj,Baripada,Bhagabatchandrapur,-0.3664
9010007,Mayurbhanj,Baripada,Budhikhamari,-0.0829285714285714
9010005,Mayurbhanj,Baripada,Chandanpur,-0.3605
9010008,Mayurbhanj,Baripada,Hatikote,-0.2922222222222222
9010009,Mayurbhanj,Baripada,Khadisole,-0.0095
9010001,Mayurbhanj,Baripada,Laxmiposi,-0.158
9010006,Mayurbhanj,Baripada,Rajabasa,-0.383952380952381
9010004,Mayurbhanj,Baripada,Sankhabhanga,-0.1351111111111111
9020009,Mayurbhanj,Betanati,Agria,-0.1220833333333333
9020022,Mayurbhanj,Betanati,Ambagadia,-0.1531
9020002,Mayurbhanj,Betanati,Anla,-0.297
9020015,Mayurbhanj,Betanati,Baisinga,-0.1747272727272727
9020001,Mayurbhanj,Betanati,Betanoti,-0.1377692307692307
9020003,Mayurbhanj,Betanati,Chanchhipada,-0.292
9020012,Mayurbhanj,Betanati,Dahikothi,-0.1129090909090909
9020007,Mayurbhanj,Betanati,Gadadeulia,-0.1467999999999999
9020024,Mayurbhanj,Betanati,Hatijhuri,-0.17
9020010,Mayurbhanj,Betanati,Jugal,-0.152875
9020008,Mayurbhanj,Betanati,Kalama,-0.1325714285714286
9020023,Mayurbhanj,Betanati,Kendua,-0.199
9020020,Mayurbhanj,Betanati,Mahisasole,-0.2611428571428572
9020016,Mayurbhanj,Betanati,Merda,-0.33025
9020021,Mayurbhanj,Betanati,Muktapur,-0.3252222222222222
9020019,Mayurbhanj,Betanati,Nadpur,-0.2555
9020005,Mayurbhanj,Betanati,Patalipura,-0.299
9020011,Mayurbhanj,Betanati,Purinda,-0.3291428571428572
9020006,Mayurbhanj,Betanati,Purunia,-0.2523
9020013,Mayurbhanj,Betanati,Raghupur,-0.2085384615384615
9020017,Mayurbhanj,Betanati,Saitpur,-0.2248888888888889
9020018,Mayurbhanj,Betanati,Salabani,-0.1806
9020014,Mayurbhanj,Betanati,Santara,-0.1699230769230769
9020004,Mayurbhanj,Betanati,Sathilo,-0.1319
9130010,Mayurbhanj,Bijatala,Badjharan,-0.0529
9130004,Mayurbhanj,Bijatala,Bankati,-0.215576923076923
9130003,Mayurbhanj,Bijatala,Bijatala,-0.0131666666666666
9130002,Mayurbhanj,Bijatala,Chadheipahadi,-0.4599545454545454
9130009,Mayurbhanj,Bijatala,Khanta,0.04
9130005,Mayurbhanj,Bijatala,Luhasila,-0.2101538461538461
9130007,Mayurbhanj,Bijatala,Madheikocha,-0.3999333333333333
9130006,Mayurbhanj,Bijatala,Manikpur,-0.3737142857142857
9130011,Mayurbhanj,Bijatala,Mundathakur,0.03125
9130012,Mayurbhanj,Bijatala,Nusadihi,0.0267999999999999
9130008,Mayurbhanj,Bijatala,Raihari,-0.1683076923076923
9130001,Mayurbhanj,Bijatala,Sargoda,-0.4995263157894736
9140010,Mayurbhanj,Bisoi,Asana,-0.2979090909090909
9140004,Mayurbhanj,Bisoi,Badmanada,-0.26475
9140002,Mayurbhanj,Bisoi,Baneikala,-0.24225
9140008,Mayurbhanj,Bisoi,Bautibeda,-0.2744615384615385
9140011,Mayurbhanj,Bisoi,Bhatchhatar,-0.311
9140006,Mayurbhanj,Bisoi,Bisoi,-0.171625
9140003,Mayurbhanj,Bisoi,Jagannathpur,-0.1229090909090909
9140013,Mayurbhanj,Bisoi,Jodia,-0.2403571428571428
9140007,Mayurbhanj,Bisoi,Khadambeda,-0.4014117647058823
9140009,Mayurbhanj,Bisoi,Luhakani,-0.1477
9140012,Mayurbhanj,Bisoi,Nangal Bentapokharia,-0.3133846153846154
9140001,Mayurbhanj,Bisoi,Nuagan,-0.4120833333333333
9140005,Mayurbhanj,Bisoi,Sanpurunapani,-0.2918666666666666
9150009,Mayurbhanj,Gopabandhunagar,Arapata,-0.361375
9150008,Mayurbhanj,Gopabandhunagar,Baradihi,-0.2716666666666666
9150007,Mayurbhanj,Gopabandhunagar,Bhandgan,-0.3613333333333333
9150011,Mayurbhanj,Gopabandhunagar,Jaypur,-0.2935384615384615
9150010,Mayurbhanj,Gopabandhunagar,Kuamara,-0.3400999999999999
9150001,Mayurbhanj,Gopabandhunagar,Kusalda,-0.3260666666666666
9150003,Mayurbhanj,Gopabandhunagar,Pasuda,-0.3417
9150004,Mayurbhanj,Gopabandhunagar,Puruna Baripada,-0.2492857142857142
9150006,Mayurbhanj,Gopabandhunagar,Ranibandha,-0.3155454545454546
9150002,Mayurbhanj,Gopabandhunagar,Sainkula,-0.2101111111111111
9150005,Mayurbhanj,Gopabandhunagar,Sanakhunta,-0.3023333333333333
9150012,Mayurbhanj,Gopabandhunagar,Silaghati,-0.2606923076923077
9150013,Mayurbhanj,Gopabandhunagar,Titia,-0.330125
9160007,Mayurbhanj,Jamuda,Baddundu,-0.26275
9160010,Mayurbhanj,Jamuda,Badkuleibira,-0.2575
9160005,Mayurbhanj,Jamuda,Hensda,-0.3444444444444444
9160001,Mayurbhanj,Jamuda,Jamda,0.0263636363636363
9160003,Mayurbhanj,Jamuda,Jarkani,-0.3876666666666666
9160009,Mayurbhanj,Jamuda,Moranda,-0.3213333333333333
9160004,Mayurbhanj,Jamuda,Pasna,-0.2458181818181818
9160002,Mayurbhanj,Jamuda,Talagaon,-0.2665833333333333
9160006,Mayurbhanj,Jamuda,Tarana,-0.2083529411764705
9160008,Mayurbhanj,Jamuda,Tendra,-0.3123636363636363
9100013,Mayurbhanj,Jasipur,Astakunar,-0.3286
9100014,Mayurbhanj,Jasipur,Barehipani,-0.5660666666666666
9100009,Mayurbhanj,Jasipur,Baunsanali,-0.3920769230769231
9100002,Mayurbhanj,Jasipur,Begunia,-0.1070714285714285
9100011,Mayurbhanj,Jasipur,Chakidi,-0.37995
9100007,Mayurbhanj,Jasipur,Dhalbani,-0.2818461538461538
9100019,Mayurbhanj,Jasipur,Durdura,-0.2783
9100008,Mayurbhanj,Jasipur,Ekatali,-0.2693333333333333
9100016,Mayurbhanj,Jasipur,Gudugudia,-0.4946111111111111
9100017,Mayurbhanj,Jasipur,Jamdasahi,-0.1311428571428571
9100010,Mayurbhanj,Jasipur,Jamukeswar,-0.3669411764705882
9100001,Mayurbhanj,Jasipur,Jasipur,0.0334
9100005,Mayurbhanj,Jasipur,Mahardiapalsa,-0.1554
9100018,Mayurbhanj,Jasipur,Manada,-0.3056
9100003,Mayurbhanj,Jasipur,Matiagada,-0.1858461538461538
9100004,Mayurbhanj,Jasipur,Maudi,-0.1792
9100015,Mayurbhanj,Jasipur,Pantha,-0.2096666666666666
9100012,Mayurbhanj,Jasipur,Podagada,-0.3617692307692308
9100006,Mayurbhanj,Jasipur,Rugudi,-0.2966923076923077
9100020,Mayurbhanj,Jasipur,Tangabila,-0.1348
9170014,Mayurbhanj,Kaptipada,Badakhaladi,-0.0535999999999999
9170010,Mayurbhanj,Kaptipada,Badbisole,0.2965555555555555
9170022,Mayurbhanj,Kaptipada,Badgudugudia,-0.0938571428571428
9170024,Mayurbhanj,Kaptipada,Chakradharpur,-0.3182857142857142
9170025,Mayurbhanj,Kaptipada,Debala,-0.4017142857142857
9170019,Mayurbhanj,Kaptipada,Dewanbahali,-0.6207999999999999
9170015,Mayurbhanj,Kaptipada,Jadida,-0.4065
9170009,Mayurbhanj,Kaptipada,Jambani,-0.0776249999999999
9170012,Mayurbhanj,Kaptipada,Jayantapata_/Ljamutira,-0.2803571428571428
9170008,Mayurbhanj,Kaptipada,Jhinkapada,0.251875
9170004,Mayurbhanj,Kaptipada,Kalamgadia,-0.4998787878787878
9170007,Mayurbhanj,Kaptipada,Kaptipada,-0.0759166666666666
9170013,Mayurbhanj,Kaptipada,Kuliolam,-0.2018571428571428
9170003,Mayurbhanj,Kaptipada,Labanyadeipur,-0.4575454545454545
9170026,Mayurbhanj,Kaptipada,Majhigadia,-0.458
9170021,Mayurbhanj,Kaptipada,Mankadapada,-0.4206470588235294
9170020,Mayurbhanj,Kaptipada,Notto,-0.5505625000000001
9170011,Mayurbhanj,Kaptipada,Nudadiha,-0.083
9170001,Mayurbhanj,Kaptipada,Padmapokhari,-0.4993846153846153
9170006,Mayurbhanj,Kaptipada,Petagadi,0.1928888888888889
9170023,Mayurbhanj,Kaptipada,Pingu,-0.0756666666666666
9170017,Mayurbhanj,Kaptipada,Ramchandrapur,-0.5064545454545454
9170018,Mayurbhanj,Kaptipada,Ranipokhari,-0.6276923076923077
9170016,Mayurbhanj,Kaptipada,Salachua,-0.4536428571428571
9170005,Mayurbhanj,Kaptipada,Saradiha,-0.5978
9170002,Mayurbhanj,Kaptipada,Sarat,-0.5455714285714286
9030002,Mayurbhanj,Karanjia,Badadeuli,-0.1924117647058823
9030009,Mayurbhanj,Karanjia,Badagaon,-0.224125
9030006,Mayurbhanj,Karanjia,Bala,-0.13675
9030008,Mayurbhanj,Karanjia,Batpalasa,-0.2003636363636363
9030007,Mayurbhanj,Karanjia,Chitraposi,-0.1541428571428571
9030010,Mayurbhanj,Karanjia,Dori,-0.2686666666666666
9030011,Mayurbhanj,Karanjia,Dudhiani,-0.4715333333333333
9030014,Mayurbhanj,Karanjia,Ghosda,-0.0017499999999999
9030003,Mayurbhanj,Karanjia,Kerkera,-0.358375
9030005,Mayurbhanj,Karanjia,Kuliposi,-0.3195909090909091
9030013,Mayurbhanj,Karanjia,Miriginendi,-0.3115
9030004,Mayurbhanj,Karanjia,Patbil,-0.2946470588235294
9030001,Mayurbhanj,Karanjia,Rasamtola,-0.0182666666666666
9030015,Mayurbhanj,Karanjia,Sarangagada,-0.3716666666666666
9030012,Mayurbhanj,Karanjia,Tato,-0.1438333333333333
9180011,Mayurbhanj,Khunta,Badapathara,-0.4729166666666666
9180012,Mayurbhanj,Khunta,Badfeni,-0.30475
9180006,Mayurbhanj,Khunta,Bahanada,-0.32925
9180010,Mayurbhanj,Khunta,Bangara,-0.5187272727272728
9180007,Mayurbhanj,Khunta,Basipitha,-0.3182727272727272
9180005,Mayurbhanj,Khunta,Bholagadia,-0.345
9180003,Mayurbhanj,Khunta,Brundabanchandrapur,-0.3055384615384615
9180013,Mayurbhanj,Khunta,Dengam,-0.3044444444444444
9180004,Mayurbhanj,Khunta,Dhanaghera,-0.3328181818181818
9180009,Mayurbhanj,Khunta,Dukura,-0.141375
9180002,Mayurbhanj,Khunta,Gadigaon,-0.3527499999999999
9180001,Mayurbhanj,Khunta,Karkachia,-0.2931818181818182
9180008,Mayurbhanj,Khunta,Laxanasahi,-0.3558
9180014,Mayurbhanj,Khunta,Sapanchua,-0.4974999999999999
9190013,Mayurbhanj,Koliane,Baiganbadia,0.0608333333333333
9190017,Mayurbhanj,Koliane,Bhagabanpur,-0.13325
9190001,Mayurbhanj,Koliane,Chandua,-0.292
9190004,Mayurbhanj,Koliane,Dumurdiha,-0.0858
9190014,Mayurbhanj,Koliane,Gangraj,0.2159999999999999
9190015,Mayurbhanj,Koliane,Gendapokhari,-0.39875
9190016,Mayurbhanj,Koliane,Goudaruma,-0.1452
9190003,Mayurbhanj,Koliane,Keutunimari,-0.3027142857142856
9190002,Mayurbhanj,Koliane,Kuabuda,-0.2831818181818181
9190005,Mayurbhanj,Koliane,Kuchei,-0.0588999999999999
9190010,Mayurbhanj,Koliane,Kuliana,-0.1699999999999999
9190012,Mayurbhanj,Koliane,Marangtandi,-0.2918181818181818
9190008,Mayurbhanj,Koliane,Nodhana,-0.2844666666666667
9190007,Mayurbhanj,Koliane,Parulia,-0.0549999999999999
9190006,Mayurbhanj,Koliane,Patihinja,-0.3323636363636363
9190009,Mayurbhanj,Koliane,Purunapani,-0.1776923076923077
9190011,Mayurbhanj,Koliane,Saragchhida,-0.3446
9200013,Mayurbhanj,Kusumi,Aharbandh,-0.1568181818181818
9200012,Mayurbhanj,Kusumi,Badahatanabeda,-0.4137857142857143
9200014,Mayurbhanj,Kusumi,Bhutukabadi,-0.0824545454545454
9200010,Mayurbhanj,Kusumi,Chhuapani,-0.2728
9200003,Mayurbhanj,Kusumi,Dhangidimuta,0.0826249999999999
9200006,Mayurbhanj,Kusumi,Hatbadra,-0.0739230769230769
9200008,Mayurbhanj,Kusumi,Jaipur,-0.2240909090909091
9200004,Mayurbhanj,Kusumi,Jarda,-0.0989375
9200002,Mayurbhanj,Kusumi,Jhipabandha,-0.2747142857142857
9200011,Mayurbhanj,Kusumi,Kusumi,-0.0239166666666666
9200009,Mayurbhanj,Kusumi,Mayurdar,-0.267
9200001,Mayurbhanj,Kusumi,Talapati,-0.3870625
9200005,Mayurbhanj,Kusumi,Talokpokhari,-0.1295
9200007,Mayurbhanj,Kusumi,Uparbeda,-0.3885
9210018,Mayurbhanj,Merada,Barkand,-0.1915
9210007,Mayurbhanj,Merada,Bhaliadiha,-0.2644166666666667
9210016,Mayurbhanj,Merada,Chadheigaon,-0.1662999999999999
9210002,Mayurbhanj,Merada,Chikitamatia,-0.3414999999999999
9210014,Mayurbhanj,Merada,Chitrada,-0.0427499999999999
9210017,Mayurbhanj,Merada,Dantiamuhan,-0.1706923076923076
9210020,Mayurbhanj,Merada,Dhadasahi,-0.2541666666666666
9210019,Mayurbhanj,Merada,Durgapur,-0.3529166666666667
9210013,Mayurbhanj,Merada,Gadia,-0.2946666666666667
9210010,Mayurbhanj,Merada,Gadigaon,-0.3909090909090909
9210006,Mayurbhanj,Merada,Gholamuhan,-0.1236666666666666
9210015,Mayurbhanj,Merada,Haldipal,-0.13625
9210011,Mayurbhanj,Merada,Jualibhanga,-0.2556153846153846
9210012,Mayurbhanj,Merada,Kohi,-0.1918181818181818
9210003,Mayurbhanj,Merada,Moruda,0.084625
9210004,Mayurbhanj,Merada,Nuagaon,-0.170875
9210009,Mayurbhanj,Merada,Nuhajhalia,-0.2148333333333333
9210001,Mayurbhanj,Merada,Palasmundli,-0.1462222222222222
9210005,Mayurbhanj,Merada,Sanmundhabani,-0.2195555555555555
9210008,Mayurbhanj,Merada,Sureidihi,-0.1552727272727272
9040005,Mayurbhanj,Rairangpur,Badmouda,-0.089
9040001,Mayurbhanj,Rairangpur,Bhalubasa,0.042090909090909
9040006,Mayurbhanj,Rairangpur,Guhaldangri,-0.3405714285714286
9040008,Mayurbhanj,Rairangpur,Halda,-0.0173636363636363
9040009,Mayurbhanj,Rairangpur,Hatia,-0.2520833333333334
9040004,Mayurbhanj,Rairangpur,Kuleisila,-0.2140952380952381
9040002,Mayurbhanj,Rairangpur,Purunapani,-0.0946666666666666
9040003,Mayurbhanj,Rairangpur,Sanpakhana,-0.1148333333333333
9040007,Mayurbhanj,Rairangpur,Sudarsanpur,-0.2326666666666667
9090007,Mayurbhanj,Raruyan,Angarpada,-0.3708181818181817
9090006,Mayurbhanj,Raruyan,Baidyanath,-0.435
9090011,Mayurbhanj,Raruyan,Bhanjakia,-0.2875
9090002,Mayurbhanj,Raruyan,Budhamara,-0.289875
9090010,Mayurbhanj,Raruyan,Gadapalasa,-0.1901
9090004,Mayurbhanj,Raruyan,Ghagarbeda,-0.4131428571428571
9090005,Mayurbhanj,Raruyan,Narasandha,-0.4260625
9090009,Mayurbhanj,Raruyan,Niunti,-0.4674166666666666
9090003,Mayurbhanj,Raruyan,Nuagaon,-0.3976363636363636
9090001,Mayurbhanj,Raruyan,Panapaturia,-0.2775454545454545
9090008,Mayurbhanj,Raruyan,Raruan,-0.1658181818181818
9090012,Mayurbhanj,Raruyan,Tilakuti,-0.3884166666666667
9070005,Mayurbhanj,Rasgobindpur,Amarda,-0.1267857142857142
9070007,Mayurbhanj,Rasgobindpur,Badampur,-0.0707777777777777
9070016,Mayurbhanj,Rasgobindpur,Bhaduasole,-0.26025
9070001,Mayurbhanj,Rasgobindpur,Chhatna,-0.2534
9070008,Mayurbhanj,Rasgobindpur,Deosula,-0.0658333333333333
9070014,Mayurbhanj,Rasgobindpur,Gadighaty,-0.085
9070004,Mayurbhanj,Rasgobindpur,Jhatiada,-0.2082142857142857
9070012,Mayurbhanj,Rasgobindpur,Kamardiha,0.04825
9070002,Mayurbhanj,Rasgobindpur,Khuntapala,-0.1924545454545454
9070011,Mayurbhanj,Rasgobindpur,Nakichua,-0.0757272727272727
9070006,Mayurbhanj,Rasgobindpur,Nalagaja,-0.2649285714285714
9070010,Mayurbhanj,Rasgobindpur,Raghabpur,-0.17275
9070003,Mayurbhanj,Rasgobindpur,Rasgovindpur,-0.0360833333333333
9070015,Mayurbhanj,Rasgobindpur,Sanamanida,-0.0861428571428571
9070013,Mayurbhanj,Rasgobindpur,Sarumula,0.0498333333333333
9070009,Mayurbhanj,Rasgobindpur,Totapada,-0.2368888888888889
9220001,Mayurbhanj,Samakhunta,Balidiha,-0.177375
9220010,Mayurbhanj,Samakhunta,Baunsabila,-0.0231
9220003,Mayurbhanj,Samakhunta,Bhaluki,-0.2611
9220014,Mayurbhanj,Samakhunta,Gundihudi,-0.3486666666666667
9220002,Mayurbhanj,Samakhunta,Kalapathar,-0.29775
9220011,Mayurbhanj,Samakhunta,Kendua,-0.38675
9220004,Mayurbhanj,Samakhunta,Khandia,-0.1505
9220012,Mayurbhanj,Samakhunta,Kuchilaghati,-0.2468
9220008,Mayurbhanj,Samakhunta,Mahulia,0.1335714285714286
9220009,Mayurbhanj,Samakhunta,Paikabasa,0.0485
9220013,Mayurbhanj,Samakhunta,Rangamatia,-0.2169090909090909
9220006,Mayurbhanj,Samakhunta,Samakhunta,-0.1091666666666666
9220005,Mayurbhanj,Samakhunta,Sindurgoura,-0.0504285714285714
9220007,Mayurbhanj,Samakhunta,Sirisabani,-0.1823333333333333
9110013,Mayurbhanj,Saraskana,Bagbuda,-0.3312307692307692
9110007,Mayurbhanj,Saraskana,Bhurusani,-0.1306666666666666
9110009,Mayurbhanj,Saraskana,Dhangdisola,-0.217
9110008,Mayurbhanj,Saraskana,Jalda,-0.15975
9110014,Mayurbhanj,Saraskana,Jharpokharia,-0.0918333333333333
9110003,Mayurbhanj,Saraskana,Joka,-0.3520952380952381
9110012,Mayurbhanj,Saraskana,Murunia,-0.1723333333333333
9110011,Mayurbhanj,Saraskana,Paktia,-0.3816153846153846
9110016,Mayurbhanj,Saraskana,Pandara,-0.2505714285714285
9110004,Mayurbhanj,Saraskana,Pokharia,-0.2909
9110010,Mayurbhanj,Saraskana,Pokharidiha,-0.3490666666666666
9110001,Mayurbhanj,Saraskana,Rajaloka,-0.1485555555555555
9110015,Mayurbhanj,Saraskana,Sankhabhanga,-0.4041875
9110005,Mayurbhanj,Saraskana,Saraskana,-0.3614
9110017,Mayurbhanj,Saraskana,Silphodi,-0.3063333333333333
9110006,Mayurbhanj,Saraskana,Sirisa,-0.2190909090909091
9110002,Mayurbhanj,Saraskana,Umadeipur,-0.3008571428571428
9230001,Mayurbhanj,Sukali,Arjunabila,-0.2322727272727272
9230010,Mayurbhanj,Sukali,Baria,-0.2913333333333333
9230006,Mayurbhanj,Sukali,Chaturanjali,-0.469625
9230004,Mayurbhanj,Sukali,Galusahi,-0.2935454545454545
9230002,Mayurbhanj,Sukali,Haladia,-0.2949090909090909
9230003,Mayurbhanj,Sukali,Jamunti,-0.2108
9230005,Mayurbhanj,Sukali,Jhadaghosada,-0.2467777777777778
9230009,Mayurbhanj,Sukali,Khiching,-0.1287142857142857
9230008,Mayurbhanj,Sukali,Sukruli,-0.0955714285714285
9230007,Mayurbhanj,Sukali,Terenti,-0.3040714285714285
9240013,Mayurbhanj,Suliapada,Anlakuda,-0.186
9240005,Mayurbhanj,Suliapada,Badabhalia,-0.1891999999999999
9240007,Mayurbhanj,Suliapada,Baghada,-0.1839999999999999
9240012,Mayurbhanj,Suliapada,Chuhat,-0.3859333333333333
9240001,Mayurbhanj,Suliapada,Deuli,-0.2305
9240006,Mayurbhanj,Suliapada,Dhatika,-0.1636666666666666
9240015,Mayurbhanj,Suliapada,Fania,-0.3729285714285714
9240016,Mayurbhanj,Suliapada,Jhaliamara,-0.22
9240003,Mayurbhanj,Suliapada,Kanimohuli,-0.2254615384615384
9240014,Mayurbhanj,Suliapada,Kantisahi,-0.1856
9240009,Mayurbhanj,Suliapada,Kostha,-0.082
9240004,Mayurbhanj,Suliapada,Kujidihi,-0.25525
9240010,Mayurbhanj,Suliapada,Mohabilla,-0.216
9240002,Mayurbhanj,Suliapada,Nuagaon,-0.0499999999999999
9240011,Mayurbhanj,Suliapada,Paktia,-0.162
9240008,Mayurbhanj,Suliapada,Ufalgadia,-0.2589999999999999
9250015,Mayurbhanj,ThakurMunda,Bhaliadal,-0.475125
9250005,Mayurbhanj,ThakurMunda,Bharandia,-0.4092307692307692
9250010,Mayurbhanj,ThakurMunda,Champajhar,-0.3931111111111111
9250018,Mayurbhanj,ThakurMunda,Dhatikidiha,-0.2525555555555556
9250002,Mayurbhanj,ThakurMunda,Digdhar,-0.200625
9250012,Mayurbhanj,ThakurMunda,Hatigoda,-0.2409375
9250011,Mayurbhanj,ThakurMunda,Jarak,-0.5055333333333334
9250014,Mayurbhanj,ThakurMunda,Kendujiani,-0.2602142857142857
9250003,Mayurbhanj,ThakurMunda,Keshdiha,-0.4495555555555556
9250013,Mayurbhanj,ThakurMunda,Khandbandh,-0.3362777777777778
9250009,Mayurbhanj,ThakurMunda,Mahuldiha,-0.4923333333333333
9250008,Mayurbhanj,ThakurMunda,Padiabeda,-0.4649411764705882
9250007,Mayurbhanj,ThakurMunda,Salchua,-0.5091818181818182
9250016,Mayurbhanj,ThakurMunda,Saleibeda,-0.4294615384615384
9250006,Mayurbhanj,ThakurMunda,Satkosia,-0.4847083333333333
9250004,Mayurbhanj,ThakurMunda,Talapada,-0.397625
9250017,Mayurbhanj,ThakurMunda,Taramara,-0.3972857142857143
9250001,Mayurbhanj,ThakurMunda,Thakurmunda,-0.189375
9260003,Mayurbhanj,Tiringa,Badadalima,-0.2287692307692307
9260010,Mayurbhanj,Tiringa,Badanarayani,-0.2446923076923077
9260007,Mayurbhanj,Tiringa,Gitilata,-0.166
9260009,Mayurbhanj,Tiringa,Kulughutu,-0.2897272727272728
9260005,Mayurbhanj,Tiringa,Lupung,-0.3562307692307692
9260006,Mayurbhanj,Tiringa,Naranpur,-0.121
9260004,Mayurbhanj,Tiringa,Pandupani,-0.51875
9260008,Mayurbhanj,Tiringa,Rengalbeda,-0.2175454545454545
9260002,Mayurbhanj,Tiringa,Sanabhundu,-0.3782
9260001,Mayurbhanj,Tiringa,Tiring,-0.306
9050010,Mayurbhanj,Udala,Badkhaman,-0.302
9050008,Mayurbhanj,Udala,Badsingaria,-0.0447777777777777
9050001,Mayurbhanj,Udala,Bahubandh,0.0469
9050005,Mayurbhanj,Udala,Bhimtali,0.4551428571428571
9050012,Mayurbhanj,Udala,Dugudha,-0.0387
9050006,Mayurbhanj,Udala,Khaladi,-0.1881666666666666
9050007,Mayurbhanj,Udala,Kochiladiha,-0.4118333333333333
9050002,Mayurbhanj,Udala,Kundabai,-0.186625
9050011,Mayurbhanj,Udala,Nuagaon,-0.10275
9050004,Mayurbhanj,Udala,Patsanipur,-0.2930714285714285
9050009,Mayurbhanj,Udala,Radho,-0.3173
9050003,Mayurbhanj,Udala,Sridamchandrapur,-0.1446666666666666
26070010,Nawarangpur,Chandahandi,Ankabeda,-0.2509
26070008,Nawarangpur,Chandahandi,Beheramunda,-0.2322222222222222
26070003,Nawarangpur,Chandahandi,Chandahandi,-0.1738
26070002,Nawarangpur,Chandahandi,Dalabeda,-0.4046923076923077
26070004,Nawarangpur,Chandahandi,Dhodipani,-0.1687
26070006,Nawarangpur,Chandahandi,Gambhariguda,-0.2699
26070013,Nawarangpur,Chandahandi,Jamadarpada,-0.2435
26070011,Nawarangpur,Chandahandi,Koilimunda,-0.2649
26070014,Nawarangpur,Chandahandi,Kuhudi,-0.368
26070009,Nawarangpur,Chandahandi,Mahura,-0.0177142857142857
26070005,Nawarangpur,Chandahandi,Malagaon,-0.2789166666666666
26070001,Nawarangpur,Chandahandi,Patkhalia,-0.4272
26070012,Nawarangpur,Chandahandi,Phataki,-0.2636666666666667
26070007,Nawarangpur,Chandahandi,Saradhapur,-0.1948888888888889
26040009,Nawarangpur,Dabugaon,Anchala,-0.4001111111111111
26040002,Nawarangpur,Dabugaon,Badaolama,-0.4082
26040003,Nawarangpur,Dabugaon,Borigaon,-0.3703333333333333
26040007,Nawarangpur,Dabugaon,Chacharaguda,-0.4023333333333333
26040001,Nawarangpur,Dabugaon,Dabugaon,-0.2777857142857143
26040011,Nawarangpur,Dabugaon,Dongariguda,-0.237625
26040004,Nawarangpur,Dabugaon,Gudhakuta,-0.4268333333333333
26040008,Nawarangpur,Dabugaon,Jabaguda,-0.394375
26040005,Nawarangpur,Dabugaon,Junapani,-0.4264545454545454
26040012,Nawarangpur,Dabugaon,Koilari,-0.353
26040006,Nawarangpur,Dabugaon,Medana,-0.3022727272727273
26040010,Nawarangpur,Dabugaon,Nandapura,-0.4251666666666667
26060002,Nawarangpur,Jharigaon,Badatemara,-0.60625
26060016,Nawarangpur,Jharigaon,Bakadabeda,-0.2076
26060009,Nawarangpur,Jharigaon,Banuaguda,-0.4006666666666666
26060011,Nawarangpur,Jharigaon,Belagaon,-0.4234545454545455
26060023,Nawarangpur,Jharigaon,Bhalukanadi,-0.405125
26060013,Nawarangpur,Jharigaon,Bikia,-0.3065833333333333
26060008,Nawarangpur,Jharigaon,Chacha,-0.4201111111111111
26060017,Nawarangpur,Jharigaon,Chatiguda,-0.3399230769230769
26060001,Nawarangpur,Jharigaon,Chikalpadar,-0.5448888888888889
26060014,Nawarangpur,Jharigaon,Chitabeda,-0.3695
26060004,Nawarangpur,Jharigaon,Dhamanguda,-0.3659374999999999
26060015,Nawarangpur,Jharigaon,Dhodra,-0.2454615384615384
26060005,Nawarangpur,Jharigaon,Dungariguda,-0.4485833333333333
26060012,Nawarangpur,Jharigaon,Ekamba,-0.30175
26060019,Nawarangpur,Jharigaon,Gurusinga,-0.4073846153846154
26060022,Nawarangpur,Jharigaon,Ichhapur,-0.4832857142857142
26060010,Nawarangpur,Jharigaon,Jharigaon,-0.3162222222222222
26060006,Nawarangpur,Jharigaon,Kanakote,-0.4417857142857143
26060018,Nawarangpur,Jharigaon,Kuturichapur,-0.4661818181818182
26060003,Nawarangpur,Jharigaon,Palia,-0.361
26060007,Nawarangpur,Jharigaon,Phupugaon,-0.3586
26060021,Nawarangpur,Jharigaon,Ratakhandiguda,-0.3744
26060020,Nawarangpur,Jharigaon,Telenadigaon,-0.5504
26010019,Nawarangpur,Kosagumuda,Atigaon,-0.5367272727272727
26010005,Nawarangpur,Kosagumuda,Bada Amada,-0.426
26010020,Nawarangpur,Kosagumuda,Bada Gumuda,-0.3546666666666667
26010006,Nawarangpur,Kosagumuda,Bamini,-0.4168181818181818
26010018,Nawarangpur,Kosagumuda,Bankuli,-0.5055384615384615
26010017,Nawarangpur,Kosagumuda,Belagaon,-0.42815
26010004,Nawarangpur,Kosagumuda,Binjili,-0.3994166666666667
26010021,Nawarangpur,Kosagumuda,Butimajhisemala,-0.441
26010001,Nawarangpur,Kosagumuda,Chirima,-0.3488333333333333
26010024,Nawarangpur,Kosagumuda,Ekori,-0.3815714285714286
26010026,Nawarangpur,Kosagumuda,Karchamal,-0.4949
26010022,Nawarangpur,Kosagumuda,Kodinga,-0.440875
26010002,Nawarangpur,Kosagumuda,Kokidisimila,-0.5498571428571429
26010009,Nawarangpur,Kosagumuda,Kosagumuda,-0.4303571428571429
26010015,Nawarangpur,Kosagumuda,M.Keragaon,-0.4881428571428571
26010011,Nawarangpur,Kosagumuda,Majhidhanua,-0.3966
26010008,Nawarangpur,Kosagumuda,Modeigaon,-0.3585
26010016,Nawarangpur,Kosagumuda,Motigaon,-0.4690952380952381
26010010,Nawarangpur,Kosagumuda,Panduguda,-0.511125
26010025,Nawarangpur,Kosagumuda,Parsaguda,-0.381625
26010007,Nawarangpur,Kosagumuda,Rajoda,-0.5243333333333333
26010003,Nawarangpur,Kosagumuda,Sanaamada,-0.4534615384615384
26010013,Nawarangpur,Kosagumuda,Santoshpur,-0.3650588235294117
26010023,Nawarangpur,Kosagumuda,Taragaon,-0.523
26010014,Nawarangpur,Kosagumuda,Temera,-0.4103636363636364
26010012,Nawarangpur,Kosagumuda,Ukiapali,-0.3385294117647058
26080008,Nawarangpur,Nandahandi,Dahana,-0.3662857142857142
26080006,Nawarangpur,Nandahandi,Dangarbheja,-0.2915454545454545
26080004,Nawarangpur,Nandahandi,Dhandara,-0.3026363636363636
26080010,Nawarangpur,Nandahandi,Jagannathpur,-0.2982142857142857
26080009,Nawarangpur,Nandahandi,Jhadabandhaguda,-0.3606153846153846
26080001,Nawarangpur,Nandahandi,Maliguda,-0.3827142857142857
26080005,Nawarangpur,Nandahandi,Mentri,-0.3255
26080007,Nawarangpur,Nandahandi,Nandahandi,-0.3747857142857143
26080011,Nawarangpur,Nandahandi,Nishnahandi,-0.5
26080003,Nawarangpur,Nandahandi,Padalguda,0.0022307692307692
26080002,Nawarangpur,Nandahandi,Sindhiguda,-0.1452307692307692
26020013,Nawarangpur,Nawarangpur,Agnipur,-0.16
26020011,Nawarangpur,Nawarangpur,Badakumuli,-0.1742857142857143
26020004,Nawarangpur,Nawarangpur,Badamasigaon,-0.2299999999999999
26020012,Nawarangpur,Nawarangpur,Baghasiuni,-0.1791538461538461
26020006,Nawarangpur,Nawarangpur,Basini,-0.3956
26020005,Nawarangpur,Nawarangpur,Bhatrasiuni,-0.312
26020008,Nawarangpur,Nawarangpur,Bikrampur,-0.4144
26020007,Nawarangpur,Nawarangpur,Chatahandi,-0.3669375
26020009,Nawarangpur,Nawarangpur,Mantriguda,-0.2367
26020001,Nawarangpur,Nawarangpur,Pujhariguda,-0.22925
26020003,Nawarangpur,Nawarangpur,Sanamasigaon,-0.29325
26020002,Nawarangpur,Nawarangpur,Sindhigaon,-0.2469999999999999
26020010,Nawarangpur,Nawarangpur,Taragaon,-0.0904444444444444
26090020,Nawarangpur,Papadahandi,Chandrapur,-0.2891428571428571
26090016,Nawarangpur,Papadahandi,Cherachata,-0.3507499999999999
26090017,Nawarangpur,Papadahandi,Dangara,-0.47
26090001,Nawarangpur,Papadahandi,Dengaguda,-0.4000833333333333
26090023,Nawarangpur,Papadahandi,Gadabakotra,-0.34075
26090004,Nawarangpur,Papadahandi,Ghataguda,-0.078375
26090019,Nawarangpur,Papadahandi,Hatibeda,-0.3191
26090007,Nawarangpur,Papadahandi,Jatabal,-0.2831666666666666
26090022,Nawarangpur,Papadahandi,Kantamala,-0.4295
26090018,Nawarangpur,Papadahandi,Khutubai,-0.502
26090011,Nawarangpur,Papadahandi,Maidalpur,-0.2636923076923076
26090012,Nawarangpur,Papadahandi,Majhiguda,-0.4278333333333333
26090014,Nawarangpur,Papadahandi,Manigaon,-0.3164
26090002,Nawarangpur,Papadahandi,Mokia,-0.3027692307692308
26090008,Nawarangpur,Papadahandi,Naktiguda,-0.1994166666666667
26090013,Nawarangpur,Papadahandi,Nuakote,-0.4076923076923077
26090006,Nawarangpur,Papadahandi,Pandikote,-0.2407727272727273
26090005,Nawarangpur,Papadahandi,Papadahandi,-0.1616363636363636
26090015,Nawarangpur,Papadahandi,Patri,-0.3593684210526316
26090021,Nawarangpur,Papadahandi,Sanabarli,-0.5682727272727273
26090010,Nawarangpur,Papadahandi,Semala,-0.2208461538461538
26090003,Nawarangpur,Papadahandi,Sirishi,-0.3341538461538462
26090009,Nawarangpur,Papadahandi,Tumaralaa,-0.26
26050019,Nawarangpur,Raighar,Bobai,-0.3076153846153846
26050003,Nawarangpur,Raighar,Chhelidangari,-0.2789285714285714
26050002,Nawarangpur,Raighar,Deogaon,-0.3809166666666666
26050006,Nawarangpur,Raighar,Ganjapara,-0.3504705882352941
26050007,Nawarangpur,Raighar,Gona,-0.38175
26050021,Nawarangpur,Raighar,Haladi,-0.4445625
26050013,Nawarangpur,Raighar,Hatabharandi,-0.3773333333333333
26050025,Nawarangpur,Raighar,Hatigaon,-0.4135833333333333
26050023,Nawarangpur,Raighar,Jalangapara,-0.3767142857142857
26050018,Nawarangpur,Raighar,Jodenga,-0.292
26050024,Nawarangpur,Raighar,Kacharapara,-0.4188333333333333
26050026,Nawarangpur,Raighar,Kacharapara-Iii,-0.364
26050015,Nawarangpur,Raighar,Kashakanga,-0.3647857142857143
26050014,Nawarangpur,Raighar,Kaudola,-0.504
26050011,Nawarangpur,Raighar,Khuduku,-0.4131
26050004,Nawarangpur,Raighar,Kumuli,-0.2878888888888889
26050012,Nawarangpur,Raighar,Kundei,-0.270375
26050009,Nawarangpur,Raighar,Kurabeda,-0.2985
26050001,Nawarangpur,Raighar,Mahandi,-0.4187692307692308
26050020,Nawarangpur,Raighar,Mundibeda,-0.3977272727272727
26050010,Nawarangpur,Raighar,Naktisimada,-0.3025555555555555
26050016,Nawarangpur,Raighar,Parachipara,-0.3400625
26050022,Nawarangpur,Raighar,Parwa,-0.22375
26050005,Nawarangpur,Raighar,Raighar,-0.3578888888888889
26050008,Nawarangpur,Raighar,Timanpur,-0.4181875
26050017,Nawarangpur,Raighar,Turedihi,-0.3923333333333333
26100006,Nawarangpur,Tentulikhunti,Anchalguma,-0.4690833333333333
26100004,Nawarangpur,Tentulikhunti,Anlabhata,-0.2365833333333333
26100010,Nawarangpur,Tentulikhunti,Digi,-0.3858333333333333
26100015,Nawarangpur,Tentulikhunti,Gaudadeopali,-0.4465
26100001,Nawarangpur,Tentulikhunti,Jariguma,-0.5758
26100009,Nawarangpur,Tentulikhunti,Kakudabai,-0.2048181818181818
26100005,Nawarangpur,Tentulikhunti,Kamata,-0.3024444444444444
26100007,Nawarangpur,Tentulikhunti,Kangara,-0.3030833333333333
26100003,Nawarangpur,Tentulikhunti,Kantagaon,-0.4916428571428571
26100013,Nawarangpur,Tentulikhunti,Lamtaguda,-0.38075
26100014,Nawarangpur,Tentulikhunti,Manchagaon,-0.347076923076923
26100012,Nawarangpur,Tentulikhunti,Parajabarangapadara,-0.0544
26100002,Nawarangpur,Tentulikhunti,Patraput,-0.4040909090909091
26100008,Nawarangpur,Tentulikhunti,Pujhariguda,-0.3728461538461538
26100011,Nawarangpur,Tentulikhunti,Tentulikhunti,-0.4107058823529412
26030025,Nawarangpur,Umarkote,Anchala,-0.3146666666666666
26030006,Nawarangpur,Umarkote,Badabharandi,-0.0546666666666666
26030007,Nawarangpur,Umarkote,Badakumari,-0.06575
26030012,Nawarangpur,Umarkote,Bakada,-0.3487894736842105
26030011,Nawarangpur,Umarkote,Bamini,-0.1027692307692307
26030015,Nawarangpur,Umarkote,Beheda,-0.3887142857142857
26030003,Nawarangpur,Umarkote,Benara,-0.4128999999999999
26030004,Nawarangpur,Umarkote,Bhandariguda,-0.4107272727272727
26030014,Nawarangpur,Umarkote,Buruja,-0.2755384615384615
26030010,Nawarangpur,Umarkote,Chikalpadar,-0.0902222222222222
26030005,Nawarangpur,Umarkote,Hirapur,-0.2311111111111111
26030022,Nawarangpur,Umarkote,Jamaranda,-0.2820769230769231
26030002,Nawarangpur,Umarkote,Keragaon,-0.3662857142857142
26030021,Nawarangpur,Umarkote,Khanda,-0.0723999999999999
26030017,Nawarangpur,Umarkote,Kopena,-0.5009285714285714
26030018,Nawarangpur,Umarkote,Kurusi,-0.3185714285714285
26030026,Nawarangpur,Umarkote,Mundiguda,-0.49
26030013,Nawarangpur,Umarkote,Murtama,-0.2624166666666667
26030020,Nawarangpur,Umarkote,Neura,-0.4664999999999999
26030016,Nawarangpur,Umarkote,Rajpur,-0.46925
26030008,Nawarangpur,Umarkote,Semala,-0.0516999999999999
26030001,Nawarangpur,Umarkote,Sinngasari,-0.3353636363636363
26030019,Nawarangpur,Umarkote,Sukigaon(Dabiriguda),-0.38725
26030009,Nawarangpur,Umarkote,Sunabedha,-0.2437142857142857
26030023,Nawarangpur,Umarkote,Tohara,-0.284
26030024,Nawarangpur,Umarkote,Torenga,-0.4009999999999999
22050002,Nayagarh,Bhapur,Badasahara,-0.1379999999999999
22050001,Nayagarh,Bhapur,Baghuapalli,-0.2407692307692307
22050008,Nayagarh,Bhapur,Baigunia,0.1564444444444444
22050017,Nayagarh,Bhapur,Baunsabati,-0.06275
22050013,Nayagarh,Bhapur,Bhagabanpur,0.25525
22050016,Nayagarh,Bhapur,Bhapur,0.0231428571428571
22050005,Nayagarh,Bhapur,Bijipur,0.0758571428571428
22050019,Nayagarh,Bhapur,Chakradharprasad,-0.2398333333333333
22050010,Nayagarh,Bhapur,Dhanachangada,-0.1965555555555555
22050004,Nayagarh,Bhapur,Fategarh,-0.1124
22050003,Nayagarh,Bhapur,Golapokhari,-0.2092222222222222
22050015,Nayagarh,Bhapur,Kainfulia,0.06875
22050012,Nayagarh,Bhapur,Karabar,-0.2131428571428571
22050020,Nayagarh,Bhapur,Kendupalli,-0.33325
22050014,Nayagarh,Bhapur,Nimani,-0.3393333333333333
22050011,Nayagarh,Bhapur,Padmabati,-0.1855
22050009,Nayagarh,Bhapur,Patharchakada,-0.1687272727272727
22050006,Nayagarh,Bhapur,Rakama,0.0866666666666666
22050007,Nayagarh,Bhapur,Salapada,-0.118
22050018,Nayagarh,Bhapur,Sasana,-0.03775
22010002,Nayagarh,Dasapalla,Banigochha,-0.2833
22010022,Nayagarh,Dasapalla,Bhogabadi,-0.4078571428571428
22010003,Nayagarh,Dasapalla,Chadheyapalli,-0.4267826086956522
22010013,Nayagarh,Dasapalla,Dihagaon,-0.3022727272727273
22010020,Nayagarh,Dasapalla,Duda,-0.39645
22010011,Nayagarh,Dasapalla,Gholahandi,-0.349875
22010006,Nayagarh,Dasapalla,Ghugudipada,-0.4505
22010004,Nayagarh,Dasapalla,Kalasakhaman,-0.4513125
22010015,Nayagarh,Dasapalla,Khamarsahi,-0.150625
22010001,Nayagarh,Dasapalla,Kujamendhi,-0.4361111111111111
22010018,Nayagarh,Dasapalla,Kulurukumpa,-0.3318571428571428
22010012,Nayagarh,Dasapalla,Madhyakhanda,-0.2374
22010010,Nayagarh,Dasapalla,Nachhipur,-0.3338571428571428
22010019,Nayagarh,Dasapalla,Nuagaon,-0.43425
22010008,Nayagarh,Dasapalla,Pokharigochha,-0.4281333333333333
22010007,Nayagarh,Dasapalla,Sariganda,-0.4157777777777778
22010017,Nayagarh,Dasapalla,Similisahi,-0.175625
22010021,Nayagarh,Dasapalla,Takera,-0.5051428571428571
22010009,Nayagarh,Dasapalla,Tendabadi,-0.4728095238095238
22010005,Nayagarh,Dasapalla,Tumandi,-0.4562666666666667
22060006,Nayagarh,Gania,Adakata,-0.3383846153846154
22060002,Nayagarh,Gania,Badasilinga,-0.5781739130434783
22060004,Nayagarh,Gania,Belapada Patana,-0.3003636363636363
22060001,Nayagarh,Gania,Chhamundia,-0.3434999999999999
22060005,Nayagarh,Gania,Gania,-0.33725
22060008,Nayagarh,Gania,Karadapada,-0.32975
22060007,Nayagarh,Gania,Kishoreprasad,-0.262
22060003,Nayagarh,Gania,Rasanga,-0.1175
22020014,Nayagarh,Khandapara,Badabanapur,-0.1891
22020022,Nayagarh,Khandapara,Balabhadra Prasad,-0.298
22020003,Nayagarh,Khandapara,Banamalipur,0.0567777777777777
22020012,Nayagarh,Khandapara,Benagadia,-0.040090909090909
22020004,Nayagarh,Khandapara,Bodasa,-0.0804285714285714
22020020,Nayagarh,Khandapara,Gadiasahi,-0.3161666666666666
22020002,Nayagarh,Khandapara,Gunthuni,-0.043
22020001,Nayagarh,Khandapara,Jagannathprasad,-0.0509
22020021,Nayagarh,Khandapara,Jogiapalli,-0.3035
22020013,Nayagarh,Khandapara,Kantilo,0.1244999999999999
22020006,Nayagarh,Khandapara,Khalisahi,-0.1492857142857142
22020007,Nayagarh,Khandapara,Kiajhar,-0.4945833333333334
22020009,Nayagarh,Khandapara,Koska,-0.3811538461538462
22020016,Nayagarh,Khandapara,Kumbharpada,-0.1912499999999999
22020019,Nayagarh,Khandapara,Mardarajapur,0.0196666666666666
22020011,Nayagarh,Khandapara,Ranichheli,-0.2118571428571428
22020018,Nayagarh,Khandapara,Ranipada,-0.0353333333333333
22020010,Nayagarh,Khandapara,Rayata Dholamara,-0.2142222222222222
22020005,Nayagarh,Khandapara,Salajharia,0.106
22020017,Nayagarh,Khandapara,Sidhamula,-0.2031666666666666
22020015,Nayagarh,Khandapara,Sikharpur,-0.0486666666666666
22020008,Nayagarh,Khandapara,Singhapada,-0.3061666666666666
22030011,Nayagarh,Nayagarh,Badapandusar,0.3628333333333333
22030016,Nayagarh,Nayagarh,Balugaon,-0.2864444444444444
22030018,Nayagarh,Nayagarh,Baunsiapada,0.2986666666666667
22030013,Nayagarh,Nayagarh,Bhatasahi,-0.225
22030006,Nayagarh,Nayagarh,Biruda,-0.0246666666666666
22030015,Nayagarh,Nayagarh,Champatipur,0.215
22030027,Nayagarh,Nayagarh,Chandibasta,0.0215999999999999
22030012,Nayagarh,Nayagarh,Gadadharprasad,0.0988333333333333
22030005,Nayagarh,Nayagarh,Gambharidihi,0.1265
22030021,Nayagarh,Nayagarh,Ghadual,0.4115999999999999
22030007,Nayagarh,Nayagarh,Ikiri,-0.0397142857142857
22030014,Nayagarh,Nayagarh,Itamati,0.243
22030019,Nayagarh,Nayagarh,Jemadeipurpatna,0.326
22030002,Nayagarh,Nayagarh,Kalikaprasad,-0.0371249999999999
22030022,Nayagarh,Nayagarh,Kendudhipi,-0.1415
22030008,Nayagarh,Nayagarh,Khuntabandha,0.2192
22030020,Nayagarh,Nayagarh,Kridaspur,-0.2632857142857143
22030004,Nayagarh,Nayagarh,Lathipada,0.262
22030009,Nayagarh,Nayagarh,Laxmiprasad,-0.0181666666666666
22030001,Nayagarh,Nayagarh,Lenkudipada,0.34325
22030029,Nayagarh,Nayagarh,Machhipada,-0.0055999999999999
22030028,Nayagarh,Nayagarh,Muthagadia,0.1112
22030024,Nayagarh,Nayagarh,Nabaghanapur,0.1515
22030025,Nayagarh,Nayagarh,Nadiali,0.0965
22030023,Nayagarh,Nayagarh,Natugaon,0.1935
22030003,Nayagarh,Nayagarh,Notar,0.0175999999999999
22030017,Nayagarh,Nayagarh,Saradhapur,-0.0396666666666666
22030026,Nayagarh,Nayagarh,Sarankul,0.1716666666666666
22030010,Nayagarh,Nayagarh,Sinduria,0.345
22070005,Nayagarh,Nuagaon,Badagotha,-0.1612222222222222
22070003,Nayagarh,Nuagaon,Bahadajhola,-0.395
22070001,Nayagarh,Nuagaon,Beruhanbadi,-0.4064615384615384
22070014,Nayagarh,Nuagaon,Chahali,-0.02975
22070015,Nayagarh,Nuagaon,Dhenkena,-0.220875
22070007,Nayagarh,Nuagaon,Durdura,-0.1398
22070018,Nayagarh,Nuagaon,Gateri,-0.4619
22070021,Nayagarh,Nuagaon,Gumi,-0.5003333333333333
22070017,Nayagarh,Nuagaon,Haripur,-0.352375
22070010,Nayagarh,Nuagaon,Jakeda,-0.5926666666666667
22070002,Nayagarh,Nuagaon,Kaptapalli,-0.4964782608695652
22070019,Nayagarh,Nuagaon,Khandugaon,0.0439999999999999
22070012,Nayagarh,Nuagaon,Korada,-0.2633
22070006,Nayagarh,Nuagaon,Mahipur,-0.1022
22070009,Nayagarh,Nuagaon,Maichheli,-0.3246923076923077
22070008,Nayagarh,Nuagaon,Malisahi,-0.4582727272727273
22070011,Nayagarh,Nuagaon,Nuagaon,-0.2096666666666666
22070016,Nayagarh,Nuagaon,Paradhipi,-0.416875
22070013,Nayagarh,Nuagaon,Sikrida,-0.36875
22070004,Nayagarh,Nuagaon,Singarpalli,-0.5407272727272727
22070022,Nayagarh,Nuagaon,Sorada,-0.245375
22070020,Nayagarh,Nuagaon,Udaypur,-0.3097692307692308
22080029,Nayagarh,Odagaon,Angisingi,-0.2382857142857143
22080034,Nayagarh,Odagaon,Areda,0.216
22080028,Nayagarh,Odagaon,Badagorada,-0.175
22080019,Nayagarh,Odagaon,Banthapur,-0.47725
22080020,Nayagarh,Odagaon,Barasahi,-0.2032727272727272
22080033,Nayagarh,Odagaon,Bhadikila,-0.165
22080038,Nayagarh,Odagaon,Bhaliadihi,-0.3026
22080015,Nayagarh,Odagaon,Dimisar,-0.0136666666666666
22080002,Nayagarh,Odagaon,Gaudaput,-0.149875
22080032,Nayagarh,Odagaon,Giridipali,-0.2311666666666666
22080011,Nayagarh,Odagaon,Godipada,-0.0324999999999999
22080030,Nayagarh,Odagaon,Godipalli,0.0554
22080037,Nayagarh,Odagaon,Golagaon,-0.2734
22080016,Nayagarh,Odagaon,Gotisahi,-0.2583636363636363
22080039,Nayagarh,Odagaon,Haridabandha,-0.1853333333333333
22080010,Nayagarh,Odagaon,Hariharpur,0.1538333333333333
22080003,Nayagarh,Odagaon,Kajalaipalli,-0.2858888888888888
22080001,Nayagarh,Odagaon,Komanda,-0.0104999999999999
22080024,Nayagarh,Odagaon,Korapitha,-0.007
22080007,Nayagarh,Odagaon,Kural,-0.1998
22080025,Nayagarh,Odagaon,Magarbandha,-0.2245714285714286
22080009,Nayagarh,Odagaon,Nandighore,0.1118
22080006,Nayagarh,Odagaon,Odagaon,0.298
22080004,Nayagarh,Odagaon,Panchirida Manapur,0.24925
22080021,Nayagarh,Odagaon,Panchumu,-0.2145714285714285
22080022,Nayagarh,Odagaon,Panderipada,-0.3625
22080005,Nayagarh,Odagaon,Pantikhari,0.1495
22080036,Nayagarh,Odagaon,Rabara,-0.0846
22080008,Nayagarh,Odagaon,Rabigadia,-0.432125
22080023,Nayagarh,Odagaon,Ranganipatana,0.3465
22080027,Nayagarh,Odagaon,Rohibanka,-0.2600833333333333
22080031,Nayagarh,Odagaon,Sakeri,-0.2715
22080014,Nayagarh,Odagaon,Saradhapur,-0.1919999999999999
22080013,Nayagarh,Odagaon,Sarankul,-0.0069999999999999
22080012,Nayagarh,Odagaon,Sikharpur,-0.0954999999999999
22080026,Nayagarh,Odagaon,Solapata,0.0008333333333333
22080018,Nayagarh,Odagaon,Sunamunhi,-0.3110833333333333
22040035,Nayagarh,Ranapur,Bajrakote,-0.193125
22040006,Nayagarh,Ranapur,Balabhadrapur,-0.1191999999999999
22040001,Nayagarh,Ranapur,Bandhamunda,-0.4648823529411765
22040034,Nayagarh,Ranapur,Baunsagada,-0.38775
22040009,Nayagarh,Ranapur,Brajarajpur,0.1242857142857142
22040024,Nayagarh,Ranapur,Brundabanpur,-0.2171666666666666
22040019,Nayagarh,Ranapur,Champagarh,0.117375
22040023,Nayagarh,Ranapur,Champapedi,-0.3505
22040003,Nayagarh,Ranapur,Chandapur,0.26725
22040016,Nayagarh,Ranapur,Damasahi,-0.2262222222222222
22040017,Nayagarh,Ranapur,Darpanarayanpur,-0.2885
22040038,Nayagarh,Ranapur,Gadabanikilo,-0.2488571428571428
22040008,Nayagarh,Ranapur,Gopalpur,-0.1809090909090908
22040007,Nayagarh,Ranapur,Gourangapur,-0.254
22040037,Nayagarh,Ranapur,Hansara,-0.0344999999999999
22040031,Nayagarh,Ranapur,Jankia,-0.1132857142857142
22040036,Nayagarh,Ranapur,Jhadapada,-0.34675
22040021,Nayagarh,Ranapur,Kandapada,-0.3715555555555555
22040029,Nayagarh,Ranapur,Kandha Nayagarh,0.1502
22040028,Nayagarh,Ranapur,Kasanda,-0.2835
22040002,Nayagarh,Ranapur,Kerandatangi,-0.0437777777777777
22040014,Nayagarh,Ranapur,Khairapalli,-0.226
22040030,Nayagarh,Ranapur,Khatia,-0.1583333333333333
22040025,Nayagarh,Ranapur,Kulasara,-0.263
22040012,Nayagarh,Ranapur,Lodhachua,-0.1765
22040020,Nayagarh,Ranapur,Mahatapalla,-0.282
22040005,Nayagarh,Ranapur,Majhia Khanda,-0.2582857142857143
22040004,Nayagarh,Ranapur,Mayurjhalia,-0.1221666666666666
22040013,Nayagarh,Ranapur,Narasinghpur,-0.2188571428571428
22040026,Nayagarh,Ranapur,Narendrapur,-0.1598571428571428
22040018,Nayagarh,Ranapur,Patia,-0.3854
22040022,Nayagarh,Ranapur,Pimpol,-0.2508333333333333
22040027,Nayagarh,Ranapur,Raipada,-0.33275
22040015,Nayagarh,Ranapur,Rajasunakhala,-0.1233
22040032,Nayagarh,Ranapur,Rankadeuli,-0.0365714285714285
22040011,Nayagarh,Ranapur,Surukabadi,-0.4645714285714285
22040033,Nayagarh,Ranapur,Talakani,-0.2185
21030001,Nuapada,Boden,Babebira,-0.1453636363636363
21030008,Nuapada,Boden,Bhaishadani,-0.5973333333333333
21030013,Nuapada,Boden,Boden,-0.2659166666666666
21030007,Nuapada,Boden,Boiragaon,-0.3869166666666666
21030011,Nuapada,Boden,Damajhar,-0.1934545454545454
21030002,Nuapada,Boden,Karangamal,-0.2406363636363636
21030010,Nuapada,Boden,Karlakot,-0.2445
21030012,Nuapada,Boden,Khaira,-0.33075
21030003,Nuapada,Boden,Larka,-0.2132727272727272
21030006,Nuapada,Boden,Litisargi,-0.19725
21030009,Nuapada,Boden,Nagapada,-0.4012352941176471
21030015,Nuapada,Boden,Palsada,-0.2489090909090909
21030005,Nuapada,Boden,Pharasara,-0.3105
21030004,Nuapada,Boden,Rokal,-0.2138181818181818
21030014,Nuapada,Boden,Sunapur,-0.32325
21010018,Nuapada,Khariar,Arada,0.018
21010021,Nuapada,Khariar,Baddohel,-0.138875
21010012,Nuapada,Khariar,Badi,0.1226
21010015,Nuapada,Khariar,Baragaon,-0.0672
21010014,Nuapada,Khariar,Bhojapur,0.0591111111111111
21010013,Nuapada,Khariar,Bhuliasikuan,0.0186249999999999
21010006,Nuapada,Khariar,Birighat,-0.2228571428571428
21010022,Nuapada,Khariar,Chanabeda,-0.0706666666666666
21010009,Nuapada,Khariar,Chindaguda,0.0169999999999999
21010017,Nuapada,Khariar,Dabiri,-0.3577692307692307
21010026,Nuapada,Khariar,Dohelpada,-0.1496
21010005,Nuapada,Khariar,Duajhara,-0.1967777777777777
21010019,Nuapada,Khariar,Gadramunda,0.4982499999999999
21010024,Nuapada,Khariar,Kendupati,-0.3381
21010003,Nuapada,Khariar,Khasabahali,-0.38
21010008,Nuapada,Khariar,Khudapej,-0.0216363636363636
21010001,Nuapada,Khariar,Kirakita,-0.333875
21010007,Nuapada,Khariar,Lanji,-0.3229285714285714
21010020,Nuapada,Khariar,Mandosil,0.002
21010010,Nuapada,Khariar,Nehena,-0.2032857142857142
21010002,Nuapada,Khariar,Ranimunda,-0.2155454545454545
21010023,Nuapada,Khariar,Risigaon,-0.0438333333333333
21010016,Nuapada,Khariar,Sanamaheswar,-0.0500714285714285
21010004,Nuapada,Khariar,Sharadhapur,-0.1939999999999999
21010025,Nuapada,Khariar,Sunarisikuan,-0.2396666666666666
21010011,Nuapada,Khariar,Tukula,-0.1304285714285714
21040005,Nuapada,Komana,Agrayan,-0.2162
21040004,Nuapada,Komana,Bhela,-0.075
21040018,Nuapada,Komana,Budhikomana,-0.0552727272727272
21040011,Nuapada,Komana,Darlipada,-0.1929375
21040031,Nuapada,Komana,Deodhara,-0.3778888888888889
21040030,Nuapada,Komana,Dhorlamunda,-0.4442222222222222
21040022,Nuapada,Komana,Gandamer,-0.1836153846153846
21040008,Nuapada,Komana,Jadamunda,-0.2935333333333333
21040015,Nuapada,Komana,Jatagada,-0.2921
21040007,Nuapada,Komana,Jhagarahi,-0.3255833333333333
21040002,Nuapada,Komana,Kanabira,-0.2739166666666666
21040019,Nuapada,Komana,Kandetara,-0.1201428571428571
21040003,Nuapada,Komana,Komana,-0.2843
21040016,Nuapada,Komana,Kureswar,0.0265454545454545
21040013,Nuapada,Komana,Kurumpuri,-0.1584375
21040023,Nuapada,Komana,Lakhana,-0.3086428571428571
21040028,Nuapada,Komana,Maniguda,-0.0929090909090909
21040009,Nuapada,Komana,Michhapali,-0.5404285714285714
21040026,Nuapada,Komana,Mundapala,-0.3297272727272727
21040020,Nuapada,Komana,Nuagaon,-0.2272
21040032,Nuapada,Komana,Palsipani,-0.042
21040001,Nuapada,Komana,Penderaban,-0.1502272727272727
21040029,Nuapada,Komana,Poinra,-0.2841666666666667
21040006,Nuapada,Komana,Rojana,-0.3503333333333333
21040027,Nuapada,Komana,Samarsing,-0.2636363636363636
21040010,Nuapada,Komana,Siallati,-0.3777333333333333
21040024,Nuapada,Komana,Silava,-0.1952307692307692
21040025,Nuapada,Komana,Soseng,-0.554
21040012,Nuapada,Komana,Sunabeda,-0.5158125
21040014,Nuapada,Komana,Taraboda,0.0721818181818181
21040021,Nuapada,Komana,Thogapali,-0.1616666666666666
21040017,Nuapada,Komana,Tikirapada,-0.1182
21020005,Nuapada,Nuapada,Amanara,-0.3210588235294118
21020017,Nuapada,Nuapada,Amsena,-0.120875
21020023,Nuapada,Nuapada,Beltukuri,-0.237
21020031,Nuapada,Nuapada,Bhainshatal (Hq.- Baloda),-0.2315454545454545
21020024,Nuapada,Nuapada,Bhaleswara,-0.3770588235294118
21020029,Nuapada,Nuapada,Bhanpur,-0.40575
21020001,Nuapada,Nuapada,Bharuamunda,-0.2126666666666666
21020007,Nuapada,Nuapada,Bhera,-0.1286666666666666
21020020,Nuapada,Nuapada,Biromal,-0.1375
21020022,Nuapada,Nuapada,Bishora,-0.2330714285714285
21020026,Nuapada,Nuapada,Boirbhadi,-0.2481
21020019,Nuapada,Nuapada,Budhipali,-0.1066999999999999
21020025,Nuapada,Nuapada,Chulabhat,-0.4351176470588235
21020014,Nuapada,Nuapada,Darlimunda,-0.194125
21020002,Nuapada,Nuapada,Dharambandha,-0.3399090909090909
21020016,Nuapada,Nuapada,Dumerpani,-0.2250833333333333
21020011,Nuapada,Nuapada,Godfula,-0.1162142857142857
21020028,Nuapada,Nuapada,Jampani,-0.3743333333333333
21020030,Nuapada,Nuapada,Kadomeri,-0.3503076923076923
21020004,Nuapada,Nuapada,Kendubahara,-0.5065294117647059
21020008,Nuapada,Nuapada,Kermeli,-0.5856
21020032,Nuapada,Nuapada,Khairani,-0.2365
21027771,Nuapada,Nuapada,Khariar Road (NAC),-0.0245999999999999
21020015,Nuapada,Nuapada,Kodameri,-0.2219999999999999
21020021,Nuapada,Nuapada,Kulihabandha,-0.2448461538461538
21020012,Nuapada,Nuapada,Kutenchuan,-0.2502222222222222
21020003,Nuapada,Nuapada,Motanuapada,-0.3222857142857143
21020018,Nuapada,Nuapada,Parakod,-0.28675
21020013,Nuapada,Nuapada,Sahipala,-0.0547142857142857
21020027,Nuapada,Nuapada,Saliha,-0.3283333333333333
21020006,Nuapada,Nuapada,Sarabang,-0.247
21020009,Nuapada,Nuapada,Tanawat,-0.2440526315789473
21050013,Nuapada,Sinapali,Baragaon,-0.0692222222222222
21050009,Nuapada,Sinapali,Bharuamunda,-0.2502857142857143
21050022,Nuapada,Sinapali,Chatiaguda,0.2585714285714285
21050012,Nuapada,Sinapali,Gandabahali,-0.0904285714285714
21050019,Nuapada,Sinapali,Ghantiguda,0.0136666666666666
21050023,Nuapada,Sinapali,Ghuchhaguda,0.0015
21050007,Nuapada,Sinapali,Godal,0.1585
21050016,Nuapada,Sinapali,Gorla,-0.5324444444444444
21050010,Nuapada,Sinapali,Hatibandha,-0.2084444444444444
21050004,Nuapada,Sinapali,Jharbandha,-0.1579230769230769
21050027,Nuapada,Sinapali,Kaintpadar,-0.2922857142857142
21050003,Nuapada,Sinapali,Karanabahali,-0.137
21050002,Nuapada,Sinapali,Kendumunda,-0.3170909090909091
21050018,Nuapada,Sinapali,Khairbhadi,-0.5124285714285713
21050026,Nuapada,Sinapali,Kharsel,-0.3409999999999999
21050017,Nuapada,Sinapali,Kotenghatmal,-0.5729285714285715
21050005,Nuapada,Sinapali,Kusumjor,-0.2186666666666666
21050020,Nuapada,Sinapali,Litiguda,-0.3035
21050011,Nuapada,Sinapali,Makhapadar,-0.153
21050001,Nuapada,Sinapali,Nangalbod,-0.5862
21050014,Nuapada,Sinapali,Nilaji,0.1275714285714285
21050025,Nuapada,Sinapali,Nuamalpada,-0.479
21050021,Nuapada,Sinapali,Nuapada,-0.5177142857142857
21030024,Nuapada,Sinapali,Ranimunda,-0.564
21050024,Nuapada,Sinapali,Ranimunda,-0.3274
21050008,Nuapada,Sinapali,Sinapali,0.3523333333333333
21050006,Nuapada,Sinapali,Singajhar,0.1061818181818181
21050015,Nuapada,Sinapali,Timanpur,-0.4828571428571428
11080011,Puri,Astarang,Alangapur,0.071
11080004,Puri,Astarang,Alasahi,0.1123333333333333
11080001,Puri,Astarang,Astarang,0.0246249999999999
11080013,Puri,Astarang,Chhuriana,-0.0742
11080015,Puri,Astarang,Jhadling,-0.043625
11080010,Puri,Astarang,Kendarapati,-0.0122222222222222
11080008,Puri,Astarang,Korana,-0.11975
11080014,Puri,Astarang,Manduki,0.0278
11080005,Puri,Astarang,Nagar,-0.13
11080003,Puri,Astarang,Naiguan,-0.0708333333333333
11080002,Puri,Astarang,Nuagarh,-0.3186
11080009,Puri,Astarang,Patalada,-0.0236666666666666
11080012,Puri,Astarang,Saripur,-0.1215
11080007,Puri,Astarang,Sisuo,0.0057142857142857
11080006,Puri,Astarang,Talada,-0.0499999999999999
11060012,Puri,Brahmagiri,Amapara,-0.2337692307692307
11060013,Puri,Brahmagiri,Badabenakudi,-0.0209999999999999
11060023,Puri,Brahmagiri,Balikera Pachhipala,-0.319
11060001,Puri,Brahmagiri,Bentapur,0.1718
11060025,Puri,Brahmagiri,Bhubanpur,-0.2273
11060004,Puri,Brahmagiri,Brahmagiri,0.0822857142857143
11060018,Puri,Brahmagiri,Brahmunia,-0.0368571428571428
11060021,Puri,Brahmagiri,Chapamanik,-0.2123749999999999
11060014,Puri,Brahmagiri,Dharanikudi,-0.1358
11060011,Puri,Brahmagiri,Dimirisena,-0.417625
11060007,Puri,Brahmagiri,Garh Rodanga,-0.1169999999999999
11060024,Puri,Brahmagiri,Ghatakudi,-0.3316666666666666
11060002,Puri,Brahmagiri,Gorual,0.0481538461538461
11060020,Puri,Brahmagiri,Kadajit,-0.1451428571428571
11060017,Puri,Brahmagiri,Kahalapada,0.026
11060016,Puri,Brahmagiri,Kandagoda,-0.3145
11060003,Puri,Brahmagiri,Kapileswarpur,-0.3104545454545455
11060009,Puri,Brahmagiri,Kusubenti,-0.1772307692307692
11060006,Puri,Brahmagiri,Manapada,-0.1413
11060022,Puri,Brahmagiri,Niajapur,-0.0938333333333333
11060019,Puri,Brahmagiri,Palanka,-0.1963333333333333
11060005,Puri,Brahmagiri,Rahadamal,-0.1983333333333333
11060008,Puri,Brahmagiri,Raibidhar,-0.249625
11060010,Puri,Brahmagiri,Rebananuagaon,-0.0251249999999999
11060015,Puri,Brahmagiri,Talamal,-0.377125
11090012,Puri,Delanga,Abhaya Mukhi,-0.3505
11090009,Puri,Delanga,Arisal,-0.4007142857142857
11090003,Puri,Delanga,Beraboi,-0.164
11090008,Puri,Delanga,Chainpur,-0.2724285714285714
11090015,Puri,Delanga,Delanga Kothabad,-0.1351666666666666
11090007,Puri,Delanga,Dhanakera,-0.2702727272727273
11090016,Puri,Delanga,Gada Motari,-0.0988333333333333
11090021,Puri,Delanga,Ghanipur,0.1051666666666666
11090013,Puri,Delanga,Godiput Matiapada,0.155375
11090001,Puri,Delanga,Gualipada,-0.3345
11090017,Puri,Delanga,Harirajpur,-0.0013999999999999
11090005,Puri,Delanga,Jenapur,-0.0961428571428571
11090014,Puri,Delanga,Kalyanpur,0.1088333333333333
11090019,Puri,Delanga,Khelaura,-0.3283333333333333
11090002,Puri,Delanga,Muninda,-0.1583333333333333
11090020,Puri,Delanga,Rench,-0.189
11090018,Puri,Delanga,Rengalo,0.0915714285714285
11090011,Puri,Delanga,Sauria,0.0304285714285714
11090010,Puri,Delanga,Singha Brahmapur,-0.0874444444444444
11090004,Puri,Delanga,Sripurusottampur,-0.3304444444444445
11090006,Puri,Delanga,Sujanpur,-0.114125
11100021,Puri,Gop,Achutpur,-0.086
11100024,Puri,Gop,"Andhariichhapur,Hq.-Dehuda",-0.1465
11100002,Puri,Gop,Badagaon,-0.2700666666666667
11100006,Puri,Gop,Badatara,-0.071
11100005,Puri,Gop,Banakhandi,-0.0427142857142857
11100020,Puri,Gop,Bania Sahi,-0.345
11100007,Puri,Gop,Bantaligaon,-0.2042
11100010,Puri,Gop,Baulanga,-0.0838571428571428
11100022,Puri,Gop,Bedapur,0.0358
11100016,Puri,Gop,Birutunga,-0.1867
11100001,Puri,Gop,Chhaitana,-0.3275555555555555
11100030,Puri,Gop,Davara,-0.2697142857142857
11100011,Puri,Gop,Desthali,0.0401428571428571
11100012,Puri,Gop,Dhumal,0.2682
11100009,Puri,Gop,Erabanga,-0.1953333333333333
11100018,Puri,Gop,Gadabhingura,-0.4725714285714285
11100014,Puri,Gop,Ganeswarpur,-0.086
11100013,Puri,Gop,Gop,0.0921666666666666
11100031,Puri,Gop,Ishanpur,0.1426
11100019,Puri,Gop,Itibhuan(Kabirajpur),-0.1556666666666666
11100028,Puri,Gop,Jangalbori,0.1014
11100027,Puri,Gop,Kuanpada,-0.1759
11100017,Puri,Gop,Mahal Pada,-0.0505833333333333
11100008,Puri,Gop,Nagapur,-0.1321
11100025,Puri,Gop,Nuakholamara,-0.3238
11100026,Puri,Gop,Pahara,-0.1885714285714285
11100015,Puri,Gop,Rahangorada,-0.2933333333333333
11100004,Puri,Gop,Simili,0.0484545454545454
11100023,Puri,Gop,Sorava,-0.0526999999999999
11100003,Puri,Gop,Sutan,-0.1607777777777778
11100029,Puri,Gop,Tarakora,-0.2842857142857143
11050002,Puri,Kakatpur,Abadan (Chitreswari),-0.075076923076923
11050003,Puri,Kakatpur,Bangurigaon,0.0105833333333333
11050016,Puri,Kakatpur,Bhandagarh,0.0159999999999999
11050005,Puri,Kakatpur,Jaleswarpada,-0.15575
11050012,Puri,Kakatpur,Kaduanuagaon,-0.0165
11050004,Puri,Kakatpur,Kakatapur,0.1243333333333333
11050008,Puri,Kakatpur,Kantapara,0.0557142857142857
11050011,Puri,Kakatpur,Kotakana,0.2
11050006,Puri,Kakatpur,Kundhei,-0.045625
11050001,Puri,Kakatpur,Kurujanga,-0.128
11050010,Puri,Kakatpur,Lataharan,0.0518571428571428
11050014,Puri,Kakatpur,Nasikeswar,0.112
11050007,Puri,Kakatpur,Othaka,-0.0378333333333333
11050009,Puri,Kakatpur,Patasundarpur,-0.020375
11050013,Puri,Kakatpur,Suhagapur,0.1258333333333333
11050015,Puri,Kakatpur,Suhanpur,0.0721666666666666
11110002,Puri,Kanas,Alibad,-0.3636666666666666
11110026,Puri,Kanas,Andarsingh,-0.2621111111111111
11110023,Puri,Kanas,Anlajodi,0.1502499999999999
11110004,Puri,Kanas,Badal,-0.2137142857142857
11110022,Puri,Kanas,Badas,-0.160125
11110008,Puri,Kanas,Baku,-0.0973333333333333
11110016,Puri,Kanas,Bijipur,-0.216
11110025,Puri,Kanas,Bindhana,-0.176375
11110017,Puri,Kanas,Chupurungi,-0.1578333333333333
11110005,Puri,Kanas,Deipur,-0.389875
11110018,Puri,Kanas,Dibyasinghpur,-0.1692
11110024,Puri,Kanas,Dochhian,-0.2875
11110011,Puri,Kanas,Dokanda,-0.1038999999999999
11110014,Puri,Kanas,Gadabadaput,-0.0216666666666666
11110021,Puri,Kanas,Gadabalabhadrapur,-0.1488
11110028,Puri,Kanas,Gadakharad,-0.228375
11110003,Puri,Kanas,Gadasahi,-0.18425
11110013,Puri,Kanas,Gadasanaput,-0.248111111111111
11110027,Puri,Kanas,Gadisagada,-0.277
11110001,Puri,Kanas,Gopinathpur,-0.3258333333333333
11110015,Puri,Kanas,Jamiligoda,-0.3911428571428571
11110020,Puri,Kanas,Kadua,-0.1344
11110009,Puri,Kanas,Kanas,-0.02575
11110006,Puri,Kanas,Khandahata,-0.339625
11110012,Puri,Kanas,Pandiakera,-0.0869999999999999
11110007,Puri,Kanas,Sahupada,-0.1868181818181818
11110019,Puri,Kanas,Sirei,-0.08825
11110010,Puri,Kanas,Trilochanpur,0.007625
11010017,Puri,Krishnaprasad,Alanda,-0.1981818181818182
11010014,Puri,Krishnaprasad,Arakhakud,-0.1758
11010006,Puri,Krishnaprasad,Bada Anala,-0.1064545454545454
11010011,Puri,Krishnaprasad,Badajhad,-0.0538888888888888
11010001,Puri,Krishnaprasad,Bajrakot,-0.2336666666666666
11010008,Puri,Krishnaprasad,Berhampur,-0.09475
11010015,Puri,Krishnaprasad,Budhibar,-0.018
11010020,Puri,Krishnaprasad,Gambhari,-0.2173333333333333
11010018,Puri,Krishnaprasad,Gomunda,-0.18275
11010021,Puri,Krishnaprasad,Gopinathpur,-0.0271428571428571
11010005,Puri,Krishnaprasad,Krushnaprasad,-0.104
11010003,Puri,Krishnaprasad,Malud,-0.0913333333333333
11010019,Puri,Krishnaprasad,"Manik,H.Q.-Bhagabanpur",0.0534
11010007,Puri,Krishnaprasad,Nuapada,-0.0695
11010013,Puri,Krishnaprasad,Panasapada,0.0872
11010009,Puri,Krishnaprasad,Phirijipur,0.079375
11010002,Puri,Krishnaprasad,Ramalenka,-0.2380999999999999
11010010,Puri,Krishnaprasad,Satapada,-0.0187777777777777
11010004,Puri,Krishnaprasad,Sial,-0.0935999999999999
11010016,Puri,Krishnaprasad,Siandi,-0.2239999999999999
11010012,Puri,Krishnaprasad,Titipa,-0.1848461538461538
11020011,Puri,Nimapara,Alanda,-0.0954999999999999
11020028,Puri,Nimapara,Antuara,-0.0185
11020025,Puri,Nimapara,Arisandha,0.0237999999999999
11020032,Puri,Nimapara,Badamachhapur,-0.032
11020027,Puri,Nimapara,Badasiribila,-0.02425
11020022,Puri,Nimapara,Baharana,0.06275
11020009,Puri,Nimapara,Balanga,0.082
11020001,Puri,Nimapara,Bamanal,-0.326125
11020013,Puri,Nimapara,Bhiligram,0.1417142857142857
11020006,Puri,Nimapara,Bhodar,0.0115
11020004,Puri,Nimapara,Bhogasalada,-0.00175
11020007,Puri,Nimapara,Chanarapada,0.2523333333333333
11020019,Puri,Nimapara,Chhanijanga,0.0597999999999999
11020015,Puri,Nimapara,Denua,0.176375
11020012,Puri,Nimapara,Dhaleswar,0.051
11020024,Puri,Nimapara,Dhanua,0.0508333333333333
11020031,Puri,Nimapara,Gadapadanpur,-0.0431428571428571
11020029,Puri,Nimapara,Gopinathpur,0.1656666666666666
11020018,Puri,Nimapara,Haripur,0.0611666666666666
11020023,Puri,Nimapara,Kalapanchan,0.0512
11020020,Puri,Nimapara,Kothakasanga,-0.0345555555555555
11020014,Puri,Nimapara,Miteipur,-0.0218571428571428
11020026,Puri,Nimapara,Nuasantha,-0.2344
11020030,Puri,Nimapara,Ratilo,-0.0878
11020017,Puri,Nimapara,Rench Sasan,0.0259999999999999
11020016,Puri,Nimapara,Sagada,-0.1042857142857142
11020010,Puri,Nimapara,Sainsa Sasan,0.0153333333333333
11020002,Puri,Nimapara,Salanga,-0.2955
11020021,Puri,Nimapara,Tampalo,-0.1728571428571428
11020003,Puri,Nimapara,Terundia,0.09225
11020005,Puri,Nimapara,Tulasipur,0.1495714285714285
11020008,Puri,Nimapara,Uchhupur,-0.1253333333333333
11030019,Puri,Pipili,Bharatipur,0.0352
11030022,Puri,Pipili,Birapurusottampur,0.0834
11030018,Puri,Pipili,Chandradeipur,0.0018333333333333
11030007,Puri,Pipili,Danda Mukundapur,-0.1068333333333333
11030025,Puri,Pipili,Durgadaspur,-0.051875
11030009,Puri,Pipili,Govindapur,0.2583333333333333
11030008,Puri,Pipili,Hatasahi,-0.1488571428571428
11030010,Puri,Pipili,Jagannathpur,0.3369999999999999
11030001,Puri,Pipili,Jasuapur,0.1198333333333333
11030014,Puri,Pipili,Kanti,-0.005
11030023,Puri,Pipili,Kulasekhar Patana,-0.1639999999999999
11030011,Puri,Pipili,Laxminarayanpur,0.2895
11030004,Puri,Pipili,Mangalpur,-0.0047142857142857
11030006,Puri,Pipili,Nuasasan,0.0867142857142857
11030016,Puri,Pipili,Orakala,0.21825
11030012,Puri,Pipili,Pamasara,-0.1672
11030021,Puri,Pipili,Panidola,-0.2387999999999999
11030013,Puri,Pipili,Poparanga,-0.1854444444444444
11030017,Puri,Pipili,Pubasasan,0.40875
11030024,Puri,Pipili,Ratha Purusottampur,-0.22975
11030005,Puri,Pipili,Rupadeipur,-0.127625
11030015,Puri,Pipili,"Sahajapur,Hq.-Suhagapur",0.0553999999999999
11030020,Puri,Pipili,Sampur,0.0011428571428571
11030002,Puri,Pipili,Saraswatipur,-0.35125
11030003,Puri,Pipili,Teisipur,0.077
11040001,Puri,Puri Sadar,Baliguali,0.6618333333333334
11040010,Puri,Puri Sadar,Balipada,-0.1546666666666666
11040009,Puri,Puri Sadar,Baliput,-0.25475
11040018,Puri,Puri Sadar,Basudev Pur,-0.41825
11040028,Puri,Puri Sadar,Beladal,-0.4383846153846154
11040026,Puri,Puri Sadar,Bhailipur,-0.2362222222222222
11040017,Puri,Puri Sadar,Bijaya Rama Ch. Pur,-0.385
11040014,Puri,Puri Sadar,Bira Narasinghpur,0.0528571428571428
11040019,Puri,Puri Sadar,Birabalabhadrapur,0.0511666666666666
11040002,Puri,Puri Sadar,Biraharekrishnapur,-0.1059999999999999
11040011,Puri,Puri Sadar,Birapratappur,-0.0445
11040008,Puri,Puri Sadar,Chalisibatia,-0.2798181818181818
11040012,Puri,Puri Sadar,Chandanpur,0.2456666666666666
11040022,Puri,Puri Sadar,Gadamurgasira,-0.4929
11040029,Puri,Puri Sadar,Ganganarayanpur,0.0345
11040003,Puri,Puri Sadar,Gopinathpur,0.52325
11040015,Puri,Puri Sadar,Goudakera,-0.2118571428571428
11040023,Puri,Puri Sadar,Hantuka,-0.3616666666666666
11040020,Puri,Puri Sadar,Jamarasuan,-0.362
11040005,Puri,Puri Sadar,Kanihai Bidyadharpurl,-0.2898888888888888
11040030,Puri,Puri Sadar,Kasiharipur,0.5996666666666667
11040006,Puri,Puri Sadar,Kerandipur,-0.4035999999999999
11040007,Puri,Puri Sadar,Malatipata Pur,0.1108333333333333
11040013,Puri,Puri Sadar,Pratap Purusottampur,-0.2976666666666667
11040024,Puri,Puri Sadar,Pratap Rama Ch. Pur,-0.202
11040021,Puri,Puri Sadar,Raigorada,-0.277
11040016,Puri,Puri Sadar,"Samanga,H.Q.-Koilanada",0.2856666666666666
11040027,Puri,Puri Sadar,Samangara,-0.29
11040004,Puri,Puri Sadar,Sasana Damodarpur,-0.0496363636363636
11040025,Puri,Puri Sadar,Talajanga,-0.16275
11070008,Puri,Satyabadi,Alagum,-0.4791428571428571
11070023,Puri,Satyabadi,Alisha,-0.2508333333333333
11070012,Puri,Satyabadi,Balapur,-0.1842857142857143
11070015,Puri,Satyabadi,Balarampurgarh,-0.266375
11070022,Puri,Satyabadi,Bidyadharpur,-0.20475
11070010,Puri,Satyabadi,Biraram Ch. Pur,0.1085
11070002,Puri,Satyabadi,Biswanathpur,-0.1446249999999999
11070016,Puri,Satyabadi,Dasabidyadharpur,-0.4064
11070017,Puri,Satyabadi,Dugal,0.0025714285714285
11070018,Puri,Satyabadi,Jeyapur,0.26275
11070011,Puri,Satyabadi,Kadua,-0.1048333333333333
11070020,Puri,Satyabadi,Ketaki Patana,-0.3082857142857143
11070007,Puri,Satyabadi,Madhuban,-0.4601428571428571
11070014,Puri,Satyabadi,Mahura,-0.2234285714285714
11070001,Puri,Satyabadi,Mula Alasa,0.1325714285714286
11070019,Puri,Satyabadi,Narendrapur,-0.243
11070005,Puri,Satyabadi,Nuasamasarpur,-0.1714
11070021,Puri,Satyabadi,Parajapada,-0.2444285714285714
11070003,Puri,Satyabadi,Pentha Pada,0.27575
11070013,Puri,Satyabadi,Raikhandi,-0.2474999999999999
11070009,Puri,Satyabadi,Sandarasasan,-0.3445
11070024,Puri,Satyabadi,Sarangajodi,-0.2178
11070004,Puri,Satyabadi,Srirama Ch. Pur,0.0351428571428571
11070006,Puri,Satyabadi,Sukal,-0.2736
27010018,Rayagada,Bisamcuttack,Bhatapur,-0.526
27010010,Rayagada,Bisamcuttack,Bisamcuttack,-0.1695555555555555
27010005,Rayagada,Bisamcuttack,Bithiapada,-0.5105263157894736
27010016,Rayagada,Bisamcuttack,Chancharaguda,-0.3825
27010007,Rayagada,Bisamcuttack,Chatikana,-0.434
27010021,Rayagada,Bisamcuttack,Doliakuji,-0.4639
27010013,Rayagada,Bisamcuttack,Dukum,-0.486125
27010003,Rayagada,Bisamcuttack,Dumerneli,-0.4653076923076922
27010002,Rayagada,Bisamcuttack,Durgi,-0.4206923076923077
27010017,Rayagada,Bisamcuttack,Hajaridanga,-0.4953333333333333
27010009,Rayagada,Bisamcuttack,Hatamuniguda,-0.3972142857142857
27010011,Rayagada,Bisamcuttack,Jigidi,-0.27875
27010001,Rayagada,Bisamcuttack,Kanabai,-0.3547368421052632
27010006,Rayagada,Bisamcuttack,Kankubadi,-0.3077499999999999
27010004,Rayagada,Bisamcuttack,Kumbhardhamuni,-0.4247272727272727
27010008,Rayagada,Bisamcuttack,Kuruli,-0.5077222222222222
27010015,Rayagada,Bisamcuttack,Kuturagad,-0.3768823529411764
27010014,Rayagada,Bisamcuttack,Paikadakalguda,-0.4659166666666667
27010020,Rayagada,Bisamcuttack,Rasikola,-0.4931999999999999
27010012,Rayagada,Bisamcuttack,Sahada,-0.4527647058823529
27010019,Rayagada,Bisamcuttack,Thuapado,-0.4543999999999999
27060006,Rayagada,Chandrapur,Bijapur,-0.4931111111111111
27060004,Rayagada,Chandrapur,Budubali,-0.49388
27060005,Rayagada,Chandrapur,Chandrapur,-0.542
27060003,Rayagada,Chandrapur,Dangasorada,-0.43592
27060002,Rayagada,Chandrapur,Hanumantapur,-0.4676451612903226
27060001,Rayagada,Chandrapur,Piskapanga,-0.5102916666666667
27060008,Rayagada,Chandrapur,Sarikima,-0.4796923076923077
27060007,Rayagada,Chandrapur,Turiguda,-0.4901333333333333
27050004,Rayagada,Gudari,Asada,-0.3492222222222222
27050005,Rayagada,Gudari,Kadama,-0.4391666666666667
27050009,Rayagada,Gudari,Karlaghati,-0.5157200000000001
27050007,Rayagada,Gudari,Khariguda,-0.4464705882352941
27050003,Rayagada,Gudari,Madhuban,-0.4790322580645161
27050002,Rayagada,Gudari,Metukhilingirai,-0.2595
27050008,Rayagada,Gudari,Pendili,-0.5228947368421053
27050001,Rayagada,Gudari,Sanahuma,-0.1251818181818181
27050006,Rayagada,Gudari,Siriguda,-0.4465714285714285
27020019,Rayagada,Gunupur,Abada,-0.515
27020017,Rayagada,Gunupur,Bagasola,-0.1638181818181818
27020010,Rayagada,Gunupur,Bhimpur,-0.5376875
27020013,Rayagada,Gunupur,Chalkamba,-0.2324285714285714
27020006,Rayagada,Gunupur,Chinasari,-0.4695263157894736
27020016,Rayagada,Gunupur,Dambasora,-0.3252727272727272
27020004,Rayagada,Gunupur,Gadiakhala,-0.196
27020015,Rayagada,Gunupur,Ghantari,-0.3314615384615385
27020002,Rayagada,Gunupur,Gothalapadara,-0.46395
27020003,Rayagada,Gunupur,Jagannathapur,-0.2837857142857142
27020012,Rayagada,Gunupur,Jalatar,-0.4527058823529412
27020007,Rayagada,Gunupur,Kulusingi,-0.5191052631578947
27020001,Rayagada,Gunupur,Morama,-0.5375454545454545
27020008,Rayagada,Gunupur,Putasing,-0.4644
27020005,Rayagada,Gunupur,Regeda,-0.24
27020009,Rayagada,Gunupur,Sagada,-0.4361111111111111
27020014,Rayagada,Gunupur,Sirijholi,-0.2203333333333333
27020018,Rayagada,Gunupur,Titimeri,-0.4027333333333333
27020011,Rayagada,Gunupur,Tolana,-0.5191176470588235
27070003,Rayagada,K.Singpur,Budaguda,-0.4144615384615384
27070010,Rayagada,K.Singpur,Dhamunipanga,-0.4287647058823529
27070011,Rayagada,K.Singpur,Kalyansinghpur,-0.3609230769230769
27070014,Rayagada,K.Singpur,Kandhakatipadu,-0.423
27070008,Rayagada,K.Singpur,Karapa,-0.4606842105263158
27070004,Rayagada,K.Singpur,Majhiguda,-0.3617777777777777
27070009,Rayagada,K.Singpur,Narayanpur,-0.4171428571428571
27070013,Rayagada,K.Singpur,Parasali,-0.4092631578947368
27070005,Rayagada,K.Singpur,Polama,-0.4671052631578947
27070007,Rayagada,K.Singpur,Pujhariguda,-0.3489090909090909
27070001,Rayagada,K.Singpur,Seriguma,-0.3894615384615384
27070002,Rayagada,K.Singpur,Sikarpai,-0.3814117647058823
27070012,Rayagada,K.Singpur,Singari,-0.4444444444444444
27070006,Rayagada,K.Singpur,Sunakhandi,-0.4555384615384615
27030017,Rayagada,Kashipur,Adajore,-0.4657666666666667
27030004,Rayagada,Kashipur,Bankamba,-0.4954285714285714
27030014,Rayagada,Kashipur,Chandragiri,-0.3791818181818182
27030006,Rayagada,Kashipur,Dangasil,-0.4516764705882353
27030024,Rayagada,Kashipur,Dudukabahal,-0.2243333333333333
27030010,Rayagada,Kashipur,Godibali,-0.4810384615384615
27030008,Rayagada,Kashipur,Gorakhapur,-0.4144210526315789
27030018,Rayagada,Kashipur,Hadiguda,-0.3204705882352941
27030012,Rayagada,Kashipur,Kashipur,-0.3847272727272727
27030021,Rayagada,Kashipur,Khurigam,-0.4658666666666667
27030007,Rayagada,Kashipur,Kodipari,-0.5135151515151516
27030005,Rayagada,Kashipur,Kucheipadar,-0.3521
27030013,Rayagada,Kashipur,Maikanch,-0.4286521739130435
27030011,Rayagada,Kashipur,Mandibisi,-0.4409230769230769
27030015,Rayagada,Kashipur,Manusugaon,-0.4608695652173913
27030022,Rayagada,Kashipur,Naktiguda,-0.3057999999999999
27030003,Rayagada,Kashipur,Podapadi,-0.3118181818181817
27030019,Rayagada,Kashipur,Renga,-0.5126000000000001
27030001,Rayagada,Kashipur,Sankarada,-0.49675
27030009,Rayagada,Kashipur,Siripai,-0.5627586206896552
27030023,Rayagada,Kashipur,Sundarghati,-0.4166315789473684
27030016,Rayagada,Kashipur,Sunger,-0.459
27030020,Rayagada,Kashipur,Talajhiri,-0.3809090909090908
27030002,Rayagada,Kashipur,Tikiri,-0.209
27080007,Rayagada,Kolnara,Badakhilapadar,-0.5254000000000001
27080004,Rayagada,Kolnara,Bankili,-0.4042857142857143
27080001,Rayagada,Kolnara,Bhoimunda,-0.4217368421052631
27080009,Rayagada,Kolnara,Dandili,0.0823333333333333
27080011,Rayagada,Kolnara,Dumuriguda,-0.3527499999999999
27080010,Rayagada,Kolnara,Godiseskhal,-0.1491428571428571
27080013,Rayagada,Kolnara,Jhoridi,-0.3732857142857143
27080002,Rayagada,Kolnara,Kailashpur,-0.4166666666666667
27080014,Rayagada,Kolnara,Kartikaguda,0.2809999999999999
27080016,Rayagada,Kolnara,Katikana,-0.4455333333333333
27080017,Rayagada,Kolnara,Keliguda,-0.1697894736842105
27080015,Rayagada,Kolnara,Khedapada,-0.3215
27080005,Rayagada,Kolnara,Kolnara,-0.3804210526315789
27080012,Rayagada,Kolnara,Mukundapur,-0.4246428571428571
27080003,Rayagada,Kolnara,Rekhapadar,-0.5443571428571429
27080006,Rayagada,Kolnara,Suri,-0.4523333333333333
27080008,Rayagada,Kolnara,Therubali,-0.1272222222222222
27090004,Rayagada,Muniguda,Agula,-0.3897142857142857
27090009,Rayagada,Muniguda,Amalabhata,-0.1113999999999999
27090008,Rayagada,Muniguda,Ambadolla,-0.3928
27090013,Rayagada,Muniguda,Bhairabagada,-0.1518888888888888
27090016,Rayagada,Muniguda,Dumiriguda,-0.3355333333333333
27090017,Rayagada,Muniguda,Ghamatguda,-0.4068461538461538
27090010,Rayagada,Muniguda,Ichhapur,-0.4058571428571428
27090005,Rayagada,Muniguda,Jagadalpur,-0.4298095238095238
27090002,Rayagada,Muniguda,Kumudabali,-0.3464444444444444
27090007,Rayagada,Muniguda,Laxmipur(Saradhapur),-0.489576923076923
27090001,Rayagada,Muniguda,Muniguda,-0.0041999999999999
27090012,Rayagada,Muniguda,Munikhol,-0.3649565217391304
27090015,Rayagada,Muniguda,Paikaranipinda,-0.181
27090003,Rayagada,Muniguda,Patraguda,-0.1021428571428571
27090011,Rayagada,Muniguda,Raghubari,-0.4027
27090006,Rayagada,Muniguda,Sibapadar,-0.3077142857142857
27090014,Rayagada,Muniguda,Telengapadar,-0.4052222222222222
27100008,Rayagada,Padmapur,Akhusing,-0.2233846153846153
27100012,Rayagada,Padmapur,Derigaon,-0.44125
27100011,Rayagada,Padmapur,Gudiabandha,-0.0371111111111111
27100005,Rayagada,Padmapur,Guluguda,-0.5546428571428572
27100009,Rayagada,Padmapur,Indupur,-0.0451818181818182
27100004,Rayagada,Padmapur,Jatili,-0.3729375
27100003,Rayagada,Padmapur,Khamapadara,-0.2429090909090909
27100001,Rayagada,Padmapur,Khilapadara,-0.095625
27100013,Rayagada,Padmapur,Likitipadar,-0.5626
27100010,Rayagada,Padmapur,Naira,-0.3829285714285714
27100006,Rayagada,Padmapur,Nuagada,-0.5266363636363637
27100002,Rayagada,Padmapur,Padmapur,0.0529999999999999
27100007,Rayagada,Padmapur,Tembaguda,-0.3410769230769231
27110005,Rayagada,Ramnaguda,Bhamini,-0.2192666666666666
27110001,Rayagada,Ramnaguda,Buthingi,-0.3666470588235294
27110008,Rayagada,Ramnaguda,Gogupadu,-0.4925499999999999
27110007,Rayagada,Ramnaguda,Gosenigolmunda,-0.2439375
27110012,Rayagada,Ramnaguda,Gulumunda,-0.114125
27110009,Rayagada,Ramnaguda,Gulunthy,-0.3064375
27110003,Rayagada,Ramnaguda,Kujendri,-0.219
27110002,Rayagada,Ramnaguda,Nilamguda,-0.4115652173913043
27110010,Rayagada,Ramnaguda,Parikhiti,-0.3381052631578947
27110006,Rayagada,Ramnaguda,Penkam,-0.296
27110011,Rayagada,Ramnaguda,Sundidhamuni,-0.3996470588235294
27110004,Rayagada,Ramnaguda,Ukamba,-0.2138181818181818
27040018,Rayagada,Rayagada,Bada Alubadi,-0.4636923076923077
27040019,Rayagada,Rayagada,Badairukubadi,-0.3972352941176471
27040020,Rayagada,Rayagada,Bairagihalwa,-0.3468
27040026,Rayagada,Rayagada,Baisinga,-0.1323571428571428
27040024,Rayagada,Rayagada,Chandili,0.47175
27040017,Rayagada,Rayagada,Dangalodi,-0.4276875
27040028,Rayagada,Rayagada,Dugapadu,-0.3999999999999999
27040004,Rayagada,Rayagada,Gajigam,-0.3823333333333333
27040009,Rayagada,Rayagada,Gumma,-0.4574
27040010,Rayagada,Rayagada,Halwa,-0.0372222222222222
27040002,Rayagada,Rayagada,Hatseskhal,-0.3139166666666667
27040003,Rayagada,Rayagada,Jimidipetta,-0.2781666666666667
27040014,Rayagada,Rayagada,Kampamaligan,-0.236375
27040012,Rayagada,Rayagada,Kamtalpeta,0.0525
27040015,Rayagada,Rayagada,Karabai,-0.5234444444444445
27040023,Rayagada,Rayagada,Karlakona,0.2244
27040013,Rayagada,Rayagada,Katapeta,0.1186
27040001,Rayagada,Rayagada,Kerada,-0.2821666666666667
27040025,Rayagada,Rayagada,Kuli,-0.4613636363636363
27040007,Rayagada,Rayagada,Kumbhikota,-0.4359411764705882
27040008,Rayagada,Rayagada,Kutuli,-0.5686923076923077
27040022,Rayagada,Rayagada,Matikona,-0.3089090909090909
27040016,Rayagada,Rayagada,Mirabali,-0.4270666666666666
27040021,Rayagada,Rayagada,Nikiti,-0.5471999999999999
27040011,Rayagada,Rayagada,Penta,0.0571
27040027,Rayagada,Rayagada,Pipalguda,-0.4189090909090909
27040005,Rayagada,Rayagada,Pitamahal,-0.1501333333333333
27040006,Rayagada,Rayagada,Tadama,-0.3188666666666666
12030004,Sambalpur,Dhanakauda(Sadar),Basantapur,-0.0415384615384615
12030008,Sambalpur,Dhanakauda(Sadar),Bishalkhinda,-0.1894545454545454
12030003,Sambalpur,Dhanakauda(Sadar),Gunderpur,-0.0443636363636363
12037771,Sambalpur,Dhanakauda(Sadar),Hirakud (NAC),0.1827499999999999
12030005,Sambalpur,Dhanakauda(Sadar),Kalamati,0.1965
12030016,Sambalpur,Dhanakauda(Sadar),Kanakhinda,0.0608999999999999
12030002,Sambalpur,Dhanakauda(Sadar),Karadola,-0.1269090909090909
12030007,Sambalpur,Dhanakauda(Sadar),Kilasama,-0.0569411764705882
12037772,Sambalpur,Dhanakauda(Sadar),Sambalpur (M),0.1773999999999999
12030010,Sambalpur,Dhanakauda(Sadar),Shasan,-0.004
12030006,Sambalpur,Dhanakauda(Sadar),Talaba,-0.1056666666666666
12050003,Sambalpur,Govindapur,Babunaktimal,-0.4220714285714286
12050002,Sambalpur,Govindapur,Baunsalaga,-0.2543333333333333
12050010,Sambalpur,Govindapur,Gadaposh,-0.321
12050001,Sambalpur,Govindapur,Govindapur,-0.1908333333333333
12050006,Sambalpur,Govindapur,Jarabaga,-0.4957826086956522
12050013,Sambalpur,Govindapur,Kabaribahal,-0.2757142857142857
12050012,Sambalpur,Govindapur,Keseibahal,-0.3204347826086957
12050011,Sambalpur,Govindapur,Kinabaga,-0.443
12050007,Sambalpur,Govindapur,Kutarimal,-0.243
12050005,Sambalpur,Govindapur,Lariapali,-0.5143125
12050014,Sambalpur,Govindapur,Mahulpali,-0.2135625
12050008,Sambalpur,Govindapur,Pindapathar,-0.1944166666666666
12050015,Sambalpur,Govindapur,Rabaga,-0.536
12050004,Sambalpur,Govindapur,Rangiatikra,-0.47225
12050016,Sambalpur,Govindapur,Sagara,-0.3973076923076923
12050017,Sambalpur,Govindapur,Turei,-0.5009
12050009,Sambalpur,Govindapur,Uchakapat,-0.1926666666666666
12070005,Sambalpur,Jamankira,Badamal,-0.3563125
12070013,Sambalpur,Jamankira,Badarama,-0.3033333333333333
12070007,Sambalpur,Jamankira,Bhojpur,-0.3346666666666667
12070004,Sambalpur,Jamankira,Chakuliabahal,-0.3788823529411764
12070011,Sambalpur,Jamankira,Dhudipali,-0.4063
12070015,Sambalpur,Jamankira,Dimirimunda,-0.3510555555555555
12070016,Sambalpur,Jamankira,Gunduruchuan,-0.3088235294117647
12070008,Sambalpur,Jamankira,Jamankira,-0.1711538461538461
12070018,Sambalpur,Jamankira,Kasada,-0.1900909090909091
12070006,Sambalpur,Jamankira,Katangapani,-0.3323157894736842
12070014,Sambalpur,Jamankira,Kenadhipa,-0.3993
12070019,Sambalpur,Jamankira,Kharsalamal,-0.1877272727272727
12070001,Sambalpur,Jamankira,Kulundi,-0.2358888888888888
12070020,Sambalpur,Jamankira,Mahada,-0.3378888888888889
12070002,Sambalpur,Jamankira,Mundenpali,-0.3333333333333333
12070003,Sambalpur,Jamankira,Phashimal,-0.3277894736842105
12070009,Sambalpur,Jamankira,Sarada,-0.482875
12070021,Sambalpur,Jamankira,Siridi,-0.4329285714285714
12070012,Sambalpur,Jamankira,Subernapali,-0.3106153846153846
12070017,Sambalpur,Jamankira,Tikiba,-0.3469166666666667
12070010,Sambalpur,Jamankira,Tikilipada,-0.3458333333333333
12080003,Sambalpur,Jujumura,Baham,-0.1536923076923076
12080013,Sambalpur,Jujumura,Birasingada,-0.3215
12080014,Sambalpur,Jujumura,Chhamunda,-0.4399285714285714
12080004,Sambalpur,Jujumura,Dangarpada,-0.3072142857142857
12080009,Sambalpur,Jujumura,Gadaloisingh,-0.5614
12080008,Sambalpur,Jujumura,Ghenupali,-0.2156153846153846
12080007,Sambalpur,Jujumura,Jayantapur,0.1916666666666666
12080016,Sambalpur,Jujumura,Jhankerpali,-0.1102
12080011,Sambalpur,Jujumura,Jujumura,-0.3017272727272727
12080017,Sambalpur,Jujumura,Kabarapali,0.0153846153846153
12080012,Sambalpur,Jujumura,Kansar,-0.4037499999999999
12080002,Sambalpur,Jujumura,Kayakuda,-0.3282666666666666
12080010,Sambalpur,Jujumura,Keshapali,-0.5197333333333334
12080006,Sambalpur,Jujumura,Kukudapali,-0.1882142857142857
12080001,Sambalpur,Jujumura,Lipinda,-0.5126153846153846
12080018,Sambalpur,Jujumura,Meghapal,-0.4293076923076923
12080015,Sambalpur,Jujumura,Nuabarangamal,-0.3219333333333333
12080005,Sambalpur,Jujumura,Tamphargada,-0.3451904761904761
12010016,Sambalpur,Kuchinda,Ardabahal,-0.2841818181818181
12010013,Sambalpur,Kuchinda,Banke,-0.4774166666666666
12010012,Sambalpur,Kuchinda,Bauriguda,-0.3948333333333333
12010011,Sambalpur,Kuchinda,Baxma,-0.2722
12010015,Sambalpur,Kuchinda,Chandinimal,-0.3055
12010007,Sambalpur,Kuchinda,Gochhara,-0.3740666666666666
12010002,Sambalpur,Kuchinda,Hadipali,-0.1273333333333333
12010006,Sambalpur,Kuchinda,Jamankira,-0.2920714285714285
12010017,Sambalpur,Kuchinda,Khandakota,-0.1853749999999999
12010003,Sambalpur,Kuchinda,Kudapara,-0.2899166666666666
12010008,Sambalpur,Kuchinda,Kuntara,-0.3490588235294117
12010009,Sambalpur,Kuchinda,Kusumi,-0.36775
12010004,Sambalpur,Kuchinda,Kuturachuan,-0.2029090909090909
12010001,Sambalpur,Kuchinda,Paruabhadi,-0.251
12010010,Sambalpur,Kuchinda,Salhebhadi,-0.40225
12010014,Sambalpur,Kuchinda,Tainshara,-0.4589090909090909
12010005,Sambalpur,Kuchinda,Telitileimal,-0.3241739130434782
12090017,Sambalpur,Maneswar,Baduapali,-0.372375
12090007,Sambalpur,Maneswar,Baragaon,-0.1147272727272727
12090009,Sambalpur,Maneswar,Batemura,0.0571666666666666
12090016,Sambalpur,Maneswar,Bhikampur,-0.1694166666666666
12090002,Sambalpur,Maneswar,Dakara,-0.2956249999999999
12090005,Sambalpur,Maneswar,Deogaon,-0.0628947368421052
12090004,Sambalpur,Maneswar,Dhama,0.0026249999999999
12090003,Sambalpur,Maneswar,Huma(Bhairapali),-0.0778888888888889
12090014,Sambalpur,Maneswar,Nuatihura,-0.3353333333333333
12090015,Sambalpur,Maneswar,Paramanapur,-0.11
12090008,Sambalpur,Maneswar,Sahasapur,-0.1048181818181818
12090013,Sambalpur,Maneswar,Tabala,-0.0725714285714285
12060002,Sambalpur,Naktideul,Balam,-0.4751
12060005,Sambalpur,Naktideul,Batagaon,-0.3848823529411764
12060009,Sambalpur,Naktideul,Daincha,-0.3423913043478261
12060010,Sambalpur,Naktideul,Ghosharamal,-0.4782857142857143
12060008,Sambalpur,Naktideul,Girischandrapur,-0.3141666666666666
12060014,Sambalpur,Naktideul,Gogua,-0.3299999999999999
12060011,Sambalpur,Naktideul,Jamjori,-0.455
12060007,Sambalpur,Naktideul,Kisinda,-0.3171764705882353
12060001,Sambalpur,Naktideul,Naktideul,-0.1195714285714285
12060006,Sambalpur,Naktideul,Panimura,-0.474875
12060013,Sambalpur,Naktideul,Sahebi,-0.351875
12060004,Sambalpur,Naktideul,Sahlebhata,-0.4346785714285714
12060003,Sambalpur,Naktideul,Sarapali,-0.3417142857142857
12060012,Sambalpur,Naktideul,Shimulipal,-0.4542307692307692
12020007,Sambalpur,Rairakhola,Badabahal,-0.3589375
12020008,Sambalpur,Rairakhola,Badamal,-0.3979285714285714
12020012,Sambalpur,Rairakhola,Bansajal,-0.3912222222222222
12020014,Sambalpur,Rairakhola,Bhaliakata,-0.39635
12020003,Sambalpur,Rairakhola,Bharatpur,-0.470125
12020001,Sambalpur,Rairakhola,Buruda,-0.429
12020011,Sambalpur,Rairakhola,Charmal,-0.4142777777777777
12020013,Sambalpur,Rairakhola,Gadgadbahal,-0.4631304347826087
12020005,Sambalpur,Rairakhola,Kadaligarh,-0.2170714285714285
12020006,Sambalpur,Rairakhola,Kukudabahali,-0.3505
12020004,Sambalpur,Rairakhola,Luhapanka,-0.2018636363636363
12020010,Sambalpur,Rairakhola,Mochibahal,-0.32125
12020009,Sambalpur,Rairakhola,Rengali,-0.4833571428571429
12020002,Sambalpur,Rairakhola,Tribenipur,-0.4168148148148148
12040002,Sambalpur,Rengali,Bamaloe,-0.0165714285714285
12040003,Sambalpur,Rengali,Ghichamura,-0.197235294117647
12040014,Sambalpur,Rengali,Jangala,0.009090909090909
12040001,Sambalpur,Rengali,Jhankerpali,-0.1739411764705882
12040007,Sambalpur,Rengali,Katarbaga,-0.0359333333333333
12040006,Sambalpur,Rengali,Khinda,-0.2012999999999999
12040008,Sambalpur,Rengali,Kinaloe,-0.3404166666666666
12040004,Sambalpur,Rengali,Laida,-0.3065
12040009,Sambalpur,Rengali,Lapanga,0.0813571428571428
12040013,Sambalpur,Rengali,Nishanbhanga,0.1008333333333333
12040010,Sambalpur,Rengali,Rengali,0.234875
12040015,Sambalpur,Rengali,Rengaloi,-0.3316666666666667
12040005,Sambalpur,Rengali,Salat,-0.060076923076923
12040012,Sambalpur,Rengali,Tabadabahal,-0.1225555555555555
12040011,Sambalpur,Rengali,Tampharkela,-0.3769999999999999
12040016,Sambalpur,Rengali,Thelkoloi,0.114875
23040007,Sonepur,Binika,Babupali,-0.1620909090909091
23040001,Sonepur,Binika,Bankigiridi,-0.3584
23040003,Sonepur,Binika,Baunsuni,-0.337125
23040008,Sonepur,Binika,Bhandar,-0.2278571428571428
23040012,Sonepur,Binika,Charada,-0.259
23040009,Sonepur,Binika,Julunda,-0.1511111111111111
23040014,Sonepur,Binika,Kaintara,-0.3318
23040016,Sonepur,Binika,Kuhibahal,-0.2664285714285714
23040002,Sonepur,Binika,Mahada,-0.502125
23040010,Sonepur,Binika,Mahadebpali,-0.2460999999999999
23040015,Sonepur,Binika,Meghala,-0.2405
23040013,Sonepur,Binika,Sankara,-0.3112857142857143
23040011,Sonepur,Binika,Seledi,-0.1964444444444444
23040004,Sonepur,Binika,Silati,-0.2655
23040006,Sonepur,Binika,Sindhurpur,-0.2884545454545454
23040005,Sonepur,Binika,Singhijuba,-0.1988823529411764
23030004,Sonepur,Birmaharajpur,Bagbar,-0.2012
23030007,Sonepur,Birmaharajpur,Bahalpadar,-0.40935
23030014,Sonepur,Birmaharajpur,Champamal,0.0625
23030011,Sonepur,Birmaharajpur,Durjantaila,-0.4916923076923077
23030002,Sonepur,Birmaharajpur,Hilung,-0.2294285714285714
23030003,Sonepur,Birmaharajpur,Jatesingha,-0.4837499999999999
23030012,Sonepur,Birmaharajpur,Kamira,-0.3253749999999999
23030009,Sonepur,Birmaharajpur,Kenjariapali,-0.4833888888888889
23030010,Sonepur,Birmaharajpur,Khandahata,-0.34035
23030013,Sonepur,Birmaharajpur,Lutharpanka,-0.2971666666666666
23030006,Sonepur,Birmaharajpur,Mursundhi,-0.4051333333333333
23030008,Sonepur,Birmaharajpur,Pitamahul,-0.33445
23030015,Sonepur,Birmaharajpur,Sangrampur,-0.3256
23030005,Sonepur,Birmaharajpur,Subalaya,-0.2638684210526316
23030001,Sonepur,Birmaharajpur,Uphula,-0.061090909090909
23020020,Sonepur,Dunguripali,Andharibanjhi,-0.3088888888888889
23020015,Sonepur,Dunguripali,Badakarle,-0.089125
23020023,Sonepur,Dunguripali,Baidupali,0.267
23020025,Sonepur,Dunguripali,Bandhapali,-0.1486666666666666
23020014,Sonepur,Dunguripali,Bankipali,-0.187
23020006,Sonepur,Dunguripali,Beheramal,-0.1751428571428571
23020016,Sonepur,Dunguripali,Bhimatikira,-0.1351666666666666
23020004,Sonepur,Dunguripali,Cherupali,0.2844
23020010,Sonepur,Dunguripali,Chinajuri,-0.002
23020002,Sonepur,Dunguripali,Digsira,-0.2463333333333333
23020001,Sonepur,Dunguripali,Dunguripali,-0.010625
23020009,Sonepur,Dunguripali,Gajabandha,-0.2331
23020005,Sonepur,Dunguripali,Ichhapur,-0.1001428571428571
23020024,Sonepur,Dunguripali,Kapasira,-0.1086666666666666
23020026,Sonepur,Dunguripali,Karlajuri,-0.152
23020019,Sonepur,Dunguripali,Lingamarini,-0.207
23020007,Sonepur,Dunguripali,Mayabarha,-0.0599999999999999
23020022,Sonepur,Dunguripali,Pandkital-Naikpali,0.0225555555555555
23020008,Sonepur,Dunguripali,Ramapur,0.0665714285714285
23020017,Sonepur,Dunguripali,Sahala,0.0498888888888888
23020013,Sonepur,Dunguripali,Samalaichuan,-0.1425833333333333
23020011,Sonepur,Dunguripali,Sargul,0.0755
23020003,Sonepur,Dunguripali,Sukha,0.0078571428571428
23020018,Sonepur,Dunguripali,Sunapali,0.0657142857142857
23020012,Sonepur,Dunguripali,Tamamura,-0.1016666666666666
23020021,Sonepur,Dunguripali,Tangarkarley,-0.090625
23010008,Sonepur,Sonepur,Baladi,-0.1327272727272727
23010005,Sonepur,Sonepur,Bisimunda,-0.069
23010013,Sonepur,Sonepur,Chhakormal,-0.2755555555555555
23010012,Sonepur,Sonepur,Haradakhola,-0.1598125
23010014,Sonepur,Sonepur,Janmura,-0.1929999999999999
23010010,Sonepur,Sonepur,Kalapathara,-0.17468
23010001,Sonepur,Sonepur,Khaliapali,-0.3594615384615384
23010007,Sonepur,Sonepur,Khari,-0.0005
23010006,Sonepur,Sonepur,Kharjhura,-0.1252
23010011,Sonepur,Sonepur,Lachhipur,-0.2625454545454545
23010004,Sonepur,Sonepur,Malikamunda,-0.0646666666666666
23010002,Sonepur,Sonepur,Mayurudan,-0.22
23010009,Sonepur,Sonepur,Narayanpur,-0.1859166666666666
23010003,Sonepur,Sonepur,Rengali,-0.3213684210526316
23050001,Sonepur,Tarava,Badabhainro,-0.1557272727272727
23050018,Sonepur,Tarava,Baghia,-0.182875
23050011,Sonepur,Tarava,Balikhamar,-0.4287777777777777
23050008,Sonepur,Tarava,Brahmani,-0.1934444444444444
23050010,Sonepur,Tarava,Charbhata,-0.2673076923076923
23050013,Sonepur,Tarava,Deulapadar,-0.1605
23050016,Sonepur,Tarava,Dubula,-0.239375
23050020,Sonepur,Tarava,Jarajaring,-0.046
23050003,Sonepur,Tarava,Jhartarava,-0.036
23050012,Sonepur,Tarava,Kamasara,-0.2926
23050002,Sonepur,Tarava,Katapali,-0.17275
23050017,Sonepur,Tarava,Kumbharmunda,-0.305375
23050007,Sonepur,Tarava,Maraduguchha,-0.3536
23050005,Sonepur,Tarava,Menda,-0.229625
23050019,Sonepur,Tarava,Paikabahal,-0.2894285714285715
23050015,Sonepur,Tarava,Pua,-0.1531
23050004,Sonepur,Tarava,Ranisarda,-0.337
23050006,Sonepur,Tarava,Saragaja,-0.1673333333333333
23050014,Sonepur,Tarava,Sibatula,-0.05725
23050009,Sonepur,Tarava,Singhari,-0.2521666666666666
23050021,Sonepur,Tarava,Tullunda,-0.18275
23060009,Sonepur,Ullunda,Bisipada,-0.3505833333333333
23060005,Sonepur,Ullunda,Chadheipanka,-0.245175
23060003,Sonepur,Ullunda,Jaloi,-0.282
23060016,Sonepur,Ullunda,Jaunravaunra,-0.5109375
23060015,Sonepur,Ullunda,Kadodar,-0.4771999999999999
23060004,Sonepur,Ullunda,Kalapathar,-0.3063571428571428
23060013,Sonepur,Ullunda,Khemalay,-0.4648181818181818
23060007,Sonepur,Ullunda,Kotasamalai,-0.4633157894736842
23060017,Sonepur,Ullunda,Lastala,-0.2896666666666667
23060008,Sonepur,Ullunda,Mahada,-0.2327142857142857
23060014,Sonepur,Ullunda,Mundghat,-0.060125
23060010,Sonepur,Ullunda,Nimana,-0.4538333333333333
23060011,Sonepur,Ullunda,Panchamahala,-0.4596999999999999
23060006,Sonepur,Ullunda,Patrapali,-0.2900714285714286
23060002,Sonepur,Ullunda,Raxa,-0.1343333333333333
23060012,Sonepur,Ullunda,Sindhol,-0.0581428571428571
23060001,Sonepur,Ullunda,Ullunda,-0.2809999999999999
13130003,Sundargarh,Badagaon,Badagaon,-0.2018888888888889
13130015,Sundargarh,Badagaon,Bamdera,-0.4601333333333333
13130007,Sundargarh,Badagaon,Barangakachhar,-0.3758461538461538
13130011,Sundargarh,Badagaon,Bhoipali,-0.2036153846153846
13130012,Sundargarh,Badagaon,Dandajamera,-0.3666666666666667
13130009,Sundargarh,Badagaon,Ekama,-0.2753333333333334
13130002,Sundargarh,Badagaon,Itima,-0.4051428571428571
13130001,Sundargarh,Badagaon,Jarangaloi,-0.3502857142857142
13130013,Sundargarh,Badagaon,Pamara,-0.2261538461538461
13130004,Sundargarh,Badagaon,Phulabari,-0.2207333333333333
13130008,Sundargarh,Badagaon,Runugaon,-0.4943846153846154
13130006,Sundargarh,Badagaon,Sahajabahal,-0.3354210526315789
13130010,Sundargarh,Badagaon,Tikilipada,-0.2461818181818182
13130014,Sundargarh,Badagaon,Timana,-0.3168888888888889
13130005,Sundargarh,Badagaon,Tudalaga,-0.2505454545454545
13080007,Sundargarh,Balisankara,Balisankara,-0.1834285714285714
13080011,Sundargarh,Balisankara,Banadega,-0.2557777777777777
13080006,Sundargarh,Balisankara,Bandhabahal,-0.2808
13080019,Sundargarh,Balisankara,Beheradihi,-0.3830769230769231
13080003,Sundargarh,Balisankara,Birkaldiha,-0.4174615384615385
13080012,Sundargarh,Balisankara,Deobhubanpur,-0.3757272727272727
13080018,Sundargarh,Balisankara,Dhubendand,-0.490111111111111
13080013,Sundargarh,Balisankara,Karuabahal,-0.3626363636363636
13080002,Sundargarh,Balisankara,Kinjirakela,-0.2223846153846153
13080017,Sundargarh,Balisankara,Kurei,-0.1973636363636363
13080004,Sundargarh,Balisankara,Kusumara,-0.3330769230769231
13080016,Sundargarh,Balisankara,Lulukidihi,-0.4165
13080009,Sundargarh,Balisankara,Ramapur,-0.1616666666666666
13080010,Sundargarh,Balisankara,Sagabahal,-0.322235294117647
13080015,Sundargarh,Balisankara,Sahanamara,-0.0304444444444444
13080008,Sundargarh,Balisankara,Talasara,-0.34084
13080014,Sundargarh,Balisankara,Tildega,-0.3239333333333333
13080001,Sundargarh,Balisankara,Tileikani,-0.448625
13080005,Sundargarh,Balisankara,Tumulia,-0.2633333333333333
13010012,Sundargarh,Baneigarh,Badagagua,-0.284875
13010010,Sundargarh,Baneigarh,Bhalupani,-0.4305652173913044
13010008,Sundargarh,Baneigarh,Bonaigarh,-0.0495714285714285
13010011,Sundargarh,Baneigarh,Boneikela,-0.35825
13010013,Sundargarh,Baneigarh,Gobindapur,-0.2296153846153846
13010005,Sundargarh,Baneigarh,Jakeikela,-0.27875
13010003,Sundargarh,Baneigarh,Jhiridapali,-0.2008461538461538
13010002,Sundargarh,Baneigarh,Kasada,-0.3454782608695652
13010006,Sundargarh,Baneigarh,Kenabheta,-0.1148571428571428
13010007,Sundargarh,Baneigarh,Kindirikela,-0.0588888888888888
13010009,Sundargarh,Baneigarh,Pithachor,-0.5078235294117647
13010004,Sundargarh,Baneigarh,Ruguda,-0.1607857142857143
13010001,Sundargarh,Baneigarh,Sarasara,-0.2927
13140009,Sundargarh,Bisra,Badabamphua,-0.3587499999999999
13140001,Sundargarh,Bisra,Bandamunda,0.292
13140007,Sundargarh,Bisra,Bhalulata,-0.0457777777777777
13140004,Sundargarh,Bisra,Bishra,-0.0192857142857142
13140012,Sundargarh,Bisra,Dareikela,0.0072499999999999
13140002,Sundargarh,Bisra,Jamasara,0.0867272727272727
13140008,Sundargarh,Bisra,Jareikela,-0.0507142857142857
13140010,Sundargarh,Bisra,Jhiripani,0.5215
13140011,Sundargarh,Bisra,Kaptamunda,0.0429
13140006,Sundargarh,Bisra,Manko,-0.2625
13140003,Sundargarh,Bisra,Santoshpur,0.024
13140014,Sundargarh,Bisra,Tetheiposi,-0.392090909090909
13140013,Sundargarh,Bisra,Tulasikani,-0.1384444444444444
13140005,Sundargarh,Bisra,Udushu,-0.1314
13150006,Sundargarh,Gurundia,Baneikela,-0.651
13150010,Sundargarh,Gurundia,Banki,-0.1199
13150003,Sundargarh,Gurundia,Bhaludunguri,-0.5080689655172413
13150009,Sundargarh,Gurundia,Chandiposh,-0.2961071428571428
13150005,Sundargarh,Gurundia,Gurundia,-0.5385238095238095
13150001,Sundargarh,Gurundia,Jarda,-0.4111904761904761
13150013,Sundargarh,Gurundia,Kuchita,-0.3001333333333333
13150002,Sundargarh,Gurundia,Kundheidiha,-0.5263888888888889
13150004,Sundargarh,Gurundia,Narendra,-0.4409090909090908
13150008,Sundargarh,Gurundia,Pankadihi,-0.504
13150007,Sundargarh,Gurundia,Shol,-0.5568518518518518
13150012,Sundargarh,Gurundia,Tamada,-0.4553199999999999
13150011,Sundargarh,Gurundia,Tamparkela,-0.6188947368421053
13020012,Sundargarh,Hemagiri,Ankelbira,-0.31155
13020007,Sundargarh,Hemagiri,Bailanga,-0.1668
13020015,Sundargarh,Hemagiri,Duduka,-0.235076923076923
13020013,Sundargarh,Hemagiri,Durubaga,-0.4679090909090909
13020010,Sundargarh,Hemagiri,Garjanjore,-0.32125
13020008,Sundargarh,Hemagiri,Gopalpur,-0.1823333333333333
13020003,Sundargarh,Hemagiri,Hemagiri,-0.4633333333333333
13020019,Sundargarh,Hemagiri,Jharpalam,-0.3058181818181818
13020001,Sundargarh,Hemagiri,Julambahal,-0.3863999999999999
13020006,Sundargarh,Hemagiri,Kanaktura,-0.2217894736842105
13020002,Sundargarh,Hemagiri,Kanika,-0.3316363636363637
13020014,Sundargarh,Hemagiri,Kendudihi,-0.4153333333333333
13020018,Sundargarh,Hemagiri,Kuchadega,-0.3108333333333333
13020004,Sundargarh,Hemagiri,Laikera,-0.2795
13020017,Sundargarh,Hemagiri,Mundelkhet,-0.4084444444444444
13020016,Sundargarh,Hemagiri,Samara,-0.2671333333333333
13020005,Sundargarh,Hemagiri,Sanaghumuda,-0.4393571428571428
13020011,Sundargarh,Hemagiri,Taparia,-0.2672
13020009,Sundargarh,Hemagiri,Tumulia,-0.1454166666666666
13100012,Sundargarh,Koira,Bomilagarh,-0.3672727272727272
13100010,Sundargarh,Koira,Choradhara,-0.3693333333333333
13100001,Sundargarh,Koira,Dengula,-0.0506875
13100007,Sundargarh,Koira,Gopana,-0.2350833333333333
13100004,Sundargarh,Koira,Jamudihi,-0.2155833333333333
13100005,Sundargarh,Koira,K.Balanga,-0.4948636363636364
13100009,Sundargarh,Koira,Kalta,0.0241428571428571
13100014,Sundargarh,Koira,Kashira,0.0342222222222222
13100003,Sundargarh,Koira,Koida,0.0037999999999999
13100008,Sundargarh,Koira,Malada,-0.2621904761904762
13100002,Sundargarh,Koira,Patamunda,-0.3096666666666667
13100011,Sundargarh,Koira,Relahatu,-0.4688571428571428
13100015,Sundargarh,Koira,Sanroxi,-0.2890833333333333
13100006,Sundargarh,Koira,Soyamba,-0.4271666666666667
13100013,Sundargarh,Koira,Tenasa,-0.0572857142857142
13090010,Sundargarh,Kuanrmunda,Andali,-0.3879090909090909
13090016,Sundargarh,Kuanrmunda,Andhari,-0.2441666666666666
13090009,Sundargarh,Kuanrmunda,Dalaki,-0.3405454545454545
13090001,Sundargarh,Kuanrmunda,Dumerjore,-0.3376666666666666
13090006,Sundargarh,Kuanrmunda,Jangalbira,-0.2044444444444444
13090017,Sundargarh,Kuanrmunda,Jaydega,-0.3829
13090015,Sundargarh,Kuanrmunda,Jharabeda,-0.2058461538461538
13090008,Sundargarh,Kuanrmunda,Jhurmur,-0.3619375
13090004,Sundargarh,Kuanrmunda,Kacharu,-0.2005
13090007,Sundargarh,Kuanrmunda,Kadobahal,-0.3206923076923077
13090003,Sundargarh,Kuanrmunda,Kalosihiria,-0.116
13090013,Sundargarh,Kuanrmunda,Khukundibahal,-0.4028333333333334
13090002,Sundargarh,Kuanrmunda,Kuanramunda,-0.1326923076923077
13090005,Sundargarh,Kuanrmunda,Kumajharia,-0.2888888888888889
13090019,Sundargarh,Kuanrmunda,Majhapada,-0.4805882352941176
13090012,Sundargarh,Kuanrmunda,Padmapur,-0.0163636363636363
13090020,Sundargarh,Kuanrmunda,Pratappur,-0.4547777777777778
13090014,Sundargarh,Kuanrmunda,Putrikhaman,-0.2850625
13090011,Sundargarh,Kuanrmunda,Raibaga,-0.3482142857142857
13097771,Sundargarh,Kuanrmunda,Rourkela (MC),0.6618571428571428
13090018,Sundargarh,Kuanrmunda,Salangabahal,-0.3173
13160005,Sundargarh,Kutra,Ambagobha,-0.4203684210526315
13160002,Sundargarh,Kutra,Biringtoli,-0.301
13160011,Sundargarh,Kutra,Gangajal,-0.2638
13160016,Sundargarh,Kutra,Gyanapali,-0.3925454545454545
13160014,Sundargarh,Kutra,Jharbeda,-0.1838571428571428
13160004,Sundargarh,Kutra,Katanga,-0.188
13160007,Sundargarh,Kutra,Khatakurbahal,-0.4265555555555556
13160015,Sundargarh,Kutra,Kiringsira,-0.4978333333333333
13160012,Sundargarh,Kutra,Kundeimunda,-0.4372142857142857
13160003,Sundargarh,Kutra,Kutra,-0.4280625
13160008,Sundargarh,Kutra,Nuagaon,-0.4511052631578947
13160006,Sundargarh,Kutra,Panchara,-0.3649444444444444
13160001,Sundargarh,Kutra,Purukhapali,-0.2387142857142856
13160010,Sundargarh,Kutra,Rajabasa,-0.3256363636363636
13160009,Sundargarh,Kutra,Tarkera,-0.4119230769230769
13160013,Sundargarh,Kutra,Tunmura,-0.4434444444444445
13170015,Sundargarh,Lahunipada,Badapurunapani,-0.2386470588235294
13170014,Sundargarh,Lahunipada,Bhutala,-0.3615263157894737
13170011,Sundargarh,Lahunipada,Daleisara,-0.4408181818181818
13170010,Sundargarh,Lahunipada,Darjing,-0.2206
13170002,Sundargarh,Lahunipada,Fuljhar,-0.423578947368421
13170012,Sundargarh,Lahunipada,Haladikudar,-0.356
13170007,Sundargarh,Lahunipada,Kaleiposh,-0.1055833333333333
13170003,Sundargarh,Lahunipada,Khuntagaon,-0.1916153846153846
13170016,Sundargarh,Lahunipada,Kudheikela,-0.1395833333333333
13170004,Sundargarh,Lahunipada,Kuliposh,-0.2016
13170005,Sundargarh,Lahunipada,Kurda,-0.1573333333333333
13170009,Sundargarh,Lahunipada,Lahunipada,-0.0917272727272727
13170001,Sundargarh,Lahunipada,Mahulpada,-0.4709230769230769
13170017,Sundargarh,Lahunipada,Rajamunda,-0.055090909090909
13170008,Sundargarh,Lahunipada,Sankhaposh,-0.2290555555555555
13170006,Sundargarh,Lahunipada,Sashakela,-0.3536
13170013,Sundargarh,Lahunipada,Talbahali,-0.4681499999999999
13180012,Sundargarh,Lathikata,Balanda,-0.1314444444444444
13180019,Sundargarh,Lathikata,Balani,-0.0811111111111111
13180002,Sundargarh,Lathikata,Birida,-0.5105625
13180004,Sundargarh,Lathikata,Birkera,-0.2683846153846154
13180015,Sundargarh,Lathikata,Chikatmati,-0.1205555555555555
13180001,Sundargarh,Lathikata,Dalaki,-0.5466315789473684
13180016,Sundargarh,Lathikata,Garjan,0.1775
13180010,Sundargarh,Lathikata,Hatibandha,0.2245555555555555
13180005,Sundargarh,Lathikata,Jadakudar,-0.2909
13180011,Sundargarh,Lathikata,Jalda,0.6342000000000001
13180014,Sundargarh,Lathikata,Kulunga,0.3045
13180018,Sundargarh,Lathikata,Kulunga(B),0.28225
13180006,Sundargarh,Lathikata,Lathikata,0.142625
13180017,Sundargarh,Lathikata,Lungei,0.0343333333333333
13180009,Sundargarh,Lathikata,Mundajore,-0.2833333333333333
13180008,Sundargarh,Lathikata,Ramajodi,-0.3854375
13180007,Sundargarh,Lathikata,Suidihi,0.2145714285714286
13180003,Sundargarh,Lathikata,Tainsara,-0.423
13070010,Sundargarh,Lephripada,Alapaka,-0.4383749999999999
13070012,Sundargarh,Lephripada,Badabanga,-0.1284444444444444
13070004,Sundargarh,Lephripada,Chhatanpali,-0.1125
13070001,Sundargarh,Lephripada,Darlipali,-0.0016428571428571
13070007,Sundargarh,Lephripada,Dumabahal,-0.3388333333333333
13070006,Sundargarh,Lephripada,Giringkela,-0.31925
13070009,Sundargarh,Lephripada,Gundiadihi,-0.4418333333333333
13070017,Sundargarh,Lephripada,Hurami,-0.4907222222222222
13070013,Sundargarh,Lephripada,Jhurimal,-0.0512307692307692
13070014,Sundargarh,Lephripada,Kulabira,-0.2354285714285714
13070005,Sundargarh,Lephripada,Lephripada,-0.2648749999999999
13070016,Sundargarh,Lephripada,Masabira,-0.4556428571428571
13070011,Sundargarh,Lephripada,Raibaga,-0.056
13070002,Sundargarh,Lephripada,Raidihi,-0.0814705882352941
13070015,Sundargarh,Lephripada,Rajbahal,-0.3971904761904762
13070008,Sundargarh,Lephripada,Sarapagada,-0.4487727272727273
13070003,Sundargarh,Lephripada,Sargipali,-0.0504444444444444
13060015,Sundargarh,Nuagaon,Ankurapali,-0.3129411764705883
13060013,Sundargarh,Nuagaon,Badajojoda,-0.4768181818181818
13060002,Sundargarh,Nuagaon,Bagadega,-0.5341818181818182
13060003,Sundargarh,Nuagaon,Barilepta,-0.4896875
13060014,Sundargarh,Nuagaon,Chitapedi,-0.4768666666666667
13060006,Sundargarh,Nuagaon,Hatibari,-0.306875
13060018,Sundargarh,Nuagaon,Jhartoli,-0.2215
13060005,Sundargarh,Nuagaon,Kandarkela,-0.3916923076923077
13060019,Sundargarh,Nuagaon,Kardega,-0.3884444444444444
13060007,Sundargarh,Nuagaon,Karkatnasa,-0.3206363636363636
13060001,Sundargarh,Nuagaon,Khuntagaon,-0.2682941176470588
13060008,Sundargarh,Nuagaon,Koerama,-0.3671
13060004,Sundargarh,Nuagaon,Limida,-0.3472777777777778
13060011,Sundargarh,Nuagaon,Lukumbeda,-0.3860833333333333
13060017,Sundargarh,Nuagaon,Minimina,-0.3441111111111111
13060010,Sundargarh,Nuagaon,Nuagaon,-0.3861111111111111
13060009,Sundargarh,Nuagaon,Purunapani,-0.267375
13060012,Sundargarh,Nuagaon,Suruda,-0.4403636363636364
13060016,Sundargarh,Nuagaon,Teterkela,-0.2943333333333333
13060020,Sundargarh,Nuagaon,Urmei,-0.4001249999999999
13040008,Sundargarh,Rajagangapur,Alanda,-0.3344999999999999
13040011,Sundargarh,Rajagangapur,Buchukupada,-0.5657142857142857
13040010,Sundargarh,Rajagangapur,Budhamba,-0.433375
13040018,Sundargarh,Rajagangapur,Chhatamba,-0.4716666666666667
13040005,Sundargarh,Rajagangapur,Chungimati,0.0474545454545454
13040019,Sundargarh,Rajagangapur,Dheluan,0.0167857142857142
13040014,Sundargarh,Rajagangapur,Garvana,-0.0041999999999999
13040001,Sundargarh,Rajagangapur,Jareikela,-0.4376666666666666
13040017,Sundargarh,Rajagangapur,Jaurumal,-0.1021428571428571
13040015,Sundargarh,Rajagangapur,Jhagarpur,-0.0183333333333333
13040007,Sundargarh,Rajagangapur,Keshramal,-0.1418
13040009,Sundargarh,Rajagangapur,Kukuda,-0.3263846153846154
13040013,Sundargarh,Rajagangapur,Kukudamunda,-0.3915
13040012,Sundargarh,Rajagangapur,Kunumura,-0.0475833333333333
13040003,Sundargarh,Rajagangapur,Kutunia,-0.3212941176470588
13040006,Sundargarh,Rajagangapur,Laing,-0.0818888888888889
13040002,Sundargarh,Rajagangapur,Malidihi,-0.2862272727272727
13040004,Sundargarh,Rajagangapur,Panposh,-0.13725
13040016,Sundargarh,Rajagangapur,Raikakachar,-0.368
13040020,Sundargarh,Rajagangapur,Sagjore,-0.0842499999999999
13110014,Sundargarh,Subdega,Damekuda,-0.2556666666666666
13110011,Sundargarh,Subdega,Deogaon,-0.5903
13110002,Sundargarh,Subdega,Hamirpur,-0.3591875
13110013,Sundargarh,Subdega,Jaisore,-0.1626
13110005,Sundargarh,Subdega,Jamuna,-0.2398333333333333
13110001,Sundargarh,Subdega,Karamdiha,-0.2428823529411764
13110008,Sundargarh,Subdega,Kiralaga,-0.4446875
13110004,Sundargarh,Subdega,Kukuridiha,-0.2963636363636363
13110012,Sundargarh,Subdega,Kulba,-0.386
13110007,Sundargarh,Subdega,Kurumkel,-0.4521818181818182
13110003,Sundargarh,Subdega,Rajapur,-0.1126923076923076
13110010,Sundargarh,Subdega,Subalaya,-0.0390833333333333
13110006,Sundargarh,Subdega,Subdega,-0.1616363636363636
13110009,Sundargarh,Subdega,Tangargaon,-0.5326111111111111
13050011,Sundargarh,Sundargarh,Baragad,-0.2951538461538461
13050002,Sundargarh,Sundargarh,Bhasma,-0.2009
13050008,Sundargarh,Sundargarh,Bhedabahal,-0.16
13050006,Sundargarh,Sundargarh,Birbira,-0.3718181818181818
13050010,Sundargarh,Sundargarh,Deuli,-0.132
13050013,Sundargarh,Sundargarh,Karla,-0.1497272727272727
13050003,Sundargarh,Sundargarh,Kinjirma,-0.3459230769230769
13050016,Sundargarh,Sundargarh,Kirei,0.0439285714285714
13050005,Sundargarh,Sundargarh,Kulata,-0.2848124999999999
13050001,Sundargarh,Sundargarh,Kundukela,-0.0113333333333333
13050007,Sundargarh,Sundargarh,Lahandabud,-0.3826470588235294
13050009,Sundargarh,Sundargarh,Lankahuda,0.0702222222222222
13050012,Sundargarh,Sundargarh,Ledimang,-0.1759230769230769
13050004,Sundargarh,Sundargarh,Majhapada,-0.2727142857142857
13050015,Sundargarh,Sundargarh,Masunikani,-0.2392727272727272
13050014,Sundargarh,Sundargarh,Salepali,-0.3064285714285714
13120012,Sundargarh,Tangarpali,Gambharidihi,-0.3274375
13120009,Sundargarh,Tangarpali,Jogimal,-0.193375
13120010,Sundargarh,Tangarpali,Kiripsira,-0.2566666666666666
13120005,Sundargarh,Tangarpali,Mahulpali,0.1007333333333333
13120001,Sundargarh,Tangarpali,Mangaspur,-0.1918571428571428
13120011,Sundargarh,Tangarpali,Meghadega,-0.433
13120002,Sundargarh,Tangarpali,Nialipali,-0.3181111111111111
13120006,Sundargarh,Tangarpali,Ratanapur,0.0959
13120008,Sundargarh,Tangarpali,Remanda,-0.1814
13120007,Sundargarh,Tangarpali,Sanpatrapali,-0.3654615384615385
13120003,Sundargarh,Tangarpali,Tangarpali,0.0539230769230769
13120013,Sundargarh,Tangarpali,Tasladihi,-0.069
13120004,Sundargarh,Tangarpali,Ujalpur,-0.0321538461538461
